T_Gyr,deriveeP_initial
1e-06,-0.015045524271375798
1.0082653707596288e-06,-0.015160503618634014
1.0165990578730536e-06,-0.015276355837083096
1.0250016260002637e-06,-0.015393087458097483
1.0334736444683805e-06,-0.015510705104969325
1.0420156873102165e-06,-0.015629215454603163
1.0506283333031869e-06,-0.015748625238396412
1.0593121660085085e-06,-0.01586894124310367
1.0680677738107544e-06,-0.01599017027498328
1.0768957499577138e-06,-0.0161123191985384
1.0857966926005827e-06,-0.016235394937312547
1.0947712048345073e-06,-0.016359404474671907
1.10381989473943e-06,-0.016484354854574137
1.1129433754213081e-06,-0.016610253147101867
1.1221422650536379e-06,-0.016737106485584522
1.131417186919358e-06,-0.01686492203265919
1.140768769453063e-06,-0.016993707085479533
1.150197646283598e-06,-0.017123468869069056
1.1597044562769867e-06,-0.01725421477922805
1.1692898435797096e-06,-0.017385952211345805
1.1789544576623666e-06,-0.01751868859705709
1.188698953363663e-06,-0.017652431472163947
1.198523990934799e-06,-0.017787188443148267
1.208430236084185e-06,-0.017922967057998857
1.2184183600225666e-06,-0.018059775069500232
1.2284890395084943e-06,-0.01819762017516093
1.2386429568941723e-06,-0.018336510181253124
1.2488808001717082e-06,-0.018476452970599366
1.2592032630197092e-06,-0.01861745640966607
1.2696110448503041e-06,-0.018759528507258625
1.2801048508565115e-06,-0.018902677320535965
1.2906853920600425e-06,-0.019046910865603266
1.3013533853594555e-06,-0.019192237363908272
1.3121095535787494e-06,-0.019338664998635756
1.3229546255163315e-06,-0.019486202038555903
1.3338893359943898e-06,-0.01963485686775341
1.3449144259087011e-06,-0.019784637809876337
1.35603064227881e-06,-0.01993555339464612
1.3672387382986648e-06,-0.020087612066659214
1.3785394733876302e-06,-0.020240822505578942
1.3899336132419625e-06,-0.020395193310289116
1.4014219298866805e-06,-0.02055073317398232
1.4130052017278683e-06,-0.020707450939850287
1.4246842136054362e-06,-0.020865355406406865
1.4364597568462753e-06,-0.021024455497113438
1.448332629317899e-06,-0.021184760178217237
1.4603036354824793e-06,-0.021346278514836184
1.4723735864513788e-06,-0.021509019617854955
1.4845433000400836e-06,-0.02167299264625574
1.4968136008236377e-06,-0.021838206835590093
1.5091853201925033e-06,-0.022004671551088678
1.5216592964088833e-06,-0.02217239613209873
1.5342363746635418e-06,-0.02234139007631815
1.5469174071330446e-06,-0.022511662860328054
1.559703253037526e-06,-0.02268322409564757
1.5725947786988804e-06,-0.022856083452901126
1.5855928575994828e-06,-0.023030250688591363
1.5986983704413652e-06,-0.023205735597051757
1.6119122052058774e-06,-0.023382548062073336
1.6252352572138782e-06,-0.023560698033713846
1.6386684291863714e-06,-0.02374019555412287
1.6522126313056986e-06,-0.0239210507346999
1.665868781277182e-06,-0.024103273734405278
1.679637804391329e-06,-0.024286874832548298
1.6935206335865156e-06,-0.024471864336038044
1.7075182095121894e-06,-0.024658252674863556
1.7216314805926287e-06,-0.024846050310819514
1.7358614030911755e-06,-0.025035267853971168
1.750208941175057e-06,-0.025225915904713493
1.7646750669806863e-06,-0.025418005192363497
1.7792607606795578e-06,-0.025611546508786685
1.7939670105446336e-06,-0.025806550754547068
1.8087948130173278e-06,-0.02600302889616733
1.823745172775013e-06,-0.026200991947009502
1.8388191027990821e-06,-0.026400451077074463
1.8540176244436082e-06,-0.026601417442620717
1.8693417675045208e-06,-0.026803902338697744
1.8847925702894092e-06,-0.02700791717794015
1.9003710796878448e-06,-0.027213473387891086
1.9160783512423447e-06,-0.0274205825179864
1.931915449219861e-06,-0.027629256199362507
1.947883446683918e-06,-0.02783950612678564
1.963983425567308e-06,-0.028051344141328656
1.9802164767453875e-06,-0.0282647820913022
1.996583700110018e-06,-0.028479831994532998
2.0130862046440586e-06,-0.028696505861756757
2.02972510849654e-06,-0.02891481589562836
2.0465015390583915e-06,-0.029134774316151853
2.06341663303886e-06,-0.02935639346062549
2.0804715365425156e-06,-0.029579685765748986
2.0976674051468942e-06,-0.02980466375064374
2.115005403980826e-06,-0.03003134000076111
2.132486707803346e-06,-0.03025972724456445
2.150112501083325e-06,-0.030489838280672584
2.1678839780796915e-06,-0.030721685999010068
2.1858023429223788e-06,-0.030955283383069503
2.203868809693902e-06,-0.031190643512128097
2.222084602511604e-06,-0.031427779581061126
2.240450955610629e-06,-0.03166670486675532
2.2589691134275157e-06,-0.03190743273092472
2.2776403306845487e-06,-0.03214997665729124
2.2964658724747398e-06,-0.0323943502358038
2.315447014347578e-06,-0.03264056713074695
2.334585042395441e-06,-0.032888641117641546
2.353881253340723e-06,-0.03313858606846225
2.3733369546237286e-06,-0.03339041597067349
2.392953464491222e-06,-0.033644144912637855
2.4127321120857848e-06,-0.03389978708604546
2.432674237535836e-06,-0.0341573567721794
2.452781192046472e-06,-0.034416868376873716
2.47305433799098e-06,-0.034678336400431414
2.493495049003184e-06,-0.03494177547195856
2.514104710070499e-06,-0.035207200288537945
2.534884717627761e-06,-0.035474625696623525
2.5558364796518766e-06,-0.03574406661616752
2.576961415757184e-06,-0.036015538120628444
2.59826095729168e-06,-0.036289055347195
2.6197365474339636e-06,-0.03656463357605277
2.6413896412910607e-06,-0.03684228820198863
2.663221705996974e-06,-0.03712203470743408
2.68523422081213e-06,-0.037403888709900884
2.707428677223591e-06,-0.03768786594926893
2.7298065790460955e-06,-0.03797398224703438
2.7523694425239907e-06,-0.03826225356732933
2.7751187964339243e-06,-0.03855269600442232
2.798056182188471e-06,-0.03884532574286727
2.82118315394053e-06,-0.039140159103047203
2.8445012786886677e-06,-0.03943721251568066
2.8680121363832734e-06,-0.03973650253864895
2.8917173200335962e-06,-0.04003804585952977
2.9156184358157196e-06,-0.040341859271191785
2.9397171031813454e-06,-0.04064795971533589
2.964014954967567e-06,-0.04095636421819246
2.9885136375074584e-06,-0.04126708997372439
3.0132148107416645e-06,-0.041580154279758676
3.038120148330855e-06,-0.0418955745805226
3.063231337769108e-06,-0.04221336840481886
3.0885500804982897e-06,-0.04253355347230584
3.1140780920232893e-06,-0.04285614758068193
3.1398171020283057e-06,-0.043181168685717856
3.1657688544939927e-06,-0.04350863487843044
3.191935107815671e-06,-0.04383856436344133
3.2183176349224493e-06,-0.04417097548720556
3.244918223397335e-06,-0.04450588674079974
3.2717386755983968e-06,-0.044843316738692705
3.2987808087808343e-06,-0.045183284246173044
3.3260464552201626e-06,-0.045525808158389365
3.3535374623363063e-06,-0.04587090749218723
3.3812556928188275e-06,-0.046218601448009725
3.4092030247530803e-06,-0.04656890931938448
3.43738135174752e-06,-0.04692185057797511
3.4657925830619467e-06,-0.047277444807553054
3.4944386437369255e-06,-0.0476357117646739
3.5233214747241924e-06,-0.04799667133636252
3.55244303301815e-06,-0.048360343566155546
3.5818052917885123e-06,-0.048726748624255044
3.6114102405139446e-06,-0.04909590684436335
3.64125988511692e-06,-0.049467838715765475
3.671356248099575e-06,-0.049842564865206634
3.7017013686807976e-06,-0.050220106071526036
3.7322973029343773e-06,-0.05060048326918093
3.7631461239282924e-06,-0.050983717551699254
3.7942499218652274e-06,-0.05136983016473149
3.825610804224136e-06,-0.051758842499541144
3.857230895903098e-06,-0.05215077612757478
3.889112339363232e-06,-0.05254565275281042
3.9212572947739166e-06,-0.052943494256505054
3.95366794015913e-06,-0.05334432267046857
3.986346471545002e-06,-0.05374816019107645
4.019295103108668e-06,-0.05415502917320617
4.0525160673282216e-06,-0.054564952153595817
4.08601161513405e-06,-0.05497795181560776
4.119784016061282e-06,-0.05539405102242158
4.153835558403622e-06,-0.05581327278266735
4.188168549368366e-06,-0.05623564029272409
4.222785315232712e-06,-0.0566611769213759
4.257688201501436e-06,-0.057089906195319354
4.292879573065742e-06,-0.0575218518311508
4.328361814363576e-06,-0.05795703770251662
4.36413732954111e-06,-0.058395487853887505
4.400208542615712e-06,-0.05883722653160861
4.436577897640117e-06,-0.05928227814285909
4.473247858868096e-06,-0.05973066726930447
4.510220910921356e-06,-0.06018241868021256
4.547499558957952e-06,-0.060637557327811585
4.585086328841997e-06,-0.061096108342990035
4.622983767314782e-06,-0.061558097039808836
4.6611944421673935e-06,-0.06202354891992056
4.699720942414628e-06,-0.06249248966855476
4.738565878470486e-06,-0.06296494516737075
4.77773188232497e-06,-0.06344094148219268
4.817221607722486e-06,-0.06392050486774346
4.8570377303416165e-06,-0.06440366176420805
4.8971829479763964e-06,-0.06489043883411942
4.937659980719163e-06,-0.06538086289436416
4.978471571144789e-06,-0.06587496098548676
5.019620484496582e-06,-0.066372760336241
5.061109508873574e-06,-0.06687428838420516
5.1029414554194965e-06,-0.06737957274943922
5.145119158513229e-06,-0.06788864127051211
5.18764547596081e-06,-0.06840152198601783
5.230523289189147e-06,-0.06891824313211177
5.273755503441168e-06,-0.06943883316260713
5.317345047972753e-06,-0.06996332073137206
5.361294876251124e-06,-0.07049173469765485
5.405607966155038e-06,-0.07102410413855031
5.450287320176523e-06,-0.0715604583466142
5.495335965624286e-06,-0.0721008268277322
5.540756954828905e-06,-0.07264523928508766
5.586553365349557e-06,-0.07319372566721238
5.632728300182635e-06,-0.07374631612337303
5.679284887971897e-06,-0.07430304102338837
5.726226283220542e-06,-0.07486393096979564
5.773555666504903e-06,-0.07542901676883089
5.821276244689921e-06,-0.0759983294837822
5.869391251146515e-06,-0.0765719003590007
5.917903945970562e-06,-0.07714976091336276
5.966817616203891e-06,-0.07773194286510199
6.0161355760569005e-06,-0.078318478184242
6.0658611671332155e-06,-0.07890939904570808
6.115997758656006e-06,-0.07950473788742818
6.1665487476963696e-06,-0.08010452737041647
6.2175175594034046e-06,-0.08070880040399657
6.268907647236376e-06,-0.08131759011993883
6.3207224931986695e-06,-0.08193092990383583
6.372965608073681e-06,-0.08254885338206155
6.425640531662787e-06,-0.08317139443392864
6.478750833025078e-06,-0.08379858716711279
6.532300110719297e-06,-0.08443046595445658
6.586291993047556e-06,-0.085067065409633
6.640730138301268e-06,-0.08570842040548213
6.695618235008983e-06,-0.08635456606235441
6.750960002186264e-06,-0.08700553776622509
6.806759189587771e-06,-0.08766137114579
6.863019577961224e-06,-0.08832210209654323
6.919744979303679e-06,-0.0889877667812074
6.9769392371197035e-06,-0.08965840161907432
7.0346062266818995e-06,-0.0903340432927638
7.092749855293433e-06,-0.09101472876036261
7.151374062552736e-06,-0.09170049523426356
7.210482820620543e-06,-0.09239138021558593
7.270080134488905e-06,-0.0930874214623994
7.330170042252684e-06,-0.0937886570131584
7.390756615383025e-06,-0.09449512519327317
7.451843959003345e-06,-0.09520686458472424
7.513436212167423e-06,-0.09592391407038836
7.575537548139808e-06,-0.09664631280913337
7.638152174678688e-06,-0.09737410023284136
7.701284334320872e-06,-0.09810731607940588
7.76493830466937e-06,-0.09884600036374085
7.829118398683106e-06,-0.09959019339545178
7.893828964969268e-06,-0.10033993577102418
7.959074388077837e-06,-0.1010952683862903
8.024859088798782e-06,-0.10185623243384084
8.09118752446148e-06,-0.10262286940560564
8.158064189236837e-06,-0.1033952211003211
8.225493614441746e-06,-0.10417332960224351
8.293480368846067e-06,-0.10495723732255491
8.3620290589823e-06,-0.10574698696396158
8.431144329457578e-06,-0.10654262155230994
8.500830863268504e-06,-0.10734418441154803
8.571093382118313e-06,-0.10815171919042303
8.641936646736922e-06,-0.10896526984727803
8.713365457203443e-06,-0.10978488066729265
8.78538465327137e-06,-0.11061059625233273
8.85799911469663e-06,-0.11144246152036591
8.93121376156806e-06,-0.11228052173146277
9.005033554640938e-06,-0.11312482245616914
9.079463495672944e-06,-0.11397540960608049
9.154508627763196e-06,-0.11483232942034456
9.230174035693898e-06,-0.11569562847852537
9.306464846274807e-06,-0.116565353696224
9.383386228690738e-06,-0.11744155231696823
9.460943394851663e-06,-0.11832427194616539
9.539141599745992e-06,-0.11921356051789206
9.61798614179649e-06,-0.12010946632058907
9.69748236321941e-06,-0.12101203799345903
9.7776356503864e-06,-0.12192132452327373
9.858451434189407e-06,-0.12283737524953406
9.939935190408797e-06,-0.12376023987357256
1e-05,-0.1244400354555048
1.0022092440084208e-05,-0.1246899684596326
1.0104928749888795e-05,-0.12562661142062725
1.0188449732506259e-05,-0.12657021955101
1.0272661047011264e-05,-0.12752084399724856
1.0357568399252828e-05,-0.12847853628675332
1.044317754224089e-05,-0.12944334831436885
1.052949427653614e-05,-0.13041533234466934
1.06165244506431e-05,-0.13139454103286866
1.070427396140635e-05,-0.1323810274046888
1.0792748754410015e-05,-0.13337484487015758
1.0881954824380736e-05,-0.13437604722980298
1.0971898215593797e-05,-0.13538468866651848
1.1062585022282612e-05,-0.1364008237558115
1.1154021389051693e-05,-0.13742450747231433
1.1246213511293036e-05,-0.13845579518579246
1.133916763560584e-05,-0.1394947426576215
1.1432890060219707e-05,-0.14054140606171595
1.152738713542152e-05,-0.14159584197071873
1.1622665263985554e-05,-0.1426581073701191
1.1718730901607477e-05,-0.14372825965524816
1.181559055734158e-05,-0.14480635662870173
1.1913250794041978e-05,-0.14589245652121682
1.20117182288072e-05,-0.1469866179759212
1.2110999533428484e-05,-0.14808890005953385
1.2211101434841987e-05,-0.14919936226369027
1.2312030715584391e-05,-0.1503180645128647
1.2413794214252659e-05,-0.15144506716273587
1.2516398825967191e-05,-0.15258043099579677
1.2619851502839193e-05,-0.15372421724544366
1.2724159254441644e-05,-0.15487648757298686
1.2829329148284165e-05,-0.15603730409497213
1.2935368310292073e-05,-0.15720672936403485
1.3042283925288989e-05,-0.15838482639607426
1.3150083237483876e-05,-0.15957165864575346
1.325877355096166e-05,-0.16076729003967352
1.3368362230178317e-05,-0.16197178494961886
1.3478856700459786e-05,-0.1631852082226739
1.359026444850502e-05,-0.16440762516693977
1.3702593022893318e-05,-0.16563910156115483
1.3815850034595832e-05,-0.16687970364999424
1.3930043157491226e-05,-0.16812949817088388
1.404518012888552e-05,-0.1693885523240245
1.416126875003653e-05,-0.17065693379957264
1.4278316886682355e-05,-0.17193471077913353
1.4396332469574284e-05,-0.17322195192390524
1.4515323495014197e-05,-0.17451872639615243
1.463529802539644e-05,-0.17582510385052363
1.4756264189754035e-05,-0.17714115444738823
1.4878230184309385e-05,-0.17846694884216557
1.5001204273029802e-05,-0.17980255820688795
1.5125194788187352e-05,-0.1811480542147887
1.5250210130923356e-05,-0.1825035090645536
1.5376258771817684e-05,-0.18386899546552027
1.5503349251462752e-05,-0.18524458664924331
1.5631490181042136e-05,-0.18663035637083775
1.5760690242913944e-05,-0.18802637892306345
1.5890958191199327e-05,-0.18943272912049958
1.6022302852375346e-05,-0.19084948232155685
1.6154733125873318e-05,-0.19227671442069127
1.6288257984681517e-05,-0.1937145018606219
1.6422886475953397e-05,-0.19516292162763876
1.6558627721620478e-05,-0.19662205126172702
1.669549091901034e-05,-0.1980919688548507
1.683348534147001e-05,-0.1995727530660186
1.6972620338994036e-05,-0.20106448311060354
1.7112905338858272e-05,-0.2025672387734905
1.7254349846258365e-05,-0.2040811004106263
1.7396963444954032e-05,-0.2056061489531575
1.7540755797918325e-05,-0.20714246591177157
1.7685736647992227e-05,-0.2086901333790229
1.7831915818545073e-05,-0.210249234034163
1.7979303214139837e-05,-0.21181985115250843
1.8127908821204526e-05,-0.21340206860180588
1.8277742708708524e-05,-0.21499597084776914
1.8428815028845104e-05,-0.216601642959782
1.8581136017719166e-05,-0.21821917062097046
1.8734715996040744e-05,-0.21984864012147914
1.888956536982437e-05,-0.2214901383670385
1.904569463109421e-05,-0.22314375288961572
1.9203114358594916e-05,-0.22480957184370093
1.9361835218508253e-05,-0.22648768401131472
1.9521867965176063e-05,-0.22817817881124555
1.9683223441828802e-05,-0.22988114629832987
1.9845912581320174e-05,-0.23159667717112337
2.0009946406867965e-05,-0.23332486277966272
2.017533603280103e-05,-0.23506579511776896
2.0342092665312272e-05,-0.23681956684124006
2.0510227603217803e-05,-0.23858627126460907
2.0679752238722813e-05,-0.24036600236990907
2.085067805819312e-05,-0.2421588548060828
2.1023016642933785e-05,-0.24396492390009714
2.119677966997348e-05,-0.24578430565504927
2.137197891285597e-05,-0.2476170967616986
2.1548626242437736e-05,-0.24946339459719247
2.1726733627692153e-05,-0.2513232972333677
2.190631313652077e-05,-0.25319690343978657
2.2087376936570637e-05,-0.2550843126924432
2.2269937296059113e-05,-0.25698562516848084
2.2454006584604727e-05,-0.25890094176785233
2.263959727406563e-05,-0.26083036409982346
2.282672193938451e-05,-0.26277399450155203
2.3015393259440473e-05,-0.264731936037553
2.3205624017908458e-05,-0.2667042925047867
2.339742710412502e-05,-0.2686911684396964
2.3590815513962044e-05,-0.2706926691187987
2.3785802350706945e-05,-0.2727089005729587
2.3982400825950788e-05,-0.2747399695786373
2.4180624260483345e-05,-0.27678598367928225
2.4380486085195516e-05,-0.27884705117568254
2.458199984198968e-05,-0.2809232811428622
2.478517918469686e-05,-0.2830147834293052
2.4990037880002262e-05,-0.2851216686614951
2.519658980837765e-05,-0.28724404825345573
2.5404848965022173e-05,-0.28938203440869414
2.5614829460810504e-05,-0.29153574012873706
2.5826545523248817e-05,-0.2937052792157603
2.60400114974389e-05,-0.29589076628019007
2.6255241847050228e-05,-0.29809231674255193
2.6472251155299872e-05,-0.3003100468476614
2.6691054125940437e-05,-0.3025440736581632
2.6911665584256655e-05,-0.3047945150693766
2.7134100478069734e-05,-0.30706148981535486
2.7358373878750057e-05,-0.3093451174652278
2.758450098223847e-05,-0.31164551843881033
2.7812497110076014e-05,-0.31396281400938797
2.8042377710441954e-05,-0.316297126308383
2.8274158359200306e-05,-0.3186485783318067
2.8507854760955612e-05,-0.3210172939456598
2.874348275011656e-05,-0.3234033978930627
2.8981058291969324e-05,-0.32580701580168886
2.9220597483758864e-05,-0.32822827418610706
2.946211655578001e-05,-0.3306673004546594
2.9705631872476987e-05,-0.33312422292061433
2.9951159933552057e-05,-0.33559917080034973
3.0198717375083864e-05,-0.33809227422657223
3.0448320970654176e-05,-0.34060366425125627
3.0699987632484874e-05,-0.34313347284912527
3.095373441258338e-05,-0.34568183293302923
3.1209578503898464e-05,-0.3482488783504309
3.1467537241484985e-05,-0.3508347438956918
3.1727628103678284e-05,-0.3534395653138095
3.1989868713278865e-05,-0.3560634793095801
3.2254276838745965e-05,-0.35870662355093375
3.252087039540197e-05,-0.3613691366776509
3.2789667446645805e-05,-0.36405115830916385
3.306068620517727e-05,-0.3667528290479659
3.333394503423087e-05,-0.3694742904882798
3.360946244881994e-05,-0.3722156852227021
3.388725711699126e-05,-0.37497715684926575
3.4167347861090065e-05,-0.3777588499789006
3.444975365903525e-05,-0.38056091023872385
3.4734493645605055e-05,-0.38338348428269536
3.502158711373395e-05,-0.3862267198002809
3.5311053515819666e-05,-0.38909076551879174
3.560291246504108e-05,-0.39197577121078286
3.5897183736687254e-05,-0.3948818877051484
3.6193887269497495e-05,-0.3978092668930428
3.649304316701217e-05,-0.40075806173214995
3.679467169893467e-05,-0.4037284262557961
3.709879330250526e-05,-0.40672051558242844
3.74054285838853e-05,-0.409734485920185
3.7714598319554e-05,-0.4127704945751821
3.8026323457715586e-05,-0.4158286999571109
3.8340625119719174e-05,-0.4189092615925519
3.865752460148967e-05,-0.4220123401262965
3.8977043374970455e-05,-0.4251380973304745
3.9299203089578796e-05,-0.4282866961140893
3.962402557367211e-05,-0.4314583005309445
3.9951532836027603e-05,-0.43465307578314616
4.028174706733286e-05,-0.4378711882359807
4.061469064168995e-05,-0.44111280541847697
4.095038611813123e-05,-0.44437809603532624
4.128885624214754e-05,-0.44766722997530867
4.163012394722998e-05,-0.4509803783164342
4.197421235642314e-05,-0.45431771333731574
4.232114478389245e-05,-0.45767940852241584
4.267094473650326e-05,-0.46106563857344096
4.302363591541409e-05,-0.4644765794119943
4.337924221768236e-05,-0.46791240819565943
4.373778773788324e-05,-0.47137330331988475
4.409929676974288e-05,-0.4748594444287182
4.4463793807783704e-05,-0.478371012424178
4.4831303548984815e-05,-0.4819081894726323
4.520185089445464e-05,-0.48547115901527044
4.557546095111876e-05,-0.48906010577474124
4.5952159033420835e-05,-0.492675215767538
4.633197066503758e-05,-0.4963166763082978
4.6714921580608356e-05,-0.49998467601906743
4.710103772747906e-05,-0.5036794048432682
4.7490345267460036e-05,-0.5074010540467663
4.7882870578598374e-05,-0.5111498162346223
4.827864025696581e-05,-0.5149258853534336
4.8677681118460476e-05,-0.5187294567050349
4.908002020062363e-05,-0.5225607269525709
4.9485684764471856e-05,-0.5264198941312687
4.989470229634433e-05,-0.5303071576589395
5.030710050976502e-05,-0.5342227183423351
5.0722907347320135e-05,-0.5381667783865657
5.114215098255214e-05,-0.5421395414081966
5.156485982186784e-05,-0.546141212441921
5.199106250646397e-05,-0.5501719979480008
5.2420787914266935e-05,-0.5542321058271397
5.285406516189021e-05,-0.5583217454261052
5.3290923606606926e-05,-0.5624411275485767
5.373139284833859e-05,-0.5665904644651142
5.4175502731661485e-05,-0.5707699699223237
5.462328334782794e-05,-0.5749798591548372
5.507476503680611e-05,-0.5792203488914561
5.5529978389334756e-05,-0.5834916573691719
5.5988954248996776e-05,-0.5877940043399776
5.645172371430875e-05,-0.5921276110840429
5.691831814082763e-05,-0.5964927004165284
5.7388769143276196e-05,-0.6008894967014046
5.786310859768412e-05,-0.605318225858985
5.834136864354876e-05,-0.6097791153769937
5.8823581686011874e-05,-0.6142723943229411
5.930978039805607e-05,-0.6187982933518361
5.9799997722718294e-05,-0.6233570447180061
6.0294266875321635e-05,-0.6279488822869211
6.0792621345726176e-05,-0.6325740415438115
6.129509490059831e-05,-0.6372327596050298
6.180172158569853e-05,-0.6419252752307433
6.231253572818768e-05,-0.646651828833865
6.282757193895376e-05,-0.6514126624904579
6.334686511495659e-05,-0.6562080199527579
6.387045044159202e-05,-0.661038146660399
6.439836339507628e-05,-0.6659032897493531
6.493063974484989e-05,-0.6708036980647636
6.546731555600109e-05,-0.6757396221720702
6.600842719170906e-05,-0.6807113143695118
6.655401131570862e-05,-0.6857190286960746
6.710410489477349e-05,-0.690763020947968
6.765874520122196e-05,-0.6958435486858339
6.82179698154413e-05,-0.700960871249265
6.87818166284351e-05,-0.7061152497668888
6.935032384439006e-05,-0.71130694716959
6.992352998326425e-05,-0.7165362282011247
7.050147388339809e-05,-0.7218033594307488
7.108419470414467e-05,-0.7271086092655247
7.16717319285242e-05,-0.7324522479618357
7.226412536589819e-05,-0.7378345476382999
7.286141515466763e-05,-0.7432557822862907
7.346364176499234e-05,-0.7487162277851297
7.407084600153256e-05,-0.7542161619116512
7.468306900621474e-05,-0.7597558643549989
7.530035226101804e-05,-0.7653356167274801
7.592273759078616e-05,-0.7709557025774496
7.655026716606002e-05,-0.7766164074040769
7.718298350593614e-05,-0.782318018666337
7.782092948094718e-05,-0.7880608258001301
7.846414831596613e-05,-0.7938451202281209
7.911268359313625e-05,-0.7996711953736404
7.976657925482272e-05,-0.8055393466739771
8.04258796065913e-05,-0.8114498715941395
8.109062932020905e-05,-0.8174030696390903
8.176087343667221e-05,-0.8233992423670102
8.243665736925755e-05,-0.8294386934044617
8.311802690659911e-05,-0.8355217284572515
8.380502821579095e-05,-0.8416486553261423
8.449770784551561e-05,-0.8478197839197418
8.519611272919778e-05,-0.8540354262679448
8.590029018818372e-05,-0.860295896535484
8.661028793494876e-05,-0.8666015110383242
8.73261540763295e-05,-0.8729525882533037
8.804793711678301e-05,-0.8793494488361383
8.877568596167371e-05,-0.8857924156336487
8.95094499205873e-05,-0.8922818136979982
9.024927871067156e-05,-0.8988179703024052
9.099522246000433e-05,-0.9054012149531052
9.174733171099136e-05,-0.912031879406787
9.250565742378935e-05,-0.9187102976817269
9.327025097976036e-05,-0.9254368060756678
9.404116418495172e-05,-0.9322117431791811
9.481844927360745e-05,-0.9390354498902246
9.560215891170707e-05,-0.945908269428573
9.639234620053328e-05,-0.9528305473530135
9.718906468027137e-05,-0.9598026315739323
9.799236833363537e-05,-0.9668248723695341
9.880231158952718e-05,-0.9738976224011909
9.961894932672298e-05,-0.981021236729134
0.00010044233687759312,-0.9881960728269675
0.00010127253003185006,-0.9954224905977666
0.00010210958504032904,-1.0027008523886518
0.0001029535586187993,-1.0100315230085049
0.00010380450795180686,-1.0174148697422534
0.00010466249069654948,-1.0248512623668113
0.00010552756498678278,-1.0323410731671157
0.00010639978943675946,-1.0398846769526582
0.00010727922314520082,-1.0474824510737653
0.00010816592569930096,-1.0551347754362173
0.00010905995717876426,-1.0628420325197243
0.0001099613781598761,-1.0706046073925692
0.00011087024971960722,-1.078422887729381
0.00011178663343975252,-1.0862972638269852
0.0001127105914111029,-1.09422812862088
0.0001136421862376528,-1.102215877703383
0.0001145814810408419,-1.1102609093382412
0.00011552853946383196,-1.118363624480064
0.00011648342567581906,-1.1265244267896
0.00011744620437638136,-1.1347437226514412
0.00011841694079986341,-1.1430219211910853
0.00011939570071979542,-1.1513594342930333
0.00012038255045335033,-1.1597566766176433
0.00012137755686583711,-1.1682140656177766
0.0001223807873752313,-1.1767320215578558
0.000123392309956743,-1.1853109675314113
0.00012441219314742266,-1.1939513294775321
0.00012544050605080463,-1.202653536200387
0.00012647731834159012,-1.211418019386089
0.0001275227002703671,-1.220245213621677
0.00012857672266837082,-1.2291355564121824
0.000129639456952283,-1.23808948820044
0.00013071097512907067,-1.2471074523835106
0.0001317913498008652,-1.2561898953328001
0.00013288065416988142,-1.2653372664123612
0.0001339789620433775,-1.2745500179966898
0.0001350863478386564,-1.2838286054898251
0.0001362028865881072,-1.293173487345105
0.0001373286539442897,-1.3025851250830316
0.00013846372618506018,-1.3120639833107648
0.00013960818021873953,-1.3216105297409357
0.00014076209358932464,-1.3312252352115233
0.0001419255444817421,-1.3409085737048294
0.0001430986117271459,-1.350661022366451
0.00014428137480825906,-1.3604830615262014
0.00014547391386475844,-1.370375174715476
0.00014667630969870512,-1.3803378486896192
0.00014788864378001922,-1.3903715734457385
0.00014911099825199987,-1.4004768422436216
0.00015034345593689118,-1.4106541516251876
0.00015158610034149365,-1.4209040014354166
0.00015283901566282238,-1.4312268948413935
0.00015410228679381248,-1.4416233383536532
0.00015537599932907015,-1.452093841846461
0.0001566602395706729,-1.4626389185778743
0.00015795509453401694,-1.4732590852101202
0.00015926065195371296,-1.48395486183154
0.00016057700028953076,-1.4947267719758917
0.0001619042287323929,-1.505575342644524
0.0001632424272104179,-1.5165011043262484
0.00016459168639501386,-1.5275045910196001
0.00016595209770702137,-1.5385863402528908
0.00016732375332290821,-1.5497468931062104
0.0001687067461810149,-1.5609867942325053
0.00017010116998785173,-1.5723065918796586
0.00017150711922444813,-1.58370683791082
0.00017292468915275426,-1.5951880878274163
0.00017435397582209533,-1.606750900790235
0.00017579507607568047,-1.6183958396414109
0.0001772480875571633,-1.6301234709261607
0.00017871310871725858,-1.6419343649150238
0.00018019023882041274,-1.6538290956263606
0.0001816795779515297,-1.6658082408482866
0.00018318122702275214,-1.6778723821605244
0.00018469528778029912,-1.6900221049577209
0.0001862218628113596,-1.7022579984714243
0.00018776105555104442,-1.7145806557927463
0.00018931297028939323,-1.7269906738952434
0.00019087771217844187,-1.739488653657483
0.00019245538723934659,-1.7520751998865343
0.00019404610236956792,-1.7647509213397576
0.00019564996535011346,-1.7775164307490352
0.00019726708485284068,-1.7903723448437605
0.00019889757044782075,-1.8033192843732975
0.00020054153261076158,-1.8163578741309176
0.00020219908273049392,-1.829488742977638
0.0002038703331165185,-1.8427125238648394
0.00020555539700661577,-1.8560298538582571
0.00020725438857451835,-1.869441374161794
0.00020896742293764712,-1.8829477301413915
0.00021069461616491094,-1.8965495713482552
0.00021243608528457181,-1.9102475515435455
0.00021419194829217314,-1.9240423287219055
0.0002159623241585354,-1.9379345651357944
0.00021774733283781705,-1.9519249273194907
0.00021954709527564212,-1.9660140861135802
0.00022136173341729507,-1.980202716688856
0.00022319137021598336,-1.9944914985716515
0.00022503612964116802,-2.008881115666898
0.0002268961366869644,-2.023372256284282
0.0002287715173806098,-2.037965613161509
0.00023066239879100363,-2.052661883490018
0.00023256890903731686,-2.067461768939152
0.0002344911772976729,-2.082365975681252
0.00023642933381790027,-2.0973752144166857
0.0002383835099203575,-2.112490200398531
0.0002403538380128309,-2.1277116534577605
0.00024234045159750694,-2.143040298028687
0.0002443434852800164,-2.158476863173481
0.00024636307477855595,-2.174022082608026
0.0002483993569330831,-2.189676694726958
0.00025045246971458864,-2.205441442629108
0.0002525225522344447,-2.2213170741425827
0.00025460974475383037,-2.237304341850796
0.0002567141886932352,-2.2534040031174274
0.00025883602664204233,-2.2696168201128915
0.00026097540236818823,-2.2859435598385924
0.0002631324608279049,-2.302384994153697
0.0002653073481755413,-2.318941899800713
0.00026750021177346633,-2.3356150584304625
0.0002697112002020535,-2.3524052566289897
0.0002719404632697482,-2.369313285942601
0.00027418815202321793,-2.3863399429040357
0.00027645441875758756,-2.403486029058217
0.00027873941702675695,-2.4207523509883155
0.0002810433016538062,-2.438139720341933
0.00028336622874148534,-2.4556489538562816
0.0002857083556827918,-2.4732808733853973
0.00028806984117163426,-2.491036305924926
0.00029045084521358547,-2.508916083639149
0.0002928515291367233,-2.5269210438862677
0.0002952720556025629,-2.5450520292454426
0.0002977125886170761,-2.5633098875415428
0.0003001732935418054,-2.5816954718725262
0.00030265433710506757,-2.600209640634546
0.00030515588741325094,-2.618853257548934
0.0003076781139622053,-2.6376271916873164
0.00031022118764872654,-2.656532317498183
0.00031278528078213566,-2.6755695148333642
0.0003153705670959549,-2.694739668972987
0.0003179772217596777,-2.714043670652603
0.00032060542139063843,-2.73348241608842
0.0003232553440659794,-2.75305680700366
0.00032592716933471644,-2.7727677506541317
0.0003286210782299045,-2.7926161598547883
0.00033133725328090364,-2.812602953004637
0.0003340758785257477,-2.8327290541135848
0.000336837139523612,-2.8529953928272613
0.0003396212233673878,-2.8734029044531817
0.00034242831869635835,-2.8939525299864393
0.0003452586157089804,-2.914645216135265
0.0003481123061757717,-2.935481915346167
0.0003509895834523042,-2.956463585829848
0.0003538906424923052,-2.9775911915862303
0.0003568156798608677,-2.998865702429825
0.00035976489374776714,-3.02028809401498
0.00036273848398089126,-3.041859347860815
0.00036573665203977934,-3.063580451376278
0.00036875960106927386,-3.0854523978849886
0.0003718075358932846,-3.1074761866497935
0.0003748806630286669,-3.129652822897855
0.0003779791906992143,-3.151983317844521
0.00038,-3.166531086923548
0.0003811033288497681,-3.1744686887182687
0.0003842532891604406,-3.1971099587845395
0.00038742928506095884,-3.2199081573698427
0.00039063153174512597,-3.242864319885713
0.00039386024618540155,-3.265979487852631
0.000397115647147603,-3.289254708923205
0.00040039795520572824,-3.3126910369058624
0.00040370739275690084,-3.33628953178803
0.0004070441840364401,-3.360051259758944
0.00041040855513305223,-3.3839772932323786
0.0004138007340041509,-3.408068710869813
0.00041722095049130214,-3.43232659760211
0.0004206694363357979,-3.4567520446519255
0.0004241464251943578,-3.481346149555664
0.0004276521526549607,-3.506110016185026
0.00043118685625280733,-3.5310447547683306
0.000434750775486416,-3.556151481911795
0.0004383441518338478,-3.581431320620292
0.00044196722876907,-3.60688540031767
0.0004456202517784525,-3.632514856867457
0.00044930346837740096,-3.6583208325922114
0.0004530171281271278,-3.684304476293687
0.0004567614826515612,-3.710466943271711
0.00046053678565439413,-3.736809395343268
0.00046434329293627586,-3.7633330008611807
0.00046818126241214157,-3.790038934731987
0.0004720509541286895,-3.8169283784339747
0.0004759526302820001,-3.844002520034677
0.00047988655523530186,-3.8712625542076116
0.0004838529955368832,-3.8987096822492355
0.000487852219938153,-3.9263451120946202
0.0004918844994118498,-3.9541700583337116
0.0004959501071704036,-3.9821857422261773
0.0005000493186844452,-4.01039339171612
0.0005041824117014723,-4.038794241446909
0.0005083496662646694,-4.0673895327740635
0.0005125513647318809,-4.096180513779316
0.0005167877917947441,-4.125168439282797
0.000521059234497978,-4.154354570855477
0.0005253659822588322,-4.183740176830262
0.0005297083268866985,-4.213326532313731
0.0005340865626028803,-4.243114919195669
0.0005385009860605294,-4.273106626159331
0.0005429518963647458,-4.303302948690583
0.0005474395950928446,-4.333705189085796
0.0005519643863147886,-4.364314656460204
0.0005565265766137912,-4.395132666754576
0.0005611264751070917,-4.426160542741523
0.000565764393466896,-4.457399614031436
0.000570440645941497,-4.488851217076751
0.0005751555493765662,-4.520516695176532
0.000579909423236622,-4.552397398479283
0.0005847025896266758,-4.584494683985408
0.000589535373314056,-4.616809915548905
0.0005944081017504128,-4.649344463877968
0.0005993211050939077,-4.682099706534518
0.0006042747162315799,-4.715077027933254
0.0006092692708019041,-4.74827781933961
0.0006143051072175311,-4.781703478866335
0.0006193825666882181,-4.8153554114697386
0.0006245019932439473,-4.849235028944245
0.0006296637337582364,-4.883343749916405
0.0006348681379716404,-4.9176829998375755
0.0006401155585154518,-4.952254210975584
0.0006454063509355896,-4.987058822405025
0.0006507408737166919,-5.0220982799967
0.0006561194883064059,-5.057374036405724
0.0006615425591398769,-5.092887551058196
0.0006670104536644423,-5.12864029013723
0.0006725235423645277,-5.1646337265665645
0.0006780821987867494,-5.2008693399942105
0.0006836867995652269,-5.237348616773555
0.0006893377244470983,-5.27407304994388
0.0006950353563182531,-5.311044139208905
0.0007007800812292748,-5.348263390914168
0.0007065722884215984,-5.385732318022798
0.0007124123703538829,-5.423452440089683
0.0007183007227286045,-5.461425283234147
0.0007242377445188657,-5.499652380111051
0.0007302238379954322,-5.538135269880072
0.0007362594087539842,-5.576875498173235
0.0007423448657426018,-5.615874617060981
0.000748480621289472,-5.655134185016262
0.0007546670911308275,-5.694655766876526
0.000760904694439115,-5.734440933804584
0.0007671938538513971,-5.774491263246611
0.0007735349954979874,-5.814808338888943
0.0007799285490313268,-5.855393750612348
0.000786374947655091,-5.896249094444466
0.0007928746281535447,-5.937375972510156
0.0007994280309211373,-5.9787759929795845
0.0008060355999923414,-6.020450770014021
0.0008126977830717388,-6.06240192370944
0.0008194150315643558,-6.104631080037919
0.0008261878006062481,-6.147139870786513
0.0008330165490953419,-6.189929933493552
0.0008399017397225223,-6.233002911382813
0.000846843839002987,-6.276360453294714
0.0008538433173078549,-6.320004213615148
0.0008609006488960366,-6.363935852201769
0.0008680163119463683,-6.408157034307076
0.0008751907885900114,-6.452669430499193
0.0008824245649431198,-6.497474716579325
0.0008897181311397797,-6.542574573496819
0.0008970719813652148,-6.587970687260665
0.0009044866138892741,-6.633664748848236
0.0009119625311001911,-6.679658454110849
0.0009195002395386246,-6.72595350367606
0.0009271002499319797,-6.772551602846778
0.0009347630772290129,-6.819454461496812
0.0009424892406347223,-6.866663793963196
0.0009502792636455303,-6.91418131893475
0.0009581336740847485,-6.962008759337468
0.0009660530041383453,-7.010147842215701
0.0009740377903910029,-7.058600298609946
0.000982088573862475,-7.107367863430621
0.0009902059000442445,-7.1564522753281095
0.000998390318936482,-7.205855276558472
0.001,-7.2155614292148265
0.0010066423850853172,-7.255578612845282
0.0010149626576204053,-7.3056240332371924
0.001023351700292817,-7.3559932899613445
0.0010318100815132347,-7.406688138272058
0.0010403383743904655,-7.4577103362953086
0.0010489371567702734,-7.509061644868661
0.0010576070112745316,-7.560743827376344
0.0010663485253406986,-7.61275864957958
0.001075162291261624,-7.665107879441982
0.0010840489062256744,-7.717793286950304
0.0010930089723572007,-7.770816643929503
0.0011020430967573348,-7.824179723852984
0.001111151891545125,-7.877884301647546
0.0011203359738990093,-7.931932153492594
0.0011295959660986355,-7.98632505661395
0.0011389324955670217,-8.041064789072186
0.0011483461949130735,-8.096153129544753
0.0011578377019744403,-8.151591857102398
0.0011674076598607367,-8.207382750979674
0.0011770567169971176,-8.26352759033893
0.0011867855271682113,-8.320028154028307
0.0011965947495624193,-8.376886220333004
0.001206485048816579,-8.434103566720271
0.0012164570950609968,-8.49168196957744
0.0012265115639648583,-8.549623203943149
0.0012366491367820013,-8.607929043231614
0.0012468705003970807,-8.666601258949733
0.0012571763473721077,-8.72564162040692
0.0012675673759933754,-8.785051894417322
0.0012780442903187717,-8.844833844994684
0.0012886078002254842,-8.904989233039236
0.0012992586214580974,-8.96551981601679
0.001309997475677094,-9.026427347629726
0.0013208250905077444,-9.087713577479647
0.0013317421995894126,-9.149380250721737
0.001342749542625264,-9.21142910771035
0.001353847865432385,-9.273861883636144
0.001365037919992317,-9.33668030815392
0.0013763204645020075,-9.399886105001535
0.0013876962634251813,-9.463480991609448
0.0013991660875441432,-9.527466678700954
0.0014107307140119962,-9.591844869882296
0.0014223909264053027,-9.656617261223474
0.001434147514777176,-9.721785540828444
0.0014460012757108109,-9.787351388395443
0.0014579530123734583,-9.853316474766695
0.001470003534570844,-9.919682461467284
0.001482153658802037,-9.986451000233421
0.0014944042083147775,-10.053623732529434
0.0015067560131612502,-10.121202289053436
0.0015192099102543295,-10.189188289231593
0.0015317667434242854,-10.257583340700323
0.001544427363475958,-10.326389038777009
0.0015571926282464043,-10.395606965917931
0.0015700634026630232,-10.465238691164137
0.0015830405588021575,-10.535285769574518
0.0015961249759481888,-10.605749741645868
0.0016093175406531057,-10.676632132719945
0.0016226191467965793,-10.747934452376857
0.0016360306956465273,-10.819658193814979
0.0016495530959201809,-10.891804833216991
0.0016631872638456563,-10.964375829101453
0.0016769341232240331,-11.03737262166015
0.0016907946054919546,-11.110796632080765
0.0017047696497847274,-11.184649261854254
0.0017188602029999625,-11.258931892067373
0.0017330672198617298,-11.333645882679368
0.001747391662985248,-11.408792571782943
0.0017618345029421071,-11.484373274849151
0.0017763967183260317,-11.560389283955843
0.0017910792958191841,-11.636841866999408
0.0018058832302590264,-11.713732266889732
0.0018208095247057151,-11.791061700727534
0.0018358591905100732,-11.868831358964467
0.0018510332473821128,-11.947042404545059
0.0018663327234601274,-12.02569597203066
0.001881758655380355,-12.104793166704718
0.0018973120883472162,-12.184335063659343
0.0019129940762041314,-12.2643227068627
0.001928805681504934,-12.344757108206814
0.001944747975585853,-12.425639246535727
0.0019608220386381093,-12.506970066653448
0.0019770289597811066,-12.588750478311459
0.0019933698371362224,-12.670981355175421
0.0020098457779012162,-12.7536635337707
0.0020264578984252463,-12.836797812406433
0.002043207324284509,-12.920384950077835
0.0020600951903585116,-13.004425665346199
0.002077122640906955,-13.088920635196448
0.0020942908296472723,-13.173870493871787
0.0021116009198327997,-13.259275831685102
0.002129054084331593,-13.345137193806842
0.002146651505705898,-13.431455079028728
0.0021643943762922747,-13.518229938503431
0.002182283898282386,-13.605462174459296
0.0022003212838044603,-13.693152138890257
0.0022185077550054087,-13.781300132220094
0.002236844544133642,-13.869906401940996
0.002255332893622562,-13.958971141226069
0.002273974056174741,-14.048494487515146
0.0022927692948468046,-14.13847652107377
0.002311719883135008,-14.228917263524849
0.0023308271050615247,-14.319816676352724
0.002350092255261453,-14.41117465937918
0.0023695166390705234,-14.502991049210964
0.002389101572613553,-14.595265617658711
0.002408848382893619,-14.687998070126527
0.002428758407881969,-14.781188043972193
0.002448832996608682,-14.874835106837446
0.002469073509254068,-14.968938754947956
0.002489481317240831,-15.063498411382607
0.002510057803326998,-15.158513424312138
0.002530804361699597,-15.253983065205913
0.0025517223980691325,-15.349906527007377
0.002572813329764826,-15.446282922277359
0.0025940785858306497,-15.543111281304805
0.002615519607122156,-15.640390550185021
0.002637137846404102,-15.738119588864535
0.002658934768448881,-15.8362971691527
0.0026809118501357814,-15.934921972699557
0.0027030705805510384,-16.03399258893942
0.0027254124610887405,-16.13350751300023
0.002747939005552554,-16.23346514357815
0.002770651740258295,-16.333863780777122
0.0027935522041373432,-16.434701623913117
0.0028166419488409164,-16.5359767692829
0.0028399225388452127,-16.63768720789681
0.0028633955515573978,-16.739830823175424
0.002887062577422494,-16.842405388609922
0.0029109252200311434,-16.945408565385996
0.0029349850962282578,-17.04883789997054
0.0029592438362225724,-17.152690821661746
0.0029837030836971008,-17.256964640101657
0.003008364495920505,-17.361656542751476
0.003033229743859395,-17.46676359232939
0.0030583005122915294,-17.572282724210382
0.0030835784999199848,-17.678210743788608
0.0031090654194882465,-17.784544323801544
0.003134762997896261,-17.891280001616238
0.003160672976317442,-17.99841417647753
0.0031867971103166485,-18.105943106718094
0.003213137169969129,-18.21386290693029
0.0032396949399804715,-18.322169545100092
0.0032664722198075067,-18.430858839702758
0.003293470823780247,-18.539926456760583
0.003320692581224814,-18.649367906862647
0.003348139336587389,-18.759178542146984
0.003375812949559185,-18.869353553244846
0.003403715295202451,-18.97988796618772
0.0034318482640775185,-19.090776639277113
0.0034602137623709114,-19.202014259917384
0.0034888137120244805,-19.31359534141179
0.003517650050865643,-19.425514219722498
0.003546724732738678,-19.5377650501945
0.0035760397276371125,-19.650341804244103
0.0036055970218371986,-19.763238266012323
0.0036353986180325,-19.876448028983972
0.0036654465354695807,-19.98996449257259
0.0036957428100848374,-20.103780858672252
0.0037262894946424245,-20.217890128176567
0.0037570886588733582,-20.332285097465952
0.0037881423896157468,-20.446958354863682
0.003819452790956191,-20.561902277061566
0.0038510219843723467,-20.67710902551646
0.0038828521088766694,-20.792570542818126
0.003914945321161341,-20.908278549029877
0.0039473037957444175,-21.02422453800282
0.003979929725117139,-21.140399773665106
0.004012825319892504,-21.256795286287083
0.004045992808955045,-21.373401868724212
0.004079434439611855,-21.49021007263846
0.00411315247774485,-21.60721020470035
0.0041471492079643004,-21.72439232277252
0.0041814269337636266,-21.8417462320771
0.004215987977675485,-21.9592614813482
0.004250834681429115,-22.076927358971304
0.004285969406109019,-22.194732889111968
0.0043213945323149405,-22.312666827835187
0.0043571124603231605,-22.430717659218
0.0043931256102491345,-22.548873591457408
0.004429436422211468,-22.66712255297583
0.004466047356497249,-22.78545218852664
0.004502960893728764,-22.903849855302322
0.004540179535031546,-23.02230261904774
0.0045777058022038655,-23.140797250181446
0.004615542237887588,-23.259320219927865
0.004653691405740461,-23.377857696463405
0.004692155890609809,-23.49639554107944
0.004730938298707675,-23.614919304365607
0.004770041257787427,-23.733414222416883
0.0048094674173217705,-23.851865213067597
0.004849219448682294,-23.970256872156558
0.004889300045320461,-24.088573469826617
0.004929711922950109,-24.20679894686293
0.004970457819731459,-24.324916911073927
0.0050115404964566415,-24.44291063371913
0.005052962736736749,-24.560763045988395
0.005094727347190472,-24.678456735537075
0.005136837157634227,-24.7959739430815
0.005179295021273916,-24.91329655906031
0.00522210381489825,-25.030406120366
0.005265266439073661,-25.147283807152284
0.005308785818340841,-25.263910439722483
0.005352664901412892,-25.38026647550449
0.005396906661375122,-25.49633200611805
0.005441514095886503,-25.612086754540314
0.005486490227382757,-25.727510072375434
0.005531838103281161,-25.842580937234963
0.005577560796187027,-25.957277950234786
0.005623661404101889,-26.071579333615844
0.005670143050633412,-26.18546292849507
0.005717008885207035,-26.298906192753474
0.0057642620832793635,-26.411886199068796
0.005811905846553343,-26.524379633099766
0.005859943403195167,-26.636362791829658
0.0059083780080530215,-26.747811582076892
0.005957212942877623,-26.858701519180364
0.006006451516544572,-26.969007725867787
0.006056097065278553,-27.0787049313152
0.006106152952879386,-27.18776747040607
0.006156622570949936,-27.296169283198772
0.0062075093391259425,-27.40388391461094
0.006258816705307683,-27.510884514330012
0.006310548145893616,-27.617143836958867
0.006362707166015921,-27.722634242405913
0.006415297299777996,-27.827327696529355
0.006468322110493913,-27.931195772044894
0.0065217851909298566,-28.034209649707016
0.006575690163547548,-28.136340119773546
0.006630040680749719,-28.237557583763884
0.006684840425127544,-28.337832056520924
0.0067400931097101845,-28.437133168587003
0.006795802478216365,-28.535430168904657
0.0068519723053080345,-28.63269192785261
0.006908606396846121,-28.728886940627632
0.006965708590148404,-28.823983330983395
0.007023282754249512,-28.917948855336924
0.007081332790163098,-29.010750907253843
0.00713986263114612,-29.10235652232344
0.007198876242965368,-29.192732383434468
0.007258377624166168,-29.281844826463256
0.007318370806343302,-29.369659846384696
0.007378859854414181,-29.456143103817947
0.007439848866894262,-29.54125993201737
0.007501341976174748,-29.624975344320433
0.007563343348802606,-29.70725404206333
0.00762585718576284,-29.78806042297526
0.007688887722763157,-29.867358590062764
0.00775243923052096,-29.94511236099455
0.007816516015052713,-30.0212852779976
0.00788112241796571,-30.095840618275496
0.007946262816752217,-30.168741404958695
0.008011941625086135,-30.239950418597694
0.008078163293121983,-30.30943020920847
0.008144932307796468,-30.377143108880233
0.008212253193132492,-30.443051244954912
0.008280130510545686,-30.5071165537874
0.00834856885915347,-30.569300795095383
0.008417572876086672,-30.629565566907186
0.008487147236803723,-30.687872321115776
0.008557296655407474,-30.744182379646194
0.008628025884964557,-30.798456951243853
0.008699339717827471,-30.850657148890015
0.00877124298595929,-30.900744007850772
0.008843740561261046,-30.948678504364615
0.008916837355901843,-30.994421574973956
0.00899053832265169,-31.037934136504216
0.009064848455217057,-31.07917710669429
0.009139772788579283,-31.118111425481242
0.009215316399335666,-31.154698076940743
0.009291484406043472,-31.18889811188473
0.00936828196956674,-31.22067267111654
0.009445714293425965,-31.249983009342657
0.009523786624150665,-31.27679051973959
0.009602504251634874,-31.301056759173292
0.009681872509495548,-31.322743474067376
0.009761896775433996,-31.341812626915456
0.009842582471600192,-31.358226423431745
0.0099239350649602,-31.37194734033273
0.010005960067666577,-31.382938153741804
0.010088663037431903,-31.39116196820718
0.01017204957790524,-31.396582246322453
0.010256125339051974,-31.399162838937166
0.01034089601753646,-31.398868015944323
0.010426367357108189,-31.395662497629583
0.01051254514899078,-31.389511486565304
0.010599435232274546,-31.380380700032045
0.010687043494311968,-31.368236402947666
0.010775375871116735,-31.353045441282553
0.010864438347765895,-31.334775275938895
0.010954236958805309,-31.313394017068966
0.011044777788658686,-31.288870458806727
0.011136066972039664,-31.261174114384897
0.01122811069436765,-31.230275251607637
0.011320915192186752,-31.19614492864818
0.01141448675358849,-31.158755030137957
0.011508831718637794,-31.118078303512405
0.011603956479802509,-31.074088395577306
0.011699867482386698,-31.026759889256695
0.011796571224967148,-30.976068340482684
0.011894074259833895,-30.921990315184974
0.01199238319343398,-30.86450342633627
0.012091504686819275,-30.80358637100833
0.012191445456097625,-30.739218967391306
0.012292212272888063,-30.67138219172712
0.012393811964779568,-30.600058215106603
0.012496251415793594,-30.525230440077877
0.01259953756685069,-30.446883537011765
0.012703677416240582,-30.365003480169243
0.01280867802009656,-30.27957758341308
0.012914546492873366,-30.19059453550601
0.013021290007829428,-30.09804443493478
0.013128915797512814,-30.001918824199258
0.013237431154251205,-29.902210723503927
0.013346843430646179,-29.798914663788096
0.013457160040071185,-29.69202671903062
0.013568388457174061,-29.581544537762444
0.013680536218383273,-29.467467373722002
0.01379361092241874,-29.349796115584763
0.013907620230806625,-29.228533315700233
0.014022571868398356,-29.10368321776788
0.014138473623894237,-28.975251783383058
0.014255333350370955,-28.843246717384964
0.014373158965813902,-28.707677491937165
0.014491958453653435,-28.568555369272815
0.014611739863306047,-28.425893423035614
0.01473251131071952,-28.27970655814979
0.01485428097892304,-28.13001152915082
0.014977057118581574,-27.97682695691183
0.015100848048554787,-27.820173343700066
0.01522566215646094,-27.660073086499548
0.01535150789924494,-27.49655048853803
0.0154783938037516,-27.329631768956755
0.015606328467303147,-27.159345070565642
0.015735320558281956,-26.985720465625565
0.015865378816717797,-26.808789959604738
0.01599651205487993,-26.628587492857218
0.016128729157874416,-26.44514894017351
0.016262039084245884,-26.25851210815914
0.016396450866584783,-26.068716730396343
0.016531973612139143,-25.875804460351517
0.016668616503431904,-25.67981886199083
0.016806388798882837,-25.48080539807418
0.016945299833436074,-25.278811416097717
0.017085359019192538,-25.07388613186306
0.01722657584604753,-24.86608061065366
0.017368959882334015,-24.655447746003308
0.017512520775470625,-24.442042236048845
0.017657268252615627,-24.22592055746082
0.017803212121325716,-24.007140936954656
0.017950362270220788,-23.785763320386668
0.01809872866965385,-23.561849339447893
0.018248321372386463,-23.335462275972368
0.018399150514270133,-23.10666702388215
0.018551226314932792,-22.875530048799146
0.01870455907847153,-22.642119345356754
0.018859159194150477,-22.40650439225344
0.019015037137105034,-22.168756105093017
0.019172203469051317,-21.9289467870664
0.019330668839002065,-21.687150077530845
0.01949044398398806,-21.44344089855349
0.0196515397297855,-21.197895399488768
0.019813966991649792,-20.950590899665514
0.019977736775054822,-20.70160582926767
0.02,-20.667791195005634
0.020142860176438963,-20.451019668494695
0.020309348383956594,-20.198912885097062
0.02047721267823646,-19.945366870384078
0.020646464433145897,-19.690463873809563
0.020817115116561338,-19.43428693624429
0.020989176291145634,-19.176919822048447
0.02116265961513116,-18.918446950064386
0.021337576843110086,-18.658953323650447
0.02151393982683046,-18.39852445988506
0.0216917605159996,-18.137246318069263
0.021871050959093415,-17.875205227663756
0.022051823304173056,-17.61248781579518
0.022234089799707916,-17.34918093447244
0.022417862795405384,-17.085371587654066
0.022603154743047943,-16.821146858308907
0.022789978197336493,-16.55659383561637
0.022978345816741384,-16.291799542449116
0.023168270364359717,-16.026850863286228
0.023359764708780466,-15.761834472699697
0.02355284182495628,-15.496836764560715
0.023747514795082435,-15.2319437821088
0.02394379680948361,-14.967241149024268
0.024141701167507204,-14.702814001645772
0.024341241278424866,-14.43874692246698
0.024542430662340627,-14.175123875048389
0.024745282951107353,-13.912028140471218
0.024949811889250228,-13.649542255460453
0.025156031334897876,-13.387747952296344
0.025363955260721698,-13.126726100628378
0.0255735977548822,-12.866556651302194
0.025784973021983962,-12.607318582299293
0.025998095384037686,-12.34908984688713
0.026212979281431004,-12.091947324065073
0.0264296392739065,-11.83596677138811
0.02664809004154858,-11.581222780237624
0.026868346385778005,-11.327788733603665
0.027090423230354592,-11.075736766431238
0.02731433562238879,-10.825137728573946
0.02754009873336077,-10.576061150390537
0.027767727860148837,-10.328575211006076
0.027997238426065437,-10.08274670925297
0.028228645981902594,-9.83864103729255
0.028461966206985382,-9.596322156910324
0.028697214910234144,-9.355852578464706
0.028934408031236033,-9.117293342458318
0.02917356164132458,-8.880704003690923
0.029414691944669072,-8.646142617939583
0.029657815279372026,-8.413665731102999
0.029902948118576682,-8.183328370732863
0.030150107071582662,-7.955184039867367
0.0303993088849718,-7.729284713067653
0.03065057044374263,-7.505680834550509
0.030903908772454282,-7.284421318298541
0.031159341036380427,-7.065553550018835
0.03141688454267182,-6.849123390813979
0.03167655674152952,-6.6351751824168055
0.031938375227386684,-6.423751753835623
0.032202357740101176,-6.2148944292453105
0.03246852216615738,-6.008643036955398
0.03273688653987789,-5.805035919278626
0.03300746904464595,-5.60410994311729
0.03328028801413692,-5.405900511082457
0.03355536193356106,-5.210441572954403
0.03383270944091547,-5.017765637293382
0.034112349328247506,-4.827903783005116
0.03439430054292745,-4.64088567066844
0.03467858218893284,-4.456739553430259
0.034965213528142705,-4.275492287278271
0.03525421398164239,-4.097169340503681
0.03554560313104003,-3.921794802171349
0.03583940071979269,-3.7493913894230455
0.036135626654544756,-3.5799804534449757
0.03643430100647609,-3.4135819839432204
0.03673544401266253,-3.2502146119792967
0.03703907607744685,-3.0898956110330595
0.03734521777382104,-2.9326408961734205
0.03765388984482083,-2.7784650212330773
0.0379651132049305,-2.6273811739027484
0.0382789089415006,-2.4794011686771533
0.038595298316176176,-2.3345354376080922
0.038914302766337845,-2.192793018839896
0.039235943906554153,-2.05418154292763
0.03956024353004582,-1.9187072169622685
0.03988722361016294,-1.7863748065525864
0.040216906301873155,-1.6571876157416594
0.04054931394326347,-1.5311474649615113
0.040884469057053126,-1.4082546671598397
0.04122239435212033,-1.2885080022593236
0.04156311272504023,-1.1719046901409147
0.041906647261636926,-1.0584403623693794
0.04225302123854743,-0.9481090329096737
0.04260225812479849,-0.8409030681093381
0.04295438158339744,-0.7368131562494526
0.04330941547293479,-0.6358282769930645
0.04366738384920149,-0.5379356710830243
0.04402831096681817,-0.4431208106648352
0.044392221280879156,-0.35136737062884293
0.044759139448609195,-0.2626572013847652
0.04512909033103388,-0.1769703034953949
0.04550209899466474,-0.09428480460761346
0.04587819071319697,-0.014576939127256772
0.0462573909692226,0.06217896891283603
0.04663972545595633,0.13601051934134656
0.0470252200789772,0.20694724524935815
0.047413900957983084,0.2750206178673076
0.04780579442856113,0.3402640464971398
0.04820092704397188,0.4027128730966347
0.04859932557694813,0.462404361137557
0.04900101702150961,0.5193776783880686
0.04940602859479127,0.5736738733031699
0.04981438773888814,0.625335844746413
0.050226122122713955,0.6744083048084515
0.050641259643876585,0.7209377345364176
0.05105982843056795,0.7649723324390647
0.051481856843469634,0.8065619556882533
0.05190737347767514,0.8457580539958154
0.052336407164626654,0.8826135962055097
0.05276898697406929,0.9171829897034229
0.05320514221601999,0.9495219928141962
0.053644902442754286,0.9796876204161369
0.05408829745080777,1.0077380430730118
0.05453535728299577,1.0337324800452685
0.05498611223044867,1.057731086605752
0.055440592834663883,1.0797948361458287
0.05589882988957611,1.0999853976150908
0.05636085444364288,1.1183650088909902
0.056826697801949176,1.1349963467237942
0.05729639152832767,1.1499423939452655
0.05776996744749815,1.163266304667002
0.05824745764722352,1.1750312682248123
0.0587288944804836,1.1853003726491538
0.05921431056766803,1.1941364684575626
0.05970373879878561,1.2016020335729867
0.06019721233569374,1.2077590401719585
0.060694764614344344,1.2126688242581314
0.06119642934705042,1.2163919587402252
0.06170224052476922,1.218988130768697
0.06221223241940623,1.2205160240528947
0.06272643958613694,1.221033206840319
0.06324489686574782,1.220596026192387
0.06376763938699784,1.2192595091373066
0.06429470256899769,1.2170772712210165
0.06482612212361064,1.21410143291231
0.06536193405787125,1.210382544249109
0.06590217467642596,1.2059695180402028
0.06644688058399258,1.2009095718616116
0.06699608868784006,1.1952481790099325
0.06754983620029016,1.1890290284976182
0.06810816064123776,1.182293994098127
0.06867109984069408,1.1750831123730348
0.0692386919413489,1.1674345695397872
0.06981097540115587,1.1593846969682047
0.0703879889959379,1.1509679750274793
0.070969771822014,1.1422170449435054
0.07155636329884933,1.1331627282699126
0.07214780317172502,1.1238340535256828
0.0727441315144322,1.1142582895079616
0.07334538873198616,1.104460984751427
0.07395161556336528,1.0944660125750667
0.07456285308427003,1.0842956211341925
0.07517914270990726,1.0739704878794147
0.07580052619779584,1.0635097778156168
0.07642704565059558,1.0529312049520745
0.07705874351896098,1.0422510963397493
0.07769566260441634,1.031484458103106
0.07833784606225702,1.0206450428908378
0.07898533740447229,1.0097454181925798
0.07963818050269464,0.9987970349959548
0.0802964195911718,0.9878102962900418
0.08096009926976357,0.9767946249564551
0.08162926450696467,0.9657585306273289
0.08230396064295055,0.9547096751298828
0.0829842333926506,0.9436549361789701
0.08367012884884442,0.9326004690218795
0.0843616934852862,0.9215517657824899
0.08505897415985225,0.9105137122946454
0.08576201811771711,0.8994906422561446
0.08647087299455422,0.8884863885751526
0.08718558681976298,0.8775043318191573
0.0879062080197243,0.8665474457127116
0.08863278542108038,0.8556183396638588
0.08936536825404442,0.844719298329683
0.09010400615573486,0.8338523182593001
0.09084874917353988,0.8230191416769357
0.09159964776850789,0.8122212874892285
0.092356752818766,0.8014600796188717
0.0931201156229687,0.7907366727816418
0.09388978790377202,0.7800520758358228
0.0946658218113398,0.7694071728417994
0.09544826992687548,0.7588027419759733
0.09623718526618642,0.7482394724465995
0.09703262128327453,0.7377179795606824
0.09783463187395944,0.7272388180901702
0.09864327137952972,0.7168024940832916
0.0994585945904242,0.7064094752627404
0.10028065674994587,0.6960602001470185
0.10110951355800325,0.6857550860249343
0.10194522117488607,0.6754945359059219
0.10278783622506886,0.6652789445611601
0.10363741580104904,0.6551087037621738
0.10449401746721475,0.6449842068153447
0.1053576992637444,0.634905852482276
0.10622851971054093,0.6248740483676476
0.10710653781119508,0.6148892138482202
0.10799181305698502,0.6049517826087419
0.10888440543090552,0.595062204843334
0.1097843754117337,0.5852209491738507
0.11069178397812618,0.5754285043304553
0.11160669261275012,0.5656853806336687
0.11252916330645066,0.5559921113117688
0.11345925856244929,0.546349253682672
0.11439704140058075,0.5367573902249225
0.11534257536156114,0.5272171295587298
0.11629592451129511,0.5177291073544281
0.11725715344521477,0.5082939871829144
0.11822632729265815,0.49891246131989686
0.11920351172128144,0.48958525151368026
0.12018877294150758,0.48031310972423324
0.12118217771101424,0.4710968188396788
0.12218379333925498,0.46193719337502515
0.12319368769202203,0.45283508015672336
0.12421192919604251,0.4437913589957613
0.12523858684361655,0.43480694335111514
0.12627373019729127,0.42588278098479637
0.12731742939457322,0.4170198546091115
0.12836975515268248,0.4082191825263163
0.12943077877334216,0.39948181926048987
0.1305005721476116,0.3908088561810642
0.1315792077607553,0.38220142211727504
0.1326667586971564,0.3736606839624471
0.13376329864526662,0.3651878472669532
0.1348689019026007,0.35678415681839426
0.13598364338077,0.34845089720748423
0.13710759861055719,0.3401893933779281
0.1382408437470361,0.3320010111584275
0.13938345557472925,0.3238871577749105
0.14053551151281293,0.31584928234082765
0.1416970896203604,0.3078888763233829
0.14286826860163301,0.30000747398329963
0.14404912781141205,0.2922066527857392
0.1452397472603745,0.28448803377979415
0.14644020762051657,0.2768532819438505
0.14765059023061716,0.26930410649408376
0.14887097710175154,0.26184226115312126
0.15010145092284574,0.25446954437589
0.15134209506628157,0.24718779952946424
0.1525929935935434,0.23999891502369342
0.15385423126091569,0.23290482438919047
0.15512589352522513,0.22590750629922396
0.1564080665496298,0.21900898453189677
0.15770083720945952,0.2122113278688782
0.15900429309809955,0.20551664992690966
0.16031852253292836,0.19892710891810306
0.16164361456129892,0.19244490733506758
0.16297965896657457,0.1860722915566817
0.1643267462742115,0.17981155137035643
0.16568496775789132,0.17366501940647572
0.16705441544570776,0.16763507048063908
0.1684351821263996,0.16172412083931986
0.16982736135564022,0.15593462730441
0.17123104746237405,0.15026908631217206
0.1726463355552105,0.14473003284199848
0.1740733215288656,0.13932003923045122
0.17551210207066173,0.13404171386595753
0.17696277466707797,0.12889769975963516
0.178425437610354,0.1238906729877014
0.17990019000515295,0.1190233410009629
0.1813871317752732,0.11429844079700358
0.18288636367042185,0.1097187369507091
0.1843979872730382,0.10528701949894836
0.18592210500517914,0.10100610167530544
0.18745882013545798,0.09687881749097293
0.1890082367860401,0.09290801915807778
0.19057045993970081,0.08909657435192297
0.1921455954469354,0.08544736330892011
0.19373375003313437,0.08196327575720619
0.19533503130581145,0.0786472076773137
0.1969495477618977,0.07550205789055475
0.1985774087950914,0.07253072447320386
0.20021872470326918,0.06973610099495753
0.20187360669596216,0.06712107258060351
0.20354216690188778,0.06468851179433988
0.20522451837655054,0.06244127434668889
0.20692077510989898,0.06038219462454619
0.20863105203405247,0.05851408104547873
0.21035546503108532,0.05683971123807097
0.21209413094088136,0.055361827050746104
0.21384716756904942,0.05408312939227078
0.2156146936949041,0.05300627290785731
0.2173968290795167,0.052133860495592765
0.21919369447382656,0.05146843766875264
0.221005411626826,0.05101248677040049
0.22283210329380607,0.05076842104757562
0.2246738932446773,0.050738578593279904
0.22653090627235425,0.05092521616541634
0.22840326820120999,0.05133050289279151
0.23029110589560436,0.05195651387927591
0.23219454726847646,0.05280522371820373
0.23411372129001506,0.053878499930098744
0.23604875799639344,0.055178096337810345
0.237999788498584,0.05670564639415554
0.23996694499123805,0.058462656478155184
0.24195036076164605,0.0604504991769248
0.2439501701987675,0.0626704065712691
0.24596650880233487,0.06512346354393306
0.24799951319203817,0.06781060113039628
0.2500493211167778,0.07073258993293796
0.25211607146400195,0.07389003361953195
0.254199904269113,0.07728336252987111
0.25630096072495934,0.08091282741154815
0.25841938319140073,0.08477849331000475
0.26055531520495223,0.08888023363644704
0.2627089014885136,0.09321772443836507
0.26488028796117097,0.09779043889765782
0.2670696217480878,0.10259764208166655
0.2692770511904696,0.10763838597251796
0.2715027258556189,0.11291150480030099
0.27374679654706546,0.11841561070545403
0.2760094153147876,0.12414908975559957
0.27829073546551325,0.13011009834168996
0.2805909115731055,0.13629655997788914
0.28291009948904,0.14270616252901913
0.28524845635296037,0.1493363558886176
0.28760614060332995,0.15618435012983822
0.2899833119881624,0.16324711415031634
0.2923801315758497,0.17052137483104057
0.2947967617660737,0.1780036167278869
0.29723336630080827,0.18569008231306228
0.29969011027541764,0.1935767727821418
0.30216716014983797,0.20165944944059433
0.3046646837598611,0.2099336356819561
0.30718285032850146,0.21839461956774808
0.30972183047746604,0.22703745701726397
0.3122817962387138,0.2358569756131007
0.31486292106610964,0.2448477790260879
0.31746537984718143,0.254004252060948
0.32008934891496477,0.2633205663215099
0.32273500605995575,0.2727906864919688
0.32540253054215235,0.28240837722800405
0.32809210310320536,0.29216721064917583
0.33080390597865966,0.3020605744212972
0.3335381229103067,0.3120816804150498
0.3362949391586317,0.32222357392442
0.3390745415153646,0.332479143426074
0.34187711831614087,0.34284113085828627
0.3447028594532573,0.3533021423955146
0.34755195638854336,0.36385465969246567
0.350424602166329,0.3744910515690524
0.3533209914265291,0.38520358610560446
0.3562413204178298,0.3959844431154571
0.35918578701098286,0.4068257269601795
0.3621545907122184,0.41771947967087575
0.3651479326767565,0.428657694337208
0.3681660157224426,0.4396323287244285
0.3712090443434839,0.4506353190771798
0.374277224724311,0.46165859406781806
0.37737076475354236,0.47269408884584163
0.38048987403807505,0.4837337591443908
0.38363476391728496,0.49476959539901466
0.386805647477344,0.5057936368336162
0.3900027395656633,0.516797985468272
0.39322625680544443,0.5277748200035728
0.39647641761036323,0.5387164095364922
0.39975344219936226,0.5496151270630805
0.40305755261157783,0.5604634627240932
0.40638897272138197,0.5712540367503848
0.40974792825354883,0.5819796120660659
0.41313464679855505,0.5926331065086892
0.41654935782799335,0.6032076046271102
0.4199922927101279,0.6136963690194882
0.4234636847255636,0.6240928511755478
0.4269637690830598,0.6343907017894312
0.4304927829354598,0.6445837805114705
0.43405096539576576,0.6546661651097001
0.43763855755333747,0.6646321600142717
0.44125580249022495,0.674476304220606
0.44490294529764507,0.6841933785298302
0.448580233092581,0.6937784121077735
0.45228791503453275,0.703226688346805
0.45602624234239264,0.7125337500176148
0.45979546831147283,0.7216954037011667
0.46359584833066525,0.730707723493975
0.46742763989974284,0.7395670539829531
0.47129110264681345,0.7482700124891426
0.4751864983459036,0.7568134905825468
0.47911409093470325,0.7651946548734054
0.4830741465324411,0.7734109470880095
0.4870669334579239,0.7814600834401425
0.4910927222477091,0.7893400533118439
0.4951517856744418,0.7970491172599536
0.49924439876533433,0.8045858043673146
0.5033708388207977,0.8119489089599463
0.507531385433238,0.8191374867137503
0.5117263205059918,0.826150850176302
0.5159559282724354,0.8329885637312994
0.5202204953152356,0.8396504380348493
0.5245203105857736,0.8461365239544099
0.5288556654237218,0.8524471060424779
0.533226853576779,0.8585826955782949
0.5376341712205825,0.8645440232118208
0.5420779169787664,0.8703320312449018
0.5465583919432043,0.8759478655852119
0.5510758996944014,0.8813928674087975
0.5556307463220717,0.8866685645673231
0.5602232404458739,0.8917766627759914
0.5648536932363197,0.8967190366179701
0.5695224184358646,0.9014977204007545
0.5742297323801575,0.9061148988993136
0.5789759540194831,0.910572898020212
0.5837614049403639,0.9148741754199825
0.588586409387359,0.9190213111100897
0.5934512942850242,0.9230169980796449
0.5983563892600715,0.926864032965862
0.6033020266636999,0.9305653068008506
0.6082885415941108,0.934123795861966
0.6133162719192213,0.9375425526514198
0.618385558299547,0.9408246970292782
0.623496744211294,0.9439734075224004
0.6286501759696218,0.9469919128301708
0.6338462027521166,0.9498834835462464
0.639085176622447,0.9526514241138055
0.6443674525542143,0.9552990650301132
0.6496933884550138,0.9578297553145143
0.655063345190674,0.9602468552522777
0.660477686609719,0.9625537294250806
0.6659367795680101,0.9647537400372729
0.6714409939536142,0.9668502405455095
0.6769907027118546,0.9688465695977679
0.6825862818705897,0.9707460452863187
0.6882281105656879,0.9725519597177638
0.6939165710667121,0.9742675739019128
0.6996520488028303,0.9758961129599658
0.7054349323889195,0.9774407616512343
0.7112656136519091,0.9789046602165025
0.717144487657317,0.9802909005350171
0.7230719527360288,0.9816025225911202
0.7290484105112823,0.9828425112455879
0.7350742659258761,0.984013793305888
0.7411499272696169,0.9851192348888036
0.7472758062069722,0.9861616390681431
0.7534523178049748,0.9871437437996458
0.7596798805613346,0.9880682201146184
0.7659589164328061,0.9889376705733605
0.7722898508637667,0.9897546279689975
0.7786731128150541,0.9905215542720015
0.7851091347930264,0.9912408398053666
0.7915983528788622,0.9919148026401826
0.7981412067581191,0.9925456882011637
0.8047381397505123,0.9931356690715679
0.811389598839966,0.9936868449868576
0.8180960347048848,0.9942012430064401
0.8248579017487028,0.9946808178528226
0.8316756581306669,0.9951274524075873
0.8385497657968752,0.9955429583536799
0.8454806905115879,0.9959290769536353
0.8524689018887731,0.9962874799535242
0.8595148734239392,0.9966197706025949
0.8666190825262035,0.9969274847788001
0.8737820105506536,0.9972120922106362
0.8810041428309486,0.9974749977859825
0.8882859687122154,0.9977175429389068
0.8956279815841998,0.9979410071056967
0.9,0.9980647219928064
0.9030306789146911,0.9981466092416765
0.9104945622832421,0.9983355093907035
0.9180201374151391,0.9985088102995434
0.9256079142156824,0.9986675590696811
0.9332584068047217,0.9988127488394419
0.9409721335515032,0.9989453204896643
0.9487496171097872,0.9990661643664914
0.9565913844532554,0.9991761220152114
0.9644979669112302,0.999275987919413
0.9724699002046597,0.9993665112400733
0.9805077244824324,0.9994483975495334
0.9886119843579596,0.9995223105556597
0.9967832289460905,0.9995888738118144
1.005022011900312,0.9996486724085939
1.013328891450256,0.9997022546436085
1.0217044304395382,0.999750133665894
1.0301491963638763,0.9997927890918431
1.0386637614095593,0.9998306685898538
1.0472487024922,0.999864189431168
1.0559046012958402,0.9998937400046537
1.0646320443123483,0.9999196812935561
1.0734316228811716,0.9999423483125
1.0823039332293967,0.9999620515032625
1.0912495765121422,0.999979078088092
1.1002691588533051,0.9999936933795495
1.1093632913866125,1.0000061420460864
1.1185325902970473,1.0000166493327594
1.1277776768625805,1.0000254222366811
1.1370991774962824,1.0000326506369899
1.1464977237887604,1.0000385083792822
1.155973952550945,1.0000431543146218
1.1655285058572544,1.000046733293374
1.1751620310890807,1.000049377114264
1.1848751809786728,1.0000512054291726
1.1946686136533438,1.000052326604308
1.2045429926800828,1.0000528385384868
1.2144989871104965,1.000052829439368
1.2245372715261584,1.0000523785585538
1.2346585260843088,1.0000515568865558
1.2448634365639324,1.0000504278086924
1.2551526944122415,1.0000490477230415
1.2655269967915057,1.0000474666216146
1.2759870466263097,1.0000457286359736
1.2865335526511599,1.0000438725485337
1.2971672294585241,1.0000419322708274
1.307888797547242,1.0000399372900273
1.318698983371335,1.0000379130850303
1.3295985193892472,1.0000358815134187
1.3405881441134528,1.0000338611706145
1.351668602160516,1.0000318677225344
1.3628406443015217,1.0000299142130478
1.3741050275129678,1.000028011347524
1.3854625150280324,1.000026167753734
1.3969138763883069,1.0000243902213595
1.4084598874959293,1.0000226839213167
1.4201013306661485,1.0000210526061024
1.4318389946803494,1.0000194987923041
1.4436736748394765,1.000018023926414
1.4556061730179435,1.0000166285350247
1.467637297717941,1.000015312360469
1.4797678641242396,1.0000140744829042
1.4919986941594134,1.0000129134298221
1.504330616539523,1.0000118272739107
1.5167644668302862,1.000010813720155
1.529301087503669,1.0000098701830296
1.5419413279949936,1.0000089938545795
1.5546860447604665,1.0000081817641566
1.5675361013352325,1.0000074308305322
1.5804923683918743,1.0000067379070632
1.593555723799397,1.000006099820549
1.6067270526827309,1.0000055134043841
1.6200072474826792,1.0000049755265599
1.6333972080164127,1.0000044831130417
1.6468978415384108,1.000004033167008
1.6605100628019616,1.0000036227843965
1.6742347941211142,1.0000032491661854
1.6880729654331958,1.000002909627778
1.7020255143618108,1.0000026016058603
1.716093386280359,1.0000023226630423
1.7302775343761165,1.0000020704905859
1.7445789197147914,1.0000018429094848
1.7589985113056705,1.0000016378701424
1.773537286167247,1.0000014534508626
1.788196229393445,1.0000012878553606
1.8029763342203557,1.0000011394094597
1.8178786020935234,1.000001006557142
1.8329040427358256,1.0000008878560873
1.8480536742158598,1.0000007819728234
1.8633285230169518,1.0000006876776015
1.8787296241066784,1.0000006038390874
1.894258021007022,1.0000005294189447
1.9099147658650457,1.000000463466393
1.92570091952421,1.00000040511279
1.9416175515962395,1.0000003535662878
1.957665740533585,1.000000308106611
1.9738465737025224,1.0000002680799833
1.9901611474567968,1.0000002328942363
2.0066105672119394,1.0000002020141125
2.023195947520135,1.0000001749567848
2.0399184121457674,1.0000001512876018
2.05677909414155,1.0000001306160626
2.073779135925283,1.0000001125920286
2.090919689357292,1.0000000969021665
2.1082019158184377,1.0000000832666296
2.1256269862888413,1.0000000714359611
2.143196081427191,1.0000000611882238
2.160910391650775,1.000000052326343
2.178771117216103,1.0000000446756558
2.1967794683002646,1.0000000380816554
2.214936665082911,1.0000000324079288
2.233243937828917,1.000000027534261
2.251702526971771,1.0000000233549153
2.270313683197586,1.0000000197770653
2.2890786675298767,1.00000001671937
2.307998751414968,1.0000000141106902
2.327075216808173,1.0000000118889238
2.3463093562606407,1.0000000099999626
2.365702473006921,1.00000000839675
2.3852558810532987,1.000000007038442
2.4049709052667896,1.0000000058896517
2.4248488814649445,1.0000000049197808
2.444891156506323,1.0000000041024197
2.4650990883817907,1.0000000034148193
2.485474046306489,1.00000000283742
2.506017410812647,1.0000000023534381
2.5267305738431034,1.0000000019484987
2.5476149388456064,1.0000000016103123
2.5686719208679394,1.0000000013283972
2.5899029466537606,1.0000000010938246
2.6113094547393145,1.00000000089901
2.632892895550859,1.0000000007375176
2.6546547315029794,1.0000000006039014
2.67659643709766,1.0000000004935594
2.698719499024173,1.0000000004026124
2.7210254162598533,1.0000000003277958
2.743515700171614,1.0000000002663683
2.766191874618401,1.0000000002160319
2.7890554760543944,1.000000000174865
2.812108053633157,1.0000000001412648
2.835351169312579,1.0000000001138942
2.8587863979606944,1.0000000000916436
2.882415327462429,1.0000000000735914
2.906239558827143,1.0000000000589755
2.930260706297155,1.000000000047166
2.954480397457073,1.000000000037644
2.978900273344117,1.0000000000299822
3.0,1.0000000000246259
3.0035219885592657,1.00000000002383
3.028347211379405,1.0000000000189
3.0533776238703503,1.0000000000149583
3.078614922000793,1.0000000000118132
3.1040608157572613,1.0000000000093097
3.129717029259931,1.000000000007321
3.1555853008794945,1.0000000000057445
3.181667383354898,1.0000000000044968
3.2079650439121443,1.0000000000035127
3.2344800643840137,1.000000000002738
3.2612142413307756,1.0000000000021294
3.2881693861619627,1.000000000001652
3.315347325259052,1.000000000001279
3.3427499000992684,1.0000000000009879
3.370378967380301,1.0000000000007616
3.398236399146161,1.0000000000005853
3.4263240829139696,1.0000000000004488
3.4546439218018987,1.0000000000003435
3.4831978346580965,1.000000000000262
3.5119877561906816,1.0000000000001994
3.541015637098882,1.0000000000001517
3.570283444205147,1.000000000000115
3.5997931605884745,1.0000000000000868
3.629546785718714,1.0000000000000653
3.6595463355920983,1.0000000000000493
3.6897938428678154,1.0000000000000369
3.720291357005713,1.0000000000000275
3.7510409444052155,1.0000000000000207
3.7820446885452728,1.000000000000015
3.813304690125592,1.0000000000000109
3.844823067208911,1.0000000000000084
3.876601955364574,1.000000000000006
3.908643507813164,1.0000000000000044
3.940949895572456,1.0000000000000036
3.9735233076044905,1.0000000000000027
4.006365950963868,1.000000000000002
4.039480050947345,1.0000000000000013
4.072867851244549,1.000000000000001
4.106531614090066,1.0000000000000007
4.140473620416658,1.0000000000000004
4.174696170009864,1.0000000000000004
4.209201581663805,1.0000000000000002
4.243992193338273,1.0000000000000002
4.279070362317192,1.0000000000000002
4.3144384653682835,1.0
4.3500988989041645,1.0
4.386054079144661,1.0
4.422306442280574,1.0
4.458858444638727,1.0
4.495712562848367,1.0
4.532871294009039,1.0
4.5703371558597015,1.0
4.608112686949399,1.0
4.646200446809185,1.0
4.684603016125625,1.0
4.723322996915579,1.0
4.762363012702567,1.0
4.801725708694506,1.0
4.841413751962907,1.0
4.881429831623656,1.0
4.921776659019138,1.0
4.962456967902028,1.0
5.0,1.0
5.003473514620442,1.0
5.044829078304763,1.0
5.086526461055918,1.0
5.128568488135207,1.0
5.170958008155805,1.0
5.213697893275684,1.0
5.256791039392314,1.0
5.300240366338786,1.0
5.344048818081737,1.0
5.388219362920738,1.0
5.432754993689489,1.0
5.477658727958568,1.0
5.522933608239862,1.0
5.568582702192791,1.0
5.61460910283207,1.0
5.661015928737376,1.0
5.7078063242645545,1.0
5.754983459758755,1.0
5.802550531769204,1.0
5.850510763265757,1.0
5.898867403857359,1.0
5.947623730012129,1.0
5.996783045279458,1.0
6.0463486805137485,1.0
6.096323994100199,1.0
6.146712372182258,1.0
6.197517228891141,1.0
6.248742006577126,1.0
6.300390176042753,1.0
6.352465236778082,1.0
6.404970717197706,1.0
6.457910174879924,1.0
6.511287196807685,1.0
6.565105399611725,1.0
6.61936842981557,1.0
6.674079964082577,1.0
6.729243709465144,1.0
6.7848634036557725,1.0
6.840942815240438,1.0
6.897485743953819,1.0
6.954496020936865,1.0
7.011977508996272,1.0
7.069934102866304,1.0
7.128369729472652,1.0
7.187288348198458,1.0
7.246693951152693,1.0
7.30659056344053,1.0
7.366982243436185,1.0
7.427873083057787,1.0
7.489267208044726,1.0
7.5511687782371615,1.0
7.613581987857825,1.0
7.676511065796317,1.0
7.739960275895517,1.0
7.803933917240608,1.0
7.8684363244502435,1.0
7.933471867970355,1.0
7.999044954370231,1.0
8.065160026641038,1.0
8.131821564496981,1.0
8.199034084678694,1.0
8.266802141259413,1.0
8.335130325953415,1.0
8.404023268427261,1.0
8.47348563661336,1.0
8.54352213702636,1.0
8.614137515081994,1.0
8.685336555418575,1.0
8.757124082221285,1.0
8.829504959548919,1.0
8.90248409166359,1.0
8.976066423362886,1.0
9.050256940315036,1.0
9.12506066939666,1.0
9.20048267903333,1.0
9.276528079543102,1.0
9.353202023482632,1.0
9.430509705996446,1.0
9.508456365168785,1.0
9.587047282378677,1.0
9.666287782657628,1.0
9.746183235050562,1.0
9.826739052979553,1.0
9.907960694610553,1.0
9.989853663223359,1.0
10.072423507584336,1.0
10.155675822322541,1.0
10.239616248308636,1.0
10.324250473037225,1.0
10.409584231012172,1.0
10.495623304135073,1.0
10.58237352209717,1.0
10.669840762774182,1.0
10.758030952624733,1.0
10.846950067091738,1.0
10.936604131007455,1.0
11.026999219001517,1.0
11.118141455912703,1.0
11.210037017203843,1.0
11.302692129380196,1.0
11.396113070411486,1.0
11.490306170157087,1.0
11.58527781079511,1.0
11.681034427254632,1.0
11.77758250765188,1.0
11.874928593729765,1.0
11.973079281301057,1.0
12.072041220695466,1.0
12.171821117210035,1.0
12.272425731563679,1.0
12.373861880355062,1.0
12.476136436524634,1.0
12.579256329820248,1.0
12.68322854726662,1.0
12.788060133638911,1.0
12.893758191939867,1.0
13.000329883881276,1.0
13.107782430369037,1.0
13.216123111992612,1.0
13.32535926951813,1.0
13.435498304385954,1.0
13.546547679212093,1.0
13.65851491829377,1.0
13.771407608119418,1.0
13.8,1.0
13.885233397882496,1.0
13.999999999999996,1.0
