jalon,z,obs,sigma_obs,classe
BAO_z=0.106,0.106,457.0,27.0,ordre2
BAO_z=0.150,0.15,664.0,25.0,ordre2
BAO_z=0.380,0.38,1477.0,16.0,ordre2
BAO_z=0.510,0.51,1975.0,20.0,ordre2
BAO_z=0.610,0.61,2306.0,29.0,ordre2
BAO_z=1.520,1.52,3843.0,147.0,ordre2
SN0,0.00122,28.9987,1.51645,ordre2
SN1,0.00122,29.0559,1.51747,ordre2
SN2,0.00256,30.7233,0.782372,ordre2
SN3,0.00256,30.7449,0.799068,ordre2
SN4,0.00299,30.7757,0.881212,ordre2
SN5,0.00317,30.7946,0.614535,ordre2
SN6,0.00331,30.4604,0.594683,ordre2
SN7,0.00331,30.5528,0.580251,ordre2
SN8,0.00331,30.4013,0.578445,ordre2
SN9,0.00331,30.5107,0.578546,ordre2
SN10,0.00333,31.5011,0.591006,ordre2
SN11,0.00349,31.7933,0.55272,ordre2
SN12,0.00349,31.4967,0.545492,ordre2
SN13,0.00359,31.6969,0.550993,ordre2
SN14,0.00384,30.9999,0.566505,ordre2
SN15,0.00407,31.3933,0.476404,ordre2
SN16,0.00407,31.3779,0.479276,ordre2
SN17,0.00432,31.499,0.514259,ordre2
SN18,0.00432,31.5611,0.530838,ordre2
SN19,0.00465,31.9309,0.442017,ordre2
SN20,0.00465,32.033,0.420403,ordre2
SN21,0.00482,31.2476,0.558603,ordre2
SN22,0.00483,31.1331,0.446882,ordre2
SN23,0.00483,31.6525,0.564724,ordre2
SN24,0.00483,31.2234,0.410577,ordre2
SN25,0.00483,31.34,0.562589,ordre2
SN26,0.00483,31.7635,0.574442,ordre2
SN27,0.00488,31.4473,0.448264,ordre2
SN28,0.00488,31.539,0.407028,ordre2
SN29,0.00538,31.6512,0.514401,ordre2
SN30,0.00548,31.7282,0.501431,ordre2
SN31,0.0057,31.9117,0.469628,ordre2
SN32,0.0057,31.8985,0.483668,ordre2
SN33,0.00571,31.6799,0.375913,ordre2
SN34,0.00571,31.6292,0.385756,ordre2
SN35,0.00587,31.7403,0.491367,ordre2
SN36,0.00588,32.1822,0.339643,ordre2
SN37,0.00592,32.4685,0.487055,ordre2
SN38,0.00602,31.9404,0.344335,ordre2
SN39,0.00602,32.0666,0.343707,ordre2
SN40,0.00602,31.9102,0.350249,ordre2
SN41,0.00616,30.9079,0.524992,ordre2
SN42,0.00616,31.1857,0.452235,ordre2
SN43,0.00625,32.0667,0.32593,ordre2
SN44,0.00625,32.0023,0.36156,ordre2
SN45,0.00625,32.0999,0.322811,ordre2
SN46,0.00625,32.0337,0.339166,ordre2
SN47,0.0063,32.0754,0.533991,ordre2
SN48,0.0063,32.0843,0.537335,ordre2
SN49,0.0063,32.0203,0.538159,ordre2
SN50,0.00631,32.8333,0.562902,ordre2
SN51,0.00634,32.4001,0.482567,ordre2
SN52,0.00648,32.4608,0.318474,primaire
SN53,0.00648,32.4338,0.32229,primaire
SN54,0.00665,31.7321,0.531169,ordre2
SN55,0.00668,31.2217,0.420706,ordre2
SN56,0.00673,32.3593,0.359446,ordre2
SN57,0.00676,31.9733,0.415464,ordre2
SN58,0.00677,32.1951,0.34053,ordre2
SN59,0.00677,32.1729,0.371125,ordre2
SN60,0.00677,32.2048,0.34795,ordre2
SN61,0.00692,32.4405,0.439634,ordre2
SN62,0.0071,32.3193,0.325586,ordre2
SN63,0.0071,32.3327,0.348317,ordre2
SN64,0.0071,32.3221,0.322655,primaire
SN65,0.00719,32.4423,0.300309,primaire
SN66,0.00719,32.4642,0.300269,primaire
SN67,0.00747,32.7943,0.289134,primaire
SN68,0.00747,32.7423,0.294759,primaire
SN69,0.00747,32.7685,0.292411,primaire
SN70,0.0075,32.3312,0.373843,ordre2
SN71,0.0075,32.2998,0.396652,ordre2
SN72,0.00795,32.6418,0.362719,ordre2
SN73,0.00814,32.7164,0.317031,primaire
SN74,0.00814,32.6151,0.317457,primaire
SN75,0.00814,32.7092,0.367554,ordre2
SN76,0.00815,32.3711,0.371926,ordre2
SN77,0.00815,32.7434,0.280148,primaire
SN78,0.00815,32.6707,0.286975,primaire
SN79,0.00817,32.4455,0.490787,ordre2
SN80,0.00818,32.484,0.342662,ordre2
SN81,0.00821,33.2138,0.462834,ordre2
SN82,0.00838,32.521,0.465611,ordre2
SN83,0.00838,32.6922,0.484865,ordre2
SN84,0.00855,32.6928,0.359218,ordre2
SN85,0.00855,32.852,0.318032,primaire
SN86,0.00857,32.7527,0.26758,primaire
SN87,0.00861,32.7223,0.383433,ordre2
SN88,0.00863,32.3744,0.338325,ordre2
SN89,0.00863,32.3945,0.331296,ordre2
SN90,0.00863,32.335,0.337879,ordre2
SN91,0.00864,32.4198,0.425219,ordre2
SN92,0.00883,32.8616,0.327035,primaire
SN93,0.00906,32.799,0.368859,ordre2
SN94,0.00906,32.7498,0.409525,ordre2
SN95,0.00925,32.8914,0.286425,primaire
SN96,0.00925,32.8973,0.282867,primaire
SN97,0.00925,32.9159,0.285505,primaire
SN98,0.00935,32.3353,0.401367,ordre2
SN99,0.00954,33.0399,0.268981,primaire
SN100,0.00954,33.2135,0.253629,primaire
SN101,0.00954,33.2309,0.251906,primaire
SN102,0.00954,33.2469,0.254885,primaire
SN103,0.00957,32.901,0.309548,primaire
SN104,0.00957,32.8654,0.334488,ordre2
SN105,0.00966,32.8029,0.35789,ordre2
SN106,0.00966,32.9165,0.372831,ordre2
SN107,0.00993,33.4753,0.372879,ordre2
SN108,0.00996,32.6457,0.409088,ordre2
SN109,0.00996,32.7458,0.360296,ordre2
SN110,0.00996,32.9015,0.334006,ordre2
SN111,0.01016,32.7794,0.348547,ordre2
SN112,0.01017,32.9182,0.365223,ordre2
SN113,0.01017,32.9674,0.341878,ordre2
SN114,0.01026,33.3378,0.306294,primaire
SN115,0.01026,33.2253,0.299086,primaire
SN116,0.01028,33.2788,0.247952,primaire
SN117,0.01042,33.1236,0.317227,primaire
SN118,0.01044,33.0869,0.343916,ordre2
SN119,0.01061,33.3806,0.309009,primaire
SN120,0.01061,33.2931,0.27457,primaire
SN121,0.01073,33.1081,0.364668,ordre2
SN122,0.01079,33.0683,0.324016,primaire
SN123,0.01079,33.1809,0.377969,ordre2
SN124,0.01096,33.5709,0.314858,primaire
SN125,0.01114,33.7337,0.342487,ordre2
SN126,0.01114,33.6369,0.29522,primaire
SN127,0.01122,33.8347,0.353909,ordre2
SN128,0.01122,33.4336,0.283424,primaire
SN129,0.01122,33.4947,0.325172,primaire
SN130,0.01155,33.5833,0.281169,primaire
SN131,0.01195,33.4974,0.301502,primaire
SN132,0.01213,33.8783,0.346381,ordre2
SN133,0.0122,33.7023,0.266666,primaire
SN134,0.01233,33.7403,0.254135,primaire
SN135,0.01246,33.8286,0.265115,primaire
SN136,0.01258,33.708,0.24076,primaire
SN137,0.01258,33.7246,0.250097,primaire
SN138,0.01259,33.5874,0.26006,primaire
SN139,0.01259,33.5178,0.26619,primaire
SN140,0.01279,33.7492,0.416658,ordre2
SN141,0.01283,33.6365,0.287379,primaire
SN142,0.01283,33.5028,0.331124,primaire
SN143,0.01303,33.7355,0.239783,primaire
SN144,0.01303,33.7607,0.28722,primaire
SN145,0.01304,33.5752,0.292564,primaire
SN146,0.01304,33.5673,0.284786,primaire
SN147,0.01312,33.52,0.273536,primaire
SN148,0.01312,33.4717,0.261601,primaire
SN149,0.01325,33.9682,0.303693,primaire
SN150,0.01325,33.9846,0.299399,primaire
SN151,0.01325,33.9247,0.304606,primaire
SN152,0.01375,33.797,0.277855,primaire
SN153,0.01375,33.7683,0.232778,primaire
SN154,0.01375,33.772,0.235755,primaire
SN155,0.01376,33.7649,0.288791,primaire
SN156,0.01386,33.6741,0.345367,ordre2
SN157,0.01388,33.6968,0.233531,primaire
SN158,0.01389,33.8053,0.288803,primaire
SN159,0.01389,33.6651,0.296207,primaire
SN160,0.01411,33.8206,0.250873,primaire
SN161,0.01424,33.8444,0.265489,primaire
SN162,0.01442,34.0187,0.307194,primaire
SN163,0.01442,34.0249,0.352338,ordre2
SN164,0.01442,34.3366,0.370715,ordre2
SN165,0.01442,34.1781,0.396908,ordre2
SN166,0.01442,34.252,0.397235,ordre2
SN167,0.01446,33.9078,0.240515,primaire
SN168,0.0145,34.1727,0.365029,ordre2
SN169,0.01453,33.7526,0.2163,primaire
SN170,0.0146,33.8826,0.249316,primaire
SN171,0.01462,33.9253,0.243928,primaire
SN172,0.01463,33.7553,0.390506,ordre2
SN173,0.01463,33.7189,0.39282,ordre2
SN174,0.01467,33.8916,0.240694,primaire
SN175,0.01472,33.7894,0.397352,ordre2
SN176,0.01484,34.0109,0.270222,primaire
SN177,0.01492,34.1902,0.372674,ordre2
SN178,0.01493,33.8524,0.277558,primaire
SN179,0.01499,33.974,0.229564,primaire
SN180,0.01499,33.9261,0.231708,primaire
SN181,0.01515,33.8877,0.294985,primaire
SN182,0.01519,34.1793,0.26677,primaire
SN183,0.01525,33.7706,0.30219,primaire
SN184,0.01529,34.0334,0.344305,ordre2
SN185,0.01542,34.3426,0.372888,ordre2
SN186,0.01543,34.0744,0.314862,primaire
SN187,0.01546,34.0331,0.226465,primaire
SN188,0.01549,34.2732,0.34036,primaire
SN189,0.0155,34.2581,0.272528,primaire
SN190,0.0155,34.2112,0.258071,primaire
SN191,0.0155,33.9994,0.28632,primaire
SN192,0.0155,33.8852,0.313932,primaire
SN193,0.01557,33.7902,0.290577,primaire
SN194,0.01557,33.8072,0.290395,primaire
SN195,0.01562,34.1732,0.264363,primaire
SN196,0.01562,34.1302,0.33431,primaire
SN197,0.01565,34.3317,0.278713,primaire
SN198,0.01576,34.1657,0.28688,primaire
SN199,0.01578,33.9986,0.219937,primaire
SN200,0.01578,34.0697,0.290382,primaire
SN201,0.01581,33.9926,0.239289,primaire
SN202,0.01581,33.9004,0.218994,primaire
SN203,0.01587,34.3916,0.270341,primaire
SN204,0.01588,34.0287,0.224824,primaire
SN205,0.0159,34.1663,0.242893,primaire
SN206,0.0159,34.1323,0.209471,primaire
SN207,0.0159,34.0329,0.272511,primaire
SN208,0.01603,34.1062,0.281582,primaire
SN209,0.01652,34.4137,0.34637,ordre2
SN210,0.01652,33.9999,0.334729,primaire
SN211,0.01656,34.1608,0.218117,primaire
SN212,0.01657,33.9726,0.41528,ordre2
SN213,0.01662,34.2793,0.261916,primaire
SN214,0.01666,34.3408,0.198023,primaire
SN215,0.01671,33.8985,0.245383,primaire
SN216,0.01678,34.1679,0.246475,primaire
SN217,0.01682,34.4649,0.358327,ordre2
SN218,0.01682,34.5341,0.341619,primaire
SN219,0.01682,33.9673,0.284408,primaire
SN220,0.0169,33.841,0.289311,primaire
SN221,0.0169,33.8975,0.264562,primaire
SN222,0.01692,34.4894,0.310314,primaire
SN223,0.01698,34.3409,0.228387,primaire
SN224,0.01699,34.0755,0.297815,primaire
SN225,0.01705,34.1973,0.214463,primaire
SN226,0.01718,34.022,0.308995,primaire
SN227,0.01718,34.2003,0.325329,primaire
SN228,0.0172,34.6084,0.219814,primaire
SN229,0.0173,34.1436,0.28269,primaire
SN230,0.0173,34.1517,0.257136,primaire
SN231,0.01733,34.4009,0.221698,primaire
SN232,0.01733,34.5101,0.231239,primaire
SN233,0.01734,34.361,0.220285,primaire
SN234,0.01737,34.31,0.263557,primaire
SN235,0.01737,34.2669,0.262425,primaire
SN236,0.01743,33.7799,0.330633,primaire
SN237,0.01747,34.3228,0.200241,primaire
SN238,0.01747,34.3133,0.19782,primaire
SN239,0.01752,34.1465,0.231417,primaire
SN240,0.01776,34.2221,0.320412,primaire
SN241,0.01778,34.3364,0.210115,primaire
SN242,0.01778,34.2464,0.213428,primaire
SN243,0.01784,34.2939,0.246602,primaire
SN244,0.01784,34.2418,0.22287,primaire
SN245,0.0179,34.2975,0.318912,primaire
SN246,0.01802,34.2661,0.234211,primaire
SN247,0.01808,34.6078,0.20147,primaire
SN248,0.01826,34.9792,0.21848,primaire
SN249,0.01826,34.2005,0.280568,primaire
SN250,0.01839,34.4393,0.226901,primaire
SN251,0.01855,34.492,0.255362,primaire
SN252,0.01855,34.576,0.296243,primaire
SN253,0.01865,34.6171,0.238984,primaire
SN254,0.01865,34.5716,0.239989,primaire
SN255,0.01866,34.6066,0.277471,primaire
SN256,0.01875,34.5466,0.215514,primaire
SN257,0.01875,34.4866,0.321023,primaire
SN258,0.01905,34.4286,0.281407,primaire
SN259,0.01947,34.7747,0.195403,primaire
SN260,0.01947,34.8085,0.195531,primaire
SN261,0.01975,34.757,0.466611,ordre2
SN262,0.01975,34.7394,0.433516,ordre2
SN263,0.01976,34.6865,0.406241,ordre2
SN264,0.01995,34.3648,0.295725,primaire
SN265,0.02001,34.6854,0.204275,primaire
SN266,0.02006,34.5121,0.199486,primaire
SN267,0.02019,34.5072,0.233893,primaire
SN268,0.02019,34.702,0.19246,primaire
SN269,0.02023,34.5995,0.188309,primaire
SN270,0.02023,34.5012,0.295566,primaire
SN271,0.02023,34.576,0.189903,primaire
SN272,0.02023,34.6482,0.187832,primaire
SN273,0.02024,34.9988,0.187715,primaire
SN274,0.02034,34.8165,0.241825,primaire
SN275,0.02034,34.5749,0.375822,ordre2
SN276,0.02035,34.5709,0.187708,primaire
SN277,0.02035,34.5656,0.177716,primaire
SN278,0.02035,34.4931,0.19075,primaire
SN279,0.02044,34.6552,0.214591,primaire
SN280,0.02049,35.1263,0.375783,ordre2
SN281,0.02052,34.556,0.333904,primaire
SN282,0.02056,34.4168,0.217156,primaire
SN283,0.02056,34.5647,0.249505,primaire
SN284,0.02081,34.4863,0.330445,primaire
SN285,0.02082,34.674,0.230899,primaire
SN286,0.02082,34.6349,0.254511,primaire
SN287,0.0209,34.8118,0.300223,primaire
SN288,0.02096,34.6956,0.216494,primaire
SN289,0.02106,34.6693,0.230687,primaire
SN290,0.02116,34.375,0.203089,primaire
SN291,0.02116,34.8194,0.196425,primaire
SN292,0.02118,35.118,0.310686,primaire
SN293,0.02118,35.2056,0.304103,primaire
SN294,0.02131,34.7561,0.180584,primaire
SN295,0.02131,34.7344,0.177177,primaire
SN296,0.02131,34.7419,0.187753,primaire
SN297,0.02134,34.7627,0.339971,primaire
SN298,0.02137,34.3468,0.19901,primaire
SN299,0.02151,34.5899,0.199177,primaire
SN300,0.02153,34.6114,0.393324,ordre2
SN301,0.0217,34.7709,0.195863,primaire
SN302,0.02183,34.7583,0.283448,primaire
SN303,0.02183,34.7742,0.253646,primaire
SN304,0.02197,34.8589,0.246447,primaire
SN305,0.02198,34.9654,0.216973,primaire
SN306,0.02203,34.6739,0.247785,primaire
SN307,0.02205,34.7477,0.199095,primaire
SN308,0.02207,34.8847,0.186029,primaire
SN309,0.02215,35.0481,0.288632,primaire
SN310,0.02219,35.0136,0.216159,primaire
SN311,0.02228,34.8059,0.18018,primaire
SN312,0.02228,34.8234,0.25811,primaire
SN313,0.02231,34.9245,0.169837,primaire
SN314,0.02234,34.7727,0.199004,primaire
SN315,0.02234,34.8704,0.204479,primaire
SN316,0.02236,34.7814,0.224663,primaire
SN317,0.02239,34.7714,0.302654,primaire
SN318,0.02239,34.8603,0.24312,primaire
SN319,0.0224,34.759,0.288719,primaire
SN320,0.0224,34.7997,0.25527,primaire
SN321,0.02241,35.0392,0.214526,primaire
SN322,0.02255,34.7306,0.243141,primaire
SN323,0.02266,34.8438,0.220547,primaire
SN324,0.0227,34.8693,0.2033,primaire
SN325,0.02273,34.6849,0.358325,ordre2
SN326,0.02295,35.2685,0.304874,primaire
SN327,0.02295,34.8584,0.20127,primaire
SN328,0.02298,34.9992,0.267367,primaire
SN329,0.02298,34.9712,0.237284,primaire
SN330,0.02303,34.985,0.19074,primaire
SN331,0.02307,34.7666,0.340338,primaire
SN332,0.02313,35.0225,0.271221,primaire
SN333,0.02316,34.883,0.27497,primaire
SN334,0.02321,34.9168,0.178524,primaire
SN335,0.02325,35.0537,0.229702,primaire
SN336,0.02331,34.6478,0.266962,primaire
SN337,0.02331,34.4301,0.279423,primaire
SN338,0.02342,34.9851,0.282579,primaire
SN339,0.02342,35.0081,0.221692,primaire
SN340,0.02342,34.9783,0.225403,primaire
SN341,0.02343,34.8582,0.260273,primaire
SN342,0.02343,34.8582,0.170636,primaire
SN343,0.02344,34.8331,0.263771,primaire
SN344,0.02352,34.8391,0.21588,primaire
SN345,0.02354,34.9998,0.217718,primaire
SN346,0.02357,35.0406,0.206572,primaire
SN347,0.02357,34.9509,0.259128,primaire
SN348,0.02357,34.5715,0.261746,primaire
SN349,0.02365,34.9543,0.274039,primaire
SN350,0.02369,34.943,0.2098,primaire
SN351,0.02388,34.9949,0.180801,primaire
SN352,0.0239,34.889,0.403697,ordre2
SN353,0.0239,34.994,0.277383,primaire
SN354,0.02391,34.8993,0.190331,primaire
SN355,0.02401,35.1018,0.195014,primaire
SN356,0.02411,35.1049,0.31033,primaire
SN357,0.02411,34.4711,0.398476,ordre2
SN358,0.02412,34.8782,0.224067,primaire
SN359,0.02417,34.9421,0.208286,primaire
SN360,0.02417,35.084,0.183555,primaire
SN361,0.02428,35.1803,0.232251,primaire
SN362,0.02429,35.0771,0.195416,primaire
SN363,0.02432,34.9871,0.184147,primaire
SN364,0.02432,34.953,0.198064,primaire
SN365,0.02432,35.2317,0.235205,primaire
SN366,0.02434,35.0102,0.201948,primaire
SN367,0.02453,35.008,0.162015,primaire
SN368,0.02453,35.0746,0.209952,primaire
SN369,0.02453,34.9493,0.170871,primaire
SN370,0.02457,35.1784,0.189112,primaire
SN371,0.02462,35.1061,0.235556,primaire
SN372,0.02462,35.0521,0.231261,primaire
SN373,0.02462,34.8898,0.233972,primaire
SN374,0.02464,34.9528,0.213795,primaire
SN375,0.02464,34.807,0.18246,primaire
SN376,0.02466,34.8112,0.317595,primaire
SN377,0.02491,35.0862,0.240547,primaire
SN378,0.02494,35.1973,0.228493,primaire
SN379,0.02509,35.2152,0.268527,primaire
SN380,0.0251,34.8369,0.288042,primaire
SN381,0.0251,34.8482,0.181918,primaire
SN382,0.0251,35.079,0.205996,primaire
SN383,0.0251,35.009,0.176889,primaire
SN384,0.02512,35.0276,0.190198,primaire
SN385,0.02513,34.4583,0.333265,primaire
SN386,0.02517,34.9117,0.306484,primaire
SN387,0.02517,35.1989,0.238281,primaire
SN388,0.02517,35.2277,0.204374,primaire
SN389,0.02519,35.1139,0.15531,primaire
SN390,0.02519,35.1145,0.174825,primaire
SN391,0.02521,34.9842,0.185284,primaire
SN392,0.02525,34.9441,0.240723,primaire
SN393,0.02525,34.9063,0.269066,primaire
SN394,0.02534,35.1882,0.176701,primaire
SN395,0.02534,35.1974,0.185937,primaire
SN396,0.02556,35.1828,0.233724,primaire
SN397,0.02557,35.0621,0.190177,primaire
SN398,0.02585,34.7664,0.344692,primaire
SN399,0.02591,35.1181,0.200181,primaire
SN400,0.02596,35.4014,0.200491,primaire
SN401,0.02598,35.2931,0.179545,primaire
SN402,0.02598,35.1081,0.198242,primaire
SN403,0.02598,34.835,0.348314,primaire
SN404,0.02598,35.3111,0.17873,primaire
SN405,0.02626,35.2855,0.288909,primaire
SN406,0.02626,35.3429,0.323231,primaire
SN407,0.02632,35.0223,0.372346,ordre2
SN408,0.02669,35.308,0.179587,primaire
SN409,0.02691,35.2688,0.183373,primaire
SN410,0.02691,35.2892,0.205883,primaire
SN411,0.02695,35.1184,0.181369,primaire
SN412,0.02713,35.2513,0.18676,primaire
SN413,0.02714,35.3224,0.216057,primaire
SN414,0.0273,35.2892,0.298907,primaire
SN415,0.02731,35.2673,0.172357,primaire
SN416,0.02731,35.3437,0.230789,primaire
SN417,0.02731,35.1118,0.346591,primaire
SN418,0.02731,35.227,0.261645,primaire
SN419,0.02736,35.313,0.220137,primaire
SN420,0.0274,35.3042,0.352852,primaire
SN421,0.02741,35.5236,0.225337,primaire
SN422,0.02748,35.113,0.172724,primaire
SN423,0.02748,35.1538,0.186856,primaire
SN424,0.02748,35.1117,0.170295,primaire
SN425,0.02773,35.3467,0.289875,primaire
SN426,0.02803,35.7258,0.321699,primaire
SN427,0.02805,35.1306,0.184771,primaire
SN428,0.0281,35.6739,0.216353,primaire
SN429,0.02816,35.3613,0.190628,primaire
SN430,0.02819,35.3174,0.173415,primaire
SN431,0.0282,35.2874,0.292934,primaire
SN432,0.02823,35.5061,0.163093,primaire
SN433,0.02823,35.5563,0.160218,primaire
SN434,0.02823,35.558,0.160985,primaire
SN435,0.02833,35.2665,0.177545,primaire
SN436,0.02844,35.372,0.160301,primaire
SN437,0.02844,35.3421,0.156527,primaire
SN438,0.02849,35.1049,0.181734,primaire
SN439,0.02849,35.4368,0.180322,primaire
SN440,0.02849,35.2913,0.178243,primaire
SN441,0.02849,35.359,0.180243,primaire
SN442,0.02849,35.1963,0.366604,ordre2
SN443,0.02857,35.5996,0.235009,primaire
SN444,0.02858,35.6596,0.251383,primaire
SN445,0.02866,35.3449,0.211378,primaire
SN446,0.02866,35.4105,0.201911,primaire
SN447,0.02873,34.9487,0.227749,primaire
SN448,0.02888,35.2763,0.655117,ordre2
SN449,0.02898,35.4779,0.275376,primaire
SN450,0.02902,35.0558,0.218663,primaire
SN451,0.02913,35.5152,0.250819,primaire
SN452,0.02915,35.6948,0.183345,primaire
SN453,0.02917,35.2391,0.185823,primaire
SN454,0.02919,35.6024,0.169987,primaire
SN455,0.02938,35.6222,0.299966,primaire
SN456,0.02938,35.472,0.225755,primaire
SN457,0.02944,35.2761,0.180915,primaire
SN458,0.02947,35.0939,0.272694,primaire
SN459,0.02949,35.6079,0.224233,primaire
SN460,0.0295,35.3638,0.283742,primaire
SN461,0.02953,35.4654,0.177866,primaire
SN462,0.02956,35.5064,0.190895,primaire
SN463,0.02969,35.2781,0.194122,primaire
SN464,0.02978,35.5015,0.190369,primaire
SN465,0.02978,35.5116,0.190788,primaire
SN466,0.0299,35.4354,0.185335,primaire
SN467,0.02996,35.861,0.192522,primaire
SN468,0.03012,35.5195,0.196088,primaire
SN469,0.03012,35.4838,0.199296,primaire
SN470,0.03012,35.4761,0.233488,primaire
SN471,0.03023,35.5185,0.166012,primaire
SN472,0.03031,35.5542,0.216273,primaire
SN473,0.03036,35.4803,0.173804,primaire
SN474,0.03047,35.5345,0.258248,primaire
SN475,0.03059,35.3586,0.164518,primaire
SN476,0.03075,35.3522,0.343157,primaire
SN477,0.03076,35.6084,0.212671,primaire
SN478,0.03083,35.4648,0.278746,primaire
SN479,0.03086,35.4164,0.184841,primaire
SN480,0.03091,35.4926,0.166476,primaire
SN481,0.03096,35.6481,0.206672,primaire
SN482,0.03108,35.9224,0.399302,ordre2
SN483,0.03108,35.406,0.332119,primaire
SN484,0.03108,35.3374,0.375292,ordre2
SN485,0.0311,35.565,0.183722,primaire
SN486,0.03114,35.67,0.236835,primaire
SN487,0.03114,35.5409,0.184896,primaire
SN488,0.03116,35.5877,0.169094,primaire
SN489,0.03117,35.5304,0.283582,primaire
SN490,0.03118,35.6675,0.174531,primaire
SN491,0.0312,35.4957,0.175954,primaire
SN492,0.0312,35.5793,0.14868,primaire
SN493,0.0312,35.4841,0.153803,primaire
SN494,0.03121,35.772,0.224228,primaire
SN495,0.03121,35.7428,0.226764,primaire
SN496,0.03121,35.7867,0.216659,primaire
SN497,0.03132,35.6231,0.320886,primaire
SN498,0.03143,35.6461,0.196214,primaire
SN499,0.03143,35.5602,0.185563,primaire
SN500,0.03147,35.9119,0.273901,primaire
SN501,0.03148,35.7017,0.164289,primaire
SN502,0.03148,35.707,0.22057,primaire
SN503,0.03162,35.6474,0.19424,primaire
SN504,0.03162,35.6847,0.188076,primaire
SN505,0.03166,35.7279,0.17805,primaire
SN506,0.03192,35.4592,0.276064,primaire
SN507,0.03201,35.4896,0.148675,primaire
SN508,0.03236,35.6746,0.20211,primaire
SN509,0.03255,35.576,0.196814,primaire
SN510,0.0326,35.8562,0.258808,primaire
SN511,0.0326,35.8577,0.294619,primaire
SN512,0.03264,35.8808,0.19004,primaire
SN513,0.03264,35.6656,0.274525,primaire
SN514,0.03264,35.9082,0.198168,primaire
SN515,0.03272,35.6638,0.156049,primaire
SN516,0.03272,35.6366,0.169859,primaire
SN517,0.03272,35.6431,0.148421,primaire
SN518,0.03282,35.6329,0.204026,primaire
SN519,0.03289,35.8381,0.178659,primaire
SN520,0.0329,35.7248,0.15355,primaire
SN521,0.03294,35.7992,0.326022,primaire
SN522,0.03296,35.7324,0.22019,primaire
SN523,0.03296,35.8907,0.225741,primaire
SN524,0.03298,35.6164,0.168015,primaire
SN525,0.03333,35.6643,0.150947,primaire
SN526,0.03333,35.7268,0.162633,primaire
SN527,0.03335,35.8159,0.198961,primaire
SN528,0.03341,35.8647,0.150987,primaire
SN529,0.03341,35.8516,0.143619,primaire
SN530,0.03371,35.7797,0.159699,primaire
SN531,0.03373,35.829,0.273673,primaire
SN532,0.03375,36.0229,0.243018,primaire
SN533,0.03378,35.8276,0.259126,primaire
SN534,0.03393,35.9089,0.177213,primaire
SN535,0.03403,35.7587,0.312966,primaire
SN536,0.03428,35.9188,0.207416,primaire
SN537,0.03428,35.9378,0.211316,primaire
SN538,0.03437,35.7837,0.217075,primaire
SN539,0.03441,35.825,0.340606,primaire
SN540,0.03451,35.9757,0.358083,primaire
SN541,0.03459,35.7348,0.155656,primaire
SN542,0.03479,35.8566,0.205773,primaire
SN543,0.03491,35.9118,0.165632,primaire
SN544,0.03512,35.8816,0.169326,primaire
SN545,0.03515,35.8937,0.211664,primaire
SN546,0.03516,35.8012,0.48333,ordre2
SN547,0.03516,35.8038,0.482057,ordre2
SN548,0.03522,35.8349,0.334212,primaire
SN549,0.03529,35.861,0.1686,primaire
SN550,0.03551,35.9905,0.374822,ordre2
SN551,0.03568,36.234,0.188455,primaire
SN552,0.03576,35.9591,0.225173,primaire
SN553,0.03576,36.1545,0.230318,primaire
SN554,0.03583,35.9325,0.204232,primaire
SN555,0.03585,35.5515,0.204326,primaire
SN556,0.03599,35.9909,0.187185,primaire
SN557,0.03616,35.8586,0.223482,primaire
SN558,0.03624,36.1845,0.187245,primaire
SN559,0.03635,36.0035,0.185251,primaire
SN560,0.03682,35.9282,0.1566,primaire
SN561,0.03682,35.8836,0.185109,primaire
SN562,0.03697,36.0748,0.289284,primaire
SN563,0.03702,35.8056,0.308166,primaire
SN564,0.03702,35.9287,0.318471,primaire
SN565,0.03702,36.0695,0.175025,primaire
SN566,0.03702,36.08,0.336812,primaire
SN567,0.03705,35.9637,0.166565,primaire
SN568,0.03707,36.0475,0.166339,primaire
SN569,0.03725,36.0067,0.135213,primaire
SN570,0.03725,35.9927,0.149174,primaire
SN571,0.0373,35.8698,0.18969,primaire
SN572,0.0374,35.9789,0.163683,primaire
SN573,0.03753,35.949,0.262609,primaire
SN574,0.03756,36.3333,0.171248,primaire
SN575,0.03756,36.2185,0.171341,primaire
SN576,0.03787,36.0063,0.206656,primaire
SN577,0.0379,36.0624,0.163008,primaire
SN578,0.03796,36.0889,0.198876,primaire
SN579,0.03818,35.8938,0.151724,primaire
SN580,0.03818,35.8617,0.152703,primaire
SN581,0.03828,36.1141,0.236153,primaire
SN582,0.03834,36.5177,0.245806,primaire
SN583,0.03847,36.2254,0.311188,primaire
SN584,0.03848,36.2564,0.149974,primaire
SN585,0.03873,36.0125,0.17035,primaire
SN586,0.03884,36.026,0.219507,primaire
SN587,0.03902,36.0125,0.204712,primaire
SN588,0.03909,36.1962,0.220822,primaire
SN589,0.0391,36.2125,0.18352,primaire
SN590,0.04014,36.284,0.147901,primaire
SN591,0.04035,36.5486,0.234635,primaire
SN592,0.04056,36.0167,0.143473,primaire
SN593,0.04056,36.0818,0.14498,primaire
SN594,0.04077,35.9918,0.210464,primaire
SN595,0.04089,36.1263,0.168835,primaire
SN596,0.04095,36.4104,0.307187,primaire
SN597,0.04099,36.0403,0.147245,primaire
SN598,0.04101,36.3153,0.150794,primaire
SN599,0.04167,36.5601,0.280122,primaire
SN600,0.04222,36.2101,0.208042,primaire
SN601,0.04258,36.5106,0.426487,ordre2
SN602,0.04268,36.2931,0.151018,primaire
SN603,0.04268,35.9138,0.29449,primaire
SN604,0.04285,36.2521,0.175538,primaire
SN605,0.04285,36.2071,0.166515,primaire
SN606,0.04289,36.2018,0.162522,primaire
SN607,0.04306,36.2457,0.207056,primaire
SN608,0.04349,36.4165,0.166064,primaire
SN609,0.04349,36.2137,0.152187,primaire
SN610,0.04349,36.2882,0.166626,primaire
SN611,0.04369,36.2594,0.177777,primaire
SN612,0.04408,36.3298,0.181208,primaire
SN613,0.04438,36.5469,0.231201,primaire
SN614,0.04439,36.2916,0.249078,primaire
SN615,0.0444,36.551,0.270525,primaire
SN616,0.04464,36.5114,0.286272,primaire
SN617,0.04487,36.4565,0.162334,primaire
SN618,0.04521,36.6866,0.304921,primaire
SN619,0.04545,36.4541,0.196266,primaire
SN620,0.04575,36.4634,0.173532,primaire
SN621,0.04575,36.5139,0.151933,primaire
SN622,0.04583,36.1579,0.182756,primaire
SN623,0.0459,36.3811,0.196005,primaire
SN624,0.04625,36.2636,0.218105,primaire
SN625,0.04631,36.5394,0.159223,primaire
SN626,0.04643,36.3247,0.195021,primaire
SN627,0.04656,36.5081,0.209562,primaire
SN628,0.04664,36.4713,0.19409,primaire
SN629,0.04682,36.4786,0.148197,primaire
SN630,0.04682,36.4857,0.182928,primaire
SN631,0.04691,36.7582,0.280677,primaire
SN632,0.04738,36.5642,0.229149,primaire
SN633,0.0476,36.6009,0.161688,primaire
SN634,0.04777,36.5946,0.145385,primaire
SN635,0.04777,36.5627,0.208806,primaire
SN636,0.04819,36.4976,0.165873,primaire
SN637,0.04837,36.3735,0.154741,primaire
SN638,0.0486,36.3303,0.135835,primaire
SN639,0.04865,36.641,0.181462,primaire
SN640,0.04934,36.5997,0.202684,primaire
SN641,0.0494,36.4691,0.176995,primaire
SN642,0.04944,36.5828,0.168097,primaire
SN643,0.04985,36.6402,0.244395,primaire
SN644,0.04989,36.4714,0.18553,primaire
SN645,0.05018,36.5693,0.155812,primaire
SN646,0.05023,36.8583,0.163226,primaire
SN647,0.05032,36.5403,0.453411,ordre2
SN648,0.05044,36.4621,0.201896,primaire
SN649,0.05049,36.5461,0.190961,primaire
SN650,0.05052,36.7036,0.133364,primaire
SN651,0.05066,36.8523,0.302557,primaire
SN652,0.05106,36.8804,0.16836,primaire
SN653,0.05126,36.393,0.201448,primaire
SN654,0.05151,36.5862,0.156832,primaire
SN655,0.05194,36.7759,0.228182,primaire
SN656,0.05202,36.8679,0.208308,primaire
SN657,0.05202,36.5433,0.298829,primaire
SN658,0.05222,36.8411,0.218249,primaire
SN659,0.05262,36.9144,0.207509,primaire
SN660,0.05309,36.7752,0.161766,primaire
SN661,0.05316,36.8474,0.172204,primaire
SN662,0.05346,36.8631,0.133817,primaire
SN663,0.05468,36.8327,0.178902,primaire
SN664,0.05469,36.8581,0.149593,primaire
SN665,0.05502,36.6433,0.175423,primaire
SN666,0.05541,36.8676,0.194374,primaire
SN667,0.05614,36.8109,0.193162,primaire
SN668,0.05653,36.9098,0.185051,primaire
SN669,0.05693,37.0393,0.176308,primaire
SN670,0.05708,36.9903,0.171451,primaire
SN671,0.05728,37.0687,0.221323,primaire
SN672,0.05824,36.9821,0.138149,primaire
SN673,0.05824,36.9324,0.14674,primaire
SN674,0.0583,36.9545,0.182842,primaire
SN675,0.05886,36.9802,0.215566,primaire
SN676,0.05886,37.146,0.252804,primaire
SN677,0.05974,36.3001,0.617516,ordre2
SN678,0.06092,37.032,0.17759,primaire
SN679,0.06099,37.1631,0.123921,primaire
SN680,0.06099,37.1925,0.16057,primaire
SN681,0.06121,37.1383,0.198009,primaire
SN682,0.06137,36.9608,0.196145,primaire
SN683,0.06137,36.9691,0.141986,primaire
SN684,0.06153,37.0747,0.183316,primaire
SN685,0.06372,37.3517,0.206518,primaire
SN686,0.06384,37.0197,0.155855,primaire
SN687,0.06446,37.0786,0.154429,primaire
SN688,0.06533,37.0851,0.153034,primaire
SN689,0.06627,37.3617,0.203312,primaire
SN690,0.06654,37.1627,0.296189,primaire
SN691,0.06711,37.4237,0.194412,primaire
SN692,0.06725,37.2344,0.203006,primaire
SN693,0.06786,37.4935,0.190499,primaire
SN694,0.06844,37.2381,0.191221,primaire
SN695,0.06886,37.4213,0.159324,primaire
SN696,0.06897,37.2817,0.174144,primaire
SN697,0.07023,37.2944,0.277681,primaire
SN698,0.07056,37.2961,0.226908,primaire
SN699,0.07056,37.2775,0.212322,primaire
SN700,0.07073,37.4787,0.176182,primaire
SN701,0.07083,37.4814,0.447068,ordre2
SN702,0.07089,37.4543,0.24781,primaire
SN703,0.0709,37.7291,0.501827,ordre2
SN704,0.07091,37.3712,0.228257,primaire
SN705,0.07116,37.3552,0.196012,primaire
SN706,0.07158,37.2494,0.16107,primaire
SN707,0.07167,37.4155,0.208957,primaire
SN708,0.07193,37.5618,0.180815,primaire
SN709,0.07222,37.6319,0.199695,primaire
SN710,0.07252,37.6225,0.304764,primaire
SN711,0.07393,37.5535,0.176502,primaire
SN712,0.0744,37.4346,0.222054,primaire
SN713,0.07446,37.4501,0.192118,primaire
SN714,0.0752,37.4763,0.179761,primaire
SN715,0.0752,37.5656,0.154994,primaire
SN716,0.0756,37.8142,0.289148,primaire
SN717,0.07575,37.5461,0.217171,primaire
SN718,0.07588,37.6342,0.198325,primaire
SN719,0.07845,37.5715,0.150392,primaire
SN720,0.07859,37.8315,0.146078,primaire
SN721,0.07875,38.0154,0.239252,primaire
SN722,0.07875,38.0942,0.180119,primaire
SN723,0.07895,37.5988,0.503338,ordre2
SN724,0.07906,37.7843,0.238199,primaire
SN725,0.07931,37.53,0.147217,primaire
SN726,0.07991,37.6003,0.157805,primaire
SN727,0.08009,37.6668,0.119289,primaire
SN728,0.08167,37.7215,0.219648,primaire
SN729,0.08245,37.8192,0.217606,primaire
SN730,0.08282,37.6774,0.265638,primaire
SN731,0.08309,37.9939,0.195118,primaire
SN732,0.0841,37.9686,0.221594,primaire
SN733,0.08572,37.8406,0.128563,primaire
SN734,0.08704,37.8484,0.21681,primaire
SN735,0.0887,37.7772,0.253181,primaire
SN736,0.09039,37.9202,0.21704,primaire
SN737,0.09089,38.0269,0.167553,primaire
SN738,0.09205,38.1602,0.266341,primaire
SN739,0.09293,38.2226,0.493293,ordre2
SN740,0.0995,38.4377,0.194713,primaire
SN741,0.10165,38.2982,0.165557,primaire
SN742,0.10221,38.4085,0.187412,primaire
SN743,0.10246,38.2511,0.199553,primaire
SN744,0.10294,38.1815,0.18625,primaire
SN745,0.10361,38.3338,0.12638,primaire
SN746,0.10374,38.2079,0.196456,primaire
SN747,0.10507,38.4295,0.236183,primaire
SN748,0.10661,38.2611,0.195537,primaire
SN749,0.10707,38.4624,0.151122,primaire
SN750,0.10711,38.4295,0.210466,primaire
SN751,0.10713,38.7801,0.468541,ordre2
SN752,0.10774,38.4984,0.180059,primaire
SN753,0.10794,38.4017,0.187108,primaire
SN754,0.10908,38.4016,0.133183,primaire
SN755,0.11001,38.5701,0.179741,primaire
SN756,0.11259,38.6214,0.163201,primaire
SN757,0.11388,38.3876,0.194923,primaire
SN758,0.1165,38.5408,0.159897,primaire
SN759,0.11653,38.6302,0.185742,primaire
SN760,0.1176,38.5727,0.239635,primaire
SN761,0.11792,38.6088,0.214419,primaire
SN762,0.11818,38.4157,0.127058,primaire
SN763,0.11901,38.5629,0.212381,primaire
SN764,0.12014,38.5958,0.200195,primaire
SN765,0.12058,38.7926,0.252257,primaire
SN766,0.12086,38.6348,0.302627,primaire
SN767,0.12207,38.5945,0.157915,primaire
SN768,0.12231,38.6119,0.231142,primaire
SN769,0.12278,38.6853,0.144584,primaire
SN770,0.12316,38.5967,0.274641,primaire
SN771,0.12357,38.6164,0.162163,primaire
SN772,0.12377,38.8009,0.333367,primaire
SN773,0.12383,38.8242,0.150324,primaire
SN774,0.12393,38.6504,0.145797,primaire
SN775,0.12405,38.835,0.221531,primaire
SN776,0.12472,38.7616,0.12587,primaire
SN777,0.1256,39.1417,0.298944,primaire
SN778,0.12623,38.4956,0.293348,primaire
SN779,0.12706,38.8125,0.259679,primaire
SN780,0.1271,38.6849,0.280884,primaire
SN781,0.1272,38.7429,0.159508,primaire
SN782,0.12732,38.7841,0.176913,primaire
SN783,0.1292,38.7547,0.150979,primaire
SN784,0.12921,38.8403,0.212795,primaire
SN785,0.1295,38.833,0.250442,primaire
SN786,0.12958,38.8429,0.142748,primaire
SN787,0.13169,38.802,0.134576,primaire
SN788,0.13281,38.7841,0.122177,primaire
SN789,0.13366,38.8266,0.283718,primaire
SN790,0.13372,38.8434,0.157696,primaire
SN791,0.13477,39.2366,0.199357,primaire
SN792,0.13535,39.0775,0.31333,primaire
SN793,0.13614,38.9771,0.206627,primaire
SN794,0.13658,38.8475,0.195569,primaire
SN795,0.137,39.0095,0.224296,primaire
SN796,0.13713,38.9616,0.259136,primaire
SN797,0.13745,39.3511,0.230391,primaire
SN798,0.13822,38.8857,0.128482,primaire
SN799,0.13826,38.9503,0.15974,primaire
SN800,0.1384,39.0229,0.12425,primaire
SN801,0.13851,39.0401,0.319084,primaire
SN802,0.13875,38.9999,0.176022,primaire
SN803,0.1388,39.0467,0.130742,primaire
SN804,0.13955,39.0213,0.145767,primaire
SN805,0.14082,39.1775,0.184019,primaire
SN806,0.14104,39.2835,0.203514,primaire
SN807,0.14123,39.0407,0.212429,primaire
SN808,0.14134,39.1237,0.260864,primaire
SN809,0.14325,39.047,0.160602,primaire
SN810,0.14345,39.5154,0.37065,primaire
SN811,0.14359,39.1135,0.129494,primaire
SN812,0.14404,39.0756,0.170594,primaire
SN813,0.14423,39.016,0.24096,primaire
SN814,0.14542,39.1518,0.210163,primaire
SN815,0.14638,39.1857,0.207408,primaire
SN816,0.14652,39.158,0.187578,primaire
SN817,0.14737,39.0154,0.197495,primaire
SN818,0.14747,38.9672,0.171803,primaire
SN819,0.14771,39.134,0.188785,primaire
SN820,0.14778,39.161,0.170177,primaire
SN821,0.14803,39.2285,0.184985,primaire
SN822,0.14806,39.0382,0.157931,primaire
SN823,0.14834,39.0239,0.142683,primaire
SN824,0.14898,39.1606,0.17494,primaire
SN825,0.1494,39.1104,0.175216,primaire
SN826,0.1505,39.1058,0.170038,primaire
SN827,0.15084,39.1687,0.134119,primaire
SN828,0.15195,39.0477,0.158769,primaire
SN829,0.15291,39.3239,0.173198,primaire
SN830,0.15318,39.2175,0.127754,primaire
SN831,0.15336,39.0991,0.159928,primaire
SN832,0.15341,39.2564,0.179373,primaire
SN833,0.15357,39.3639,0.175468,primaire
SN834,0.15511,39.2076,0.167881,primaire
SN835,0.15526,39.278,0.157843,primaire
SN836,0.15536,39.3994,0.175858,primaire
SN837,0.15601,38.9704,0.179204,primaire
SN838,0.15671,39.2087,0.210288,primaire
SN839,0.15856,39.0794,0.163715,primaire
SN840,0.15921,39.4267,0.283686,primaire
SN841,0.15931,38.9503,0.143914,primaire
SN842,0.15948,39.0908,0.143045,primaire
SN843,0.16004,39.0428,0.270648,primaire
SN844,0.16008,39.2286,0.167715,primaire
SN845,0.16053,39.2057,0.217053,primaire
SN846,0.16061,39.4242,0.26036,primaire
SN847,0.16077,39.2162,0.20927,primaire
SN848,0.16122,39.3106,0.246322,primaire
SN849,0.16236,39.3252,0.224064,primaire
SN850,0.16375,39.2807,0.200998,primaire
SN851,0.16448,39.2634,0.199319,primaire
SN852,0.16471,39.3293,0.139452,primaire
SN853,0.16495,39.3182,0.150918,primaire
SN854,0.16603,39.4938,0.241887,primaire
SN855,0.16606,39.1817,0.193496,primaire
SN856,0.16828,39.2757,0.165826,primaire
SN857,0.16924,39.5155,0.182871,primaire
SN858,0.16971,39.6721,0.274897,primaire
SN859,0.17042,39.4742,0.132684,primaire
SN860,0.17124,39.5424,0.275502,primaire
SN861,0.17169,39.4603,0.214715,primaire
SN862,0.17256,39.5021,0.177409,primaire
SN863,0.1727,39.2676,0.152344,primaire
SN864,0.17297,39.7263,0.252568,primaire
SN865,0.17331,39.3871,0.131849,primaire
SN866,0.17374,39.5403,0.18318,primaire
SN867,0.17378,39.3493,0.151501,primaire
SN868,0.17392,39.5986,0.318528,primaire
SN869,0.17417,39.5734,0.137128,primaire
SN870,0.1742,39.3317,0.154309,primaire
SN871,0.17438,39.5053,0.183971,primaire
SN872,0.17443,39.5546,0.230974,primaire
SN873,0.17444,39.4849,0.162645,primaire
SN874,0.17498,39.7434,0.182014,primaire
SN875,0.17666,39.5164,0.135467,primaire
SN876,0.17713,39.5095,0.175623,primaire
SN877,0.17737,39.4771,0.138264,primaire
SN878,0.17786,39.3394,0.257355,primaire
SN879,0.17791,39.6477,0.131546,primaire
SN880,0.17852,39.9669,0.207864,primaire
SN881,0.17901,39.641,0.157339,primaire
SN882,0.17911,39.7672,0.201468,primaire
SN883,0.17931,39.5355,0.229828,primaire
SN884,0.17952,39.5509,0.280575,primaire
SN885,0.17973,39.5519,0.174634,primaire
SN886,0.17975,39.5962,0.208929,primaire
SN887,0.18004,39.9979,0.268081,primaire
SN888,0.1805,39.3688,0.13762,primaire
SN889,0.18073,39.5035,0.133745,primaire
SN890,0.18078,39.7166,0.179158,primaire
SN891,0.18082,39.6391,0.133983,primaire
SN892,0.18086,39.6151,0.246207,primaire
SN893,0.18092,39.6213,0.207991,primaire
SN894,0.18126,39.6585,0.225961,primaire
SN895,0.18136,39.4868,0.134057,primaire
SN896,0.18145,39.3953,0.235174,primaire
SN897,0.18217,39.5863,0.201062,primaire
SN898,0.18229,39.5259,0.149858,primaire
SN899,0.18231,39.6885,0.152439,primaire
SN900,0.18252,39.7821,0.177319,primaire
SN901,0.1836,39.5995,0.294191,primaire
SN902,0.18375,39.68,0.151568,primaire
SN903,0.18389,39.752,0.19743,primaire
SN904,0.18402,39.796,0.218377,primaire
SN905,0.18458,39.9384,0.282465,primaire
SN906,0.18459,39.7891,0.142656,primaire
SN907,0.18484,39.6548,0.27682,primaire
SN908,0.18493,39.613,0.134864,primaire
SN909,0.18506,39.7435,0.159325,primaire
SN910,0.18515,39.6347,0.160441,primaire
SN911,0.18522,39.5427,0.172189,primaire
SN912,0.18527,39.7882,0.139358,primaire
SN913,0.18667,39.7559,0.144508,primaire
SN914,0.18728,39.7694,0.13671,primaire
SN915,0.18809,39.7451,0.191467,primaire
SN916,0.18906,39.4384,0.149571,primaire
SN917,0.18908,39.8089,0.256269,primaire
SN918,0.18929,39.9359,0.228953,primaire
SN919,0.18929,40.1408,0.200523,primaire
SN920,0.18948,39.7413,0.209197,primaire
SN921,0.18952,39.7624,0.238646,primaire
SN922,0.18995,39.7286,0.224725,primaire
SN923,0.19025,39.8807,0.15799,primaire
SN924,0.19042,39.6892,0.294972,primaire
SN925,0.19044,39.9182,0.154841,primaire
SN926,0.19413,39.7983,0.218857,primaire
SN927,0.19434,39.8787,0.222002,primaire
SN928,0.19546,40.1343,0.403955,ordre2
SN929,0.19553,39.7111,0.156617,primaire
SN930,0.19557,39.9082,0.195934,primaire
SN931,0.19568,39.958,0.212325,primaire
SN932,0.19616,39.7288,0.124812,primaire
SN933,0.19621,39.7747,0.157962,primaire
SN934,0.19627,39.8397,0.254651,primaire
SN935,0.19635,39.8927,0.29342,primaire
SN936,0.19733,39.8018,0.14158,primaire
SN937,0.19741,39.6932,0.130873,primaire
SN938,0.19782,39.492,0.189171,primaire
SN939,0.19817,39.7561,0.182544,primaire
SN940,0.19828,39.8879,0.174409,primaire
SN941,0.19861,40.3246,0.238597,primaire
SN942,0.19877,39.8881,0.211487,primaire
SN943,0.19878,39.889,0.174502,primaire
SN944,0.19908,40.0216,0.217638,primaire
SN945,0.19953,39.8511,0.254227,primaire
SN946,0.19961,39.6764,0.246154,primaire
SN947,0.1997,39.8965,0.17155,primaire
SN948,0.20077,39.6837,0.194976,primaire
SN949,0.20083,39.9838,0.252956,primaire
SN950,0.20087,39.7672,0.316127,primaire
SN951,0.20128,39.8575,0.216953,primaire
SN952,0.20231,39.6184,0.198124,primaire
SN953,0.20249,39.9949,0.159703,primaire
SN954,0.20279,39.8373,0.184965,primaire
SN955,0.2032,39.9658,0.146626,primaire
SN956,0.20329,39.8822,0.166845,primaire
SN957,0.20331,39.9277,0.173799,primaire
SN958,0.20334,39.9335,0.216127,primaire
SN959,0.20382,39.9041,0.171481,primaire
SN960,0.20469,39.8809,0.160012,primaire
SN961,0.20483,39.8427,0.202322,primaire
SN962,0.20523,40.1661,0.227714,primaire
SN963,0.20562,39.8126,0.174944,primaire
SN964,0.20691,39.9225,0.279831,primaire
SN965,0.20748,40.316,0.333666,primaire
SN966,0.20751,40.0725,0.148972,primaire
SN967,0.2084,39.7299,0.272182,primaire
SN968,0.20856,39.8758,0.146778,primaire
SN969,0.20868,40.1034,0.239508,primaire
SN970,0.2087,39.8639,0.197696,primaire
SN971,0.20879,39.8798,0.15965,primaire
SN972,0.20948,39.8413,0.262138,primaire
SN973,0.21015,40.1479,0.148877,primaire
SN974,0.21037,39.4543,0.186032,primaire
SN975,0.21084,39.9632,0.223017,primaire
SN976,0.21095,39.806,0.155718,primaire
SN977,0.21114,39.9552,0.163264,primaire
SN978,0.21134,40.1415,0.266119,primaire
SN979,0.21174,39.9676,0.230498,primaire
SN980,0.212,39.9136,0.194498,primaire
SN981,0.21225,39.9374,0.243726,primaire
SN982,0.2135,40.0218,0.16528,primaire
SN983,0.21365,40.0084,0.19033,primaire
SN984,0.21398,39.8874,0.197488,primaire
SN985,0.2144,40.0179,0.298904,primaire
SN986,0.21507,39.8825,0.477887,ordre2
SN987,0.21521,40.4641,0.22943,primaire
SN988,0.21578,40.2253,0.258716,primaire
SN989,0.2165,39.8253,0.141535,primaire
SN990,0.21689,40.0672,0.190384,primaire
SN991,0.21692,40.0932,0.185301,primaire
SN992,0.21742,40.1395,0.269611,primaire
SN993,0.21794,39.9942,0.174837,primaire
SN994,0.21845,40.2216,0.204417,primaire
SN995,0.21881,40.1416,0.247596,primaire
SN996,0.21897,40.1925,0.240729,primaire
SN997,0.21898,40.1292,0.218822,primaire
SN998,0.21899,40.0296,0.130815,primaire
SN999,0.21941,40.0048,0.208962,primaire
SN1000,0.2195,40.1098,0.160031,primaire
SN1001,0.21972,40.0616,0.124319,primaire
SN1002,0.21978,40.0882,0.173376,primaire
SN1003,0.2199,40.2387,0.220195,primaire
SN1004,0.22017,39.9228,0.242946,primaire
SN1005,0.22066,40.1876,0.225274,primaire
SN1006,0.22083,40.0798,0.266821,primaire
SN1007,0.22132,40.0441,0.143254,primaire
SN1008,0.22132,40.0588,0.204756,primaire
SN1009,0.2215,40.1937,0.166162,primaire
SN1010,0.22299,40.3257,0.281229,primaire
SN1011,0.22349,40.1511,0.167278,primaire
SN1012,0.22385,40.0162,0.172818,primaire
SN1013,0.22449,40.1293,0.19721,primaire
SN1014,0.22449,39.9449,0.245775,primaire
SN1015,0.22493,40.1126,0.160616,primaire
SN1016,0.22542,40.1491,0.174035,primaire
SN1017,0.22543,40.1329,0.188923,primaire
SN1018,0.22551,40.1856,0.197444,primaire
SN1019,0.22578,39.9865,0.175963,primaire
SN1020,0.22645,40.3912,0.201078,primaire
SN1021,0.22726,40.097,0.228488,primaire
SN1022,0.22818,40.2236,0.183395,primaire
SN1023,0.22865,40.1604,0.308241,primaire
SN1024,0.22928,40.2229,0.202405,primaire
SN1025,0.22978,40.1351,0.188066,primaire
SN1026,0.2302,40.1283,0.227444,primaire
SN1027,0.23041,40.3062,0.260109,primaire
SN1028,0.23082,40.0717,0.296847,primaire
SN1029,0.23086,40.1049,0.204707,primaire
SN1030,0.23092,40.2958,0.226289,primaire
SN1031,0.23125,40.3169,0.189753,primaire
SN1032,0.23162,40.201,0.226906,primaire
SN1033,0.23164,40.0875,0.237265,primaire
SN1034,0.23205,40.2045,0.159507,primaire
SN1035,0.23282,39.8341,0.180906,primaire
SN1036,0.23367,40.1857,0.255059,primaire
SN1037,0.23378,40.4148,0.19637,primaire
SN1038,0.23391,40.1788,0.292139,primaire
SN1039,0.23395,40.1389,0.214099,primaire
SN1040,0.23472,40.1912,0.32799,primaire
SN1041,0.23481,40.2784,0.167703,primaire
SN1042,0.23494,40.158,0.183242,primaire
SN1043,0.2352,40.1629,0.275154,primaire
SN1044,0.23556,40.2336,0.214202,primaire
SN1045,0.23639,40.3805,0.155735,primaire
SN1046,0.23662,40.2636,0.156727,primaire
SN1047,0.23664,40.4674,0.193131,primaire
SN1048,0.23685,40.119,0.236651,primaire
SN1049,0.23693,40.2279,0.210237,primaire
SN1050,0.23721,40.2245,0.203948,primaire
SN1051,0.23746,40.7365,0.305716,primaire
SN1052,0.23789,40.2317,0.172272,primaire
SN1053,0.2395,39.9059,0.208409,primaire
SN1054,0.23981,40.13,0.180786,primaire
SN1055,0.2402,40.3847,0.264226,primaire
SN1056,0.24085,40.4016,0.166736,primaire
SN1057,0.24122,40.3291,0.130654,primaire
SN1058,0.24151,40.1214,0.184136,primaire
SN1059,0.24164,40.172,0.261675,primaire
SN1060,0.2422,40.564,0.221356,primaire
SN1061,0.2428,40.4217,0.219858,primaire
SN1062,0.24284,40.5734,0.259119,primaire
SN1063,0.24329,40.2516,0.143114,primaire
SN1064,0.24354,40.538,0.306318,primaire
SN1065,0.2441,40.2956,0.242814,primaire
SN1066,0.24444,40.2064,0.221704,primaire
SN1067,0.24459,40.1263,0.186144,primaire
SN1068,0.24511,40.3336,0.209543,primaire
SN1069,0.24523,40.4957,0.181643,primaire
SN1070,0.24553,40.3582,0.219468,primaire
SN1071,0.24585,40.4318,0.167359,primaire
SN1072,0.24617,40.3473,0.149416,primaire
SN1073,0.2465,40.378,0.17135,primaire
SN1074,0.24656,40.2829,0.214739,primaire
SN1075,0.2466,40.3907,0.15515,primaire
SN1076,0.24711,40.1983,0.137434,primaire
SN1077,0.24846,40.203,0.17717,primaire
SN1078,0.2486,40.4912,0.215929,primaire
SN1079,0.24861,40.4276,0.195634,primaire
SN1080,0.24862,40.3657,0.261564,primaire
SN1081,0.24865,40.3256,0.178325,primaire
SN1082,0.24896,40.427,0.180619,primaire
SN1083,0.24909,40.3167,0.167358,primaire
SN1084,0.24972,40.6733,0.220606,primaire
SN1085,0.24983,40.2961,0.206796,primaire
SN1086,0.24986,40.3915,0.163714,primaire
SN1087,0.25019,40.5965,0.224495,primaire
SN1088,0.25022,40.3764,0.218218,primaire
SN1089,0.25043,40.4145,0.179616,primaire
SN1090,0.25051,40.5692,0.188725,primaire
SN1091,0.25063,40.3009,0.188277,primaire
SN1092,0.2509,40.3873,0.202604,primaire
SN1093,0.25199,40.4698,0.207347,primaire
SN1094,0.2526,40.4622,0.166497,primaire
SN1095,0.2526,40.4066,0.259149,primaire
SN1096,0.2533,40.3688,0.15705,primaire
SN1097,0.25358,40.0303,0.262822,primaire
SN1098,0.25407,40.4546,0.167762,primaire
SN1099,0.25616,40.6458,0.194176,primaire
SN1100,0.2562,40.5593,0.271675,primaire
SN1101,0.25637,40.3729,0.207312,primaire
SN1102,0.25683,40.5023,0.251739,primaire
SN1103,0.25731,40.5776,0.249962,primaire
SN1104,0.25736,40.4941,0.193606,primaire
SN1105,0.25772,40.6088,0.22531,primaire
SN1106,0.25813,40.528,0.231214,primaire
SN1107,0.25859,40.4663,0.209281,primaire
SN1108,0.25865,40.51,0.149785,primaire
SN1109,0.25904,40.5418,0.163699,primaire
SN1110,0.25919,40.2879,0.178603,primaire
SN1111,0.25923,40.4255,0.162943,primaire
SN1112,0.25948,40.5238,0.233841,primaire
SN1113,0.25952,40.442,0.169977,primaire
SN1114,0.26062,40.5033,0.171288,primaire
SN1115,0.26094,40.6128,0.185932,primaire
SN1116,0.26141,40.447,0.207526,primaire
SN1117,0.26162,40.4182,0.225542,primaire
SN1118,0.26172,40.6874,0.258941,primaire
SN1119,0.26173,40.681,0.233293,primaire
SN1120,0.26175,40.392,0.226027,primaire
SN1121,0.26184,40.6935,0.249126,primaire
SN1122,0.262,40.7216,0.216893,primaire
SN1123,0.26303,41.2641,0.514634,ordre2
SN1124,0.26323,40.6388,0.170092,primaire
SN1125,0.2636,40.3997,0.177345,primaire
SN1126,0.26393,40.5588,0.167704,primaire
SN1127,0.26397,40.3035,0.205843,primaire
SN1128,0.26408,40.6342,0.381046,primaire
SN1129,0.26419,40.5074,0.238455,primaire
SN1130,0.2646,40.5153,0.197965,primaire
SN1131,0.26463,40.6719,0.256474,primaire
SN1132,0.26582,40.6087,0.219728,primaire
SN1133,0.26583,40.3244,0.206109,primaire
SN1134,0.2664,40.2901,0.264978,primaire
SN1135,0.267,40.5463,0.204902,primaire
SN1136,0.26791,40.5103,0.202065,primaire
SN1137,0.26818,40.4623,0.232043,primaire
SN1138,0.26859,40.579,0.191142,primaire
SN1139,0.2686,40.4553,0.240404,primaire
SN1140,0.26887,40.6039,0.217156,primaire
SN1141,0.2702,40.6363,0.197002,primaire
SN1142,0.27021,40.5089,0.164866,primaire
SN1143,0.27057,40.5139,0.20931,primaire
SN1144,0.27094,40.4887,0.166124,primaire
SN1145,0.27141,40.5677,0.123404,primaire
SN1146,0.27276,40.5415,0.173203,primaire
SN1147,0.27351,40.4721,0.208686,primaire
SN1148,0.27456,40.7399,0.293068,primaire
SN1149,0.27509,40.7769,0.239421,primaire
SN1150,0.27516,40.5286,0.241865,primaire
SN1151,0.27585,40.6631,0.213576,primaire
SN1152,0.27631,40.6749,0.180061,primaire
SN1153,0.27668,40.8504,0.272235,primaire
SN1154,0.27776,40.6186,0.24474,primaire
SN1155,0.27782,40.9187,0.17803,primaire
SN1156,0.27935,40.7037,0.164335,primaire
SN1157,0.2799,40.5056,0.19932,primaire
SN1158,0.27995,40.5664,0.153331,primaire
SN1159,0.2806,40.6663,0.153096,primaire
SN1160,0.28132,40.6224,0.174763,primaire
SN1161,0.28207,40.5986,0.166629,primaire
SN1162,0.28266,40.744,0.297355,primaire
SN1163,0.28344,40.6596,0.184378,primaire
SN1164,0.28405,40.5735,0.154134,primaire
SN1165,0.28446,40.5431,0.186562,primaire
SN1166,0.28446,40.6919,0.20709,primaire
SN1167,0.28478,41.1135,0.351325,primaire
SN1168,0.28557,40.7046,0.185989,primaire
SN1169,0.28588,40.671,0.173206,primaire
SN1170,0.28665,40.6389,0.217509,primaire
SN1171,0.28734,40.5691,0.250397,primaire
SN1172,0.28758,40.5379,0.238886,primaire
SN1173,0.28775,40.8753,0.227224,primaire
SN1174,0.28814,40.7075,0.188011,primaire
SN1175,0.28844,40.749,0.137848,primaire
SN1176,0.28854,40.7458,0.165419,primaire
SN1177,0.28894,40.9433,0.226038,primaire
SN1178,0.28901,40.7428,0.228497,primaire
SN1179,0.28905,40.6763,0.168052,primaire
SN1180,0.28907,40.702,0.277224,primaire
SN1181,0.28949,40.9765,0.256114,primaire
SN1182,0.28995,40.7393,0.271437,primaire
SN1183,0.29008,40.7298,0.234493,primaire
SN1184,0.29045,40.7861,0.23085,primaire
SN1185,0.29123,40.484,0.219145,primaire
SN1186,0.29193,40.7606,0.177707,primaire
SN1187,0.29196,40.7653,0.172199,primaire
SN1188,0.29215,40.7505,0.483728,ordre2
SN1189,0.29221,40.4229,0.292471,primaire
SN1190,0.29251,40.6378,0.228825,primaire
SN1191,0.29256,40.6952,0.224836,primaire
SN1192,0.29293,40.7458,0.174302,primaire
SN1193,0.29298,40.8268,0.203556,primaire
SN1194,0.29365,40.857,0.204834,primaire
SN1195,0.29504,40.762,0.173778,primaire
SN1196,0.2958,41.0209,0.307913,primaire
SN1197,0.29587,40.9989,0.165779,primaire
SN1198,0.29647,40.9938,0.366054,primaire
SN1199,0.29692,40.6595,0.202621,primaire
SN1200,0.29695,40.7505,0.210501,primaire
SN1201,0.29853,41.2705,0.232731,primaire
SN1202,0.29855,40.6539,0.272883,primaire
SN1203,0.29893,40.9195,0.25505,primaire
SN1204,0.29933,41.0113,0.341681,primaire
SN1205,0.29945,41.0213,0.195981,primaire
SN1206,0.29947,40.7335,0.186464,primaire
SN1207,0.3002,40.9837,0.198158,primaire
SN1208,0.3003,40.8795,0.247188,primaire
SN1209,0.30089,41.1729,0.294726,primaire
SN1210,0.30142,40.8585,0.191702,primaire
SN1211,0.30152,41.1086,0.206046,primaire
SN1212,0.30251,40.8894,0.22475,primaire
SN1213,0.30304,40.8204,0.274703,primaire
SN1214,0.30352,40.9204,0.142521,primaire
SN1215,0.30365,41.0778,0.197526,primaire
SN1216,0.30404,40.719,0.22209,primaire
SN1217,0.30406,40.7052,0.182517,primaire
SN1218,0.30476,41.0411,0.242802,primaire
SN1219,0.30486,40.9018,0.140115,primaire
SN1220,0.30526,40.5924,0.306711,primaire
SN1221,0.30538,40.9054,0.133839,primaire
SN1222,0.30548,41.0041,0.226225,primaire
SN1223,0.30581,40.9451,0.165493,primaire
SN1224,0.30652,40.8959,0.201565,primaire
SN1225,0.30681,41.16,0.239095,primaire
SN1226,0.30691,40.9573,0.150058,primaire
SN1227,0.30818,41.2018,0.139651,primaire
SN1228,0.30834,40.9533,0.254065,primaire
SN1229,0.30878,40.9954,0.152417,primaire
SN1230,0.30922,41.046,0.250639,primaire
SN1231,0.30938,40.9757,0.270379,primaire
SN1232,0.30949,41.0177,0.300429,primaire
SN1233,0.30962,40.72,0.257177,primaire
SN1234,0.31052,40.6197,0.336421,primaire
SN1235,0.31061,40.9962,0.221391,primaire
SN1236,0.31088,41.046,0.182638,primaire
SN1237,0.31144,41.0123,0.141744,primaire
SN1238,0.31179,41.0377,0.210925,primaire
SN1239,0.31203,40.9503,0.160446,primaire
SN1240,0.31262,40.9565,0.149709,primaire
SN1241,0.31267,41.0352,0.279475,primaire
SN1242,0.3127,40.6239,0.2062,primaire
SN1243,0.31296,41.0195,0.203499,primaire
SN1244,0.31303,41.0061,0.176794,primaire
SN1245,0.31387,41.0228,0.214434,primaire
SN1246,0.31453,41.1251,0.155711,primaire
SN1247,0.31506,41.0194,0.227804,primaire
SN1248,0.3152,40.8837,0.219964,primaire
SN1249,0.31588,41.2033,0.233304,primaire
SN1250,0.31593,40.933,0.227638,primaire
SN1251,0.31623,41.1979,0.274091,primaire
SN1252,0.31782,41.0738,0.195921,primaire
SN1253,0.31804,41.0772,0.167213,primaire
SN1254,0.31822,41.0199,0.153489,primaire
SN1255,0.3185,41.3345,0.327925,primaire
SN1256,0.31901,41.141,0.177674,primaire
SN1257,0.31901,40.8941,0.203876,primaire
SN1258,0.32096,41.2315,0.207296,primaire
SN1259,0.32104,40.9546,0.156373,primaire
SN1260,0.32118,41.1921,0.293444,primaire
SN1261,0.32206,40.7271,0.199265,primaire
SN1262,0.32223,40.8628,0.158186,primaire
SN1263,0.32223,40.8774,0.138773,primaire
SN1264,0.32276,40.9316,0.211904,primaire
SN1265,0.32446,41.0699,0.126468,primaire
SN1266,0.32548,41.2273,0.193265,primaire
SN1267,0.3256,41.2625,0.255286,primaire
SN1268,0.3258,41.1639,0.271274,primaire
SN1269,0.32581,41.0478,0.141716,primaire
SN1270,0.32632,41.0504,0.157201,primaire
SN1271,0.32804,41.0002,0.171833,primaire
SN1272,0.32842,41.3079,0.308428,primaire
SN1273,0.32848,41.351,0.278699,primaire
SN1274,0.32851,40.934,0.295651,primaire
SN1275,0.32868,41.0716,0.150485,primaire
SN1276,0.32868,41.1,0.144172,primaire
SN1277,0.32871,40.9276,0.222195,primaire
SN1278,0.32907,41.0566,0.165152,primaire
SN1279,0.32941,41.4109,0.310571,primaire
SN1280,0.32952,41.2391,0.162498,primaire
SN1281,0.32968,41.1031,0.114803,primaire
SN1282,0.32995,40.8444,0.209813,primaire
SN1283,0.33047,41.2306,0.131607,primaire
SN1284,0.33056,41.1674,0.214426,primaire
SN1285,0.33063,41.1689,0.23109,primaire
SN1286,0.33089,41.1586,0.239453,primaire
SN1287,0.3309,40.996,0.212048,primaire
SN1288,0.33103,41.0098,0.137116,primaire
SN1289,0.33147,41.0301,0.218692,primaire
SN1290,0.33147,41.2335,0.285481,primaire
SN1291,0.33147,41.1012,0.166036,primaire
SN1292,0.33189,41.0149,0.143999,primaire
SN1293,0.33237,40.977,0.159233,primaire
SN1294,0.33298,41.3299,0.201675,primaire
SN1295,0.3335,41.0025,0.141896,primaire
SN1296,0.3335,41.0366,0.176123,primaire
SN1297,0.3345,41.1204,0.23572,primaire
SN1298,0.33498,41.0251,0.171864,primaire
SN1299,0.3351,41.0242,0.177927,primaire
SN1300,0.33671,41.0367,0.18424,primaire
SN1301,0.33749,41.1678,0.278653,primaire
SN1302,0.33751,41.0098,0.23724,primaire
SN1303,0.33762,41.1477,0.176101,primaire
SN1304,0.33778,41.1537,0.233862,primaire
SN1305,0.33818,41.145,0.211242,primaire
SN1306,0.33848,41.1131,0.200412,primaire
SN1307,0.33897,41.0555,0.356511,primaire
SN1308,0.34061,41.1737,0.192422,primaire
SN1309,0.34098,41.0587,0.1943,primaire
SN1310,0.34111,41.0641,0.255103,primaire
SN1311,0.34169,41.2122,0.321008,primaire
SN1312,0.34446,41.3081,0.152468,primaire
SN1313,0.34448,41.2914,0.299203,primaire
SN1314,0.34487,41.2333,0.171671,primaire
SN1315,0.34545,41.2033,0.23021,primaire
SN1316,0.34602,41.3318,0.136683,primaire
SN1317,0.34696,41.4163,0.370346,primaire
SN1318,0.34717,41.1174,0.244272,primaire
SN1319,0.34881,41.3721,0.218415,primaire
SN1320,0.3491,41.2499,0.158604,primaire
SN1321,0.34912,41.282,0.206036,primaire
SN1322,0.34932,41.1406,0.157954,primaire
SN1323,0.34939,41.2033,0.168604,primaire
SN1324,0.34949,41.005,0.226318,primaire
SN1325,0.34949,41.3756,0.171432,primaire
SN1326,0.34949,41.1526,0.205831,primaire
SN1327,0.34968,41.4873,0.287684,primaire
SN1328,0.35015,41.1867,0.147015,primaire
SN1329,0.35059,41.2342,0.163121,primaire
SN1330,0.35099,41.2532,0.161378,primaire
SN1331,0.35149,41.4798,0.209505,primaire
SN1332,0.35149,41.3343,0.138963,primaire
SN1333,0.35372,41.3657,0.191944,primaire
SN1334,0.35519,41.4647,0.223042,primaire
SN1335,0.35774,41.3574,0.291964,primaire
SN1336,0.358,41.3539,0.215252,primaire
SN1337,0.35842,41.2423,0.215992,primaire
SN1338,0.3585,41.1484,0.288995,primaire
SN1339,0.35909,41.1532,0.305677,primaire
SN1340,0.35909,41.4429,0.171109,primaire
SN1341,0.35946,41.4213,0.15447,primaire
SN1342,0.36017,41.187,0.191161,primaire
SN1343,0.36034,41.0791,0.230289,primaire
SN1344,0.36091,41.4328,0.197529,primaire
SN1345,0.36147,41.1159,0.288022,primaire
SN1346,0.3628,41.2452,0.209997,primaire
SN1347,0.36325,41.364,0.215101,primaire
SN1348,0.36499,41.4626,0.291566,primaire
SN1349,0.36623,41.136,0.226225,primaire
SN1350,0.36656,41.2327,0.155657,primaire
SN1351,0.36713,41.2088,0.151911,primaire
SN1352,0.3679,41.2627,0.165575,primaire
SN1353,0.36799,41.4699,0.158375,primaire
SN1354,0.36839,41.5479,0.336428,primaire
SN1355,0.36857,41.463,0.345551,primaire
SN1356,0.36962,41.4498,0.244353,primaire
SN1357,0.36987,41.2185,0.255045,primaire
SN1358,0.37023,41.3794,0.188778,primaire
SN1359,0.37052,41.3759,0.163241,primaire
SN1360,0.37053,41.3833,0.160025,primaire
SN1361,0.37057,41.6395,0.256631,primaire
SN1362,0.37062,41.273,0.282407,primaire
SN1363,0.37062,41.0698,0.135854,primaire
SN1364,0.37095,41.4098,0.39052,primaire
SN1365,0.37138,41.334,0.168104,primaire
SN1366,0.37153,41.3842,0.116639,primaire
SN1367,0.37153,41.4289,0.165418,primaire
SN1368,0.37353,41.3114,0.133039,primaire
SN1369,0.37436,41.4722,0.234786,primaire
SN1370,0.37676,41.4155,0.15471,primaire
SN1371,0.37805,41.3598,0.223183,primaire
SN1372,0.37852,41.4271,0.182401,primaire
SN1373,0.37991,41.2959,0.219919,primaire
SN1374,0.37997,41.4154,0.163795,primaire
SN1375,0.38061,41.4614,0.188044,primaire
SN1376,0.38092,41.4511,0.201434,primaire
SN1377,0.38129,41.4549,0.20413,primaire
SN1378,0.38153,41.6775,0.218983,primaire
SN1379,0.38185,41.5615,0.198898,primaire
SN1380,0.38248,41.3726,0.265174,primaire
SN1381,0.38291,41.3678,0.206585,primaire
SN1382,0.38402,41.5182,0.20184,primaire
SN1383,0.386,41.5217,0.152114,primaire
SN1384,0.38672,41.3791,0.270807,primaire
SN1385,0.38744,41.5567,0.273474,primaire
SN1386,0.38781,41.6302,0.283892,primaire
SN1387,0.38895,41.383,0.199578,primaire
SN1388,0.38949,41.544,0.192176,primaire
SN1389,0.39255,41.4742,0.237288,primaire
SN1390,0.3951,41.4677,0.203648,primaire
SN1391,0.39706,41.259,0.168535,primaire
SN1392,0.39944,41.7119,0.28782,primaire
SN1393,0.4005,41.4918,0.158339,primaire
SN1394,0.40221,41.4795,0.199524,primaire
SN1395,0.40293,41.5478,0.290402,primaire
SN1396,0.40368,41.616,0.213828,primaire
SN1397,0.40463,41.6747,0.166047,primaire
SN1398,0.40483,41.3373,0.202033,primaire
SN1399,0.4055,41.7807,0.135518,primaire
SN1400,0.40646,41.6914,0.168815,primaire
SN1401,0.40895,41.7002,0.240024,primaire
SN1402,0.4092,41.7405,0.363654,primaire
SN1403,0.40935,41.7061,0.274957,primaire
SN1404,0.40949,41.6784,0.172193,primaire
SN1405,0.41004,41.6836,0.279968,primaire
SN1406,0.41123,41.662,0.318089,primaire
SN1407,0.4114,41.8335,0.242677,primaire
SN1408,0.41161,41.8131,0.149106,primaire
SN1409,0.41266,41.7893,0.330128,primaire
SN1410,0.41657,41.7295,0.149208,primaire
SN1411,0.41857,41.6174,0.202099,primaire
SN1412,0.41936,41.6863,0.192599,primaire
SN1413,0.41939,41.4604,0.22264,primaire
SN1414,0.4196,41.8662,0.224621,primaire
SN1415,0.41965,41.7981,0.235757,primaire
SN1416,0.41995,41.4394,0.294415,primaire
SN1417,0.42036,41.8343,0.344188,primaire
SN1418,0.42088,41.6178,0.17643,primaire
SN1419,0.42094,41.728,0.250117,primaire
SN1420,0.42195,41.5336,0.270821,primaire
SN1421,0.42247,41.6483,0.231707,primaire
SN1422,0.42249,41.6796,0.275449,primaire
SN1423,0.42348,41.5955,0.186465,primaire
SN1424,0.4236,41.8403,0.400817,primaire
SN1425,0.42399,41.7264,0.13417,primaire
SN1426,0.42459,41.7483,0.195831,primaire
SN1427,0.42568,41.7039,0.195468,primaire
SN1428,0.42602,41.7517,0.175449,primaire
SN1429,0.427,41.813,0.229539,primaire
SN1430,0.42703,41.8348,0.198324,primaire
SN1431,0.42793,42.2757,0.23861,primaire
SN1432,0.42859,41.8825,0.403543,primaire
SN1433,0.42895,41.6443,0.193398,primaire
SN1434,0.42903,41.8266,0.250757,primaire
SN1435,0.42976,41.9219,0.19807,primaire
SN1436,0.4302,41.8354,0.165783,primaire
SN1437,0.43494,41.7828,0.183674,primaire
SN1438,0.43546,41.5839,0.13365,primaire
SN1439,0.43683,42.0051,0.1818,primaire
SN1440,0.4376,41.6253,0.16614,primaire
SN1441,0.43783,41.882,0.356877,primaire
SN1442,0.4389,41.4679,0.211194,primaire
SN1443,0.43891,41.6682,0.279961,primaire
SN1444,0.43935,41.8262,0.202784,primaire
SN1445,0.44013,42.1401,0.441915,ordre2
SN1446,0.44067,41.6364,0.160177,primaire
SN1447,0.44149,41.6823,0.183572,primaire
SN1448,0.44245,41.8523,0.172891,primaire
SN1449,0.44263,41.9039,0.139699,primaire
SN1450,0.44361,41.793,0.182219,primaire
SN1451,0.44391,41.8069,0.290347,primaire
SN1452,0.44764,41.8552,0.223954,primaire
SN1453,0.44886,41.8853,0.221814,primaire
SN1454,0.44891,41.9875,0.215648,primaire
SN1455,0.45068,41.6446,0.157686,primaire
SN1456,0.45106,41.9281,0.213431,primaire
SN1457,0.45162,41.5892,0.225346,primaire
SN1458,0.45162,41.9923,0.154715,primaire
SN1459,0.45163,41.7162,0.305385,primaire
SN1460,0.45218,41.9959,0.320076,primaire
SN1461,0.45328,41.7953,0.207786,primaire
SN1462,0.45346,41.8863,0.14411,primaire
SN1463,0.45458,41.7873,0.209236,primaire
SN1464,0.45477,41.8839,0.284149,primaire
SN1465,0.45885,41.9679,0.252185,primaire
SN1466,0.46064,42.0021,0.190943,primaire
SN1467,0.46104,42.0162,0.230251,primaire
SN1468,0.46164,41.9839,0.138441,primaire
SN1469,0.46643,42.3424,0.396492,primaire
SN1470,0.46654,42.048,0.135922,primaire
SN1471,0.46842,41.9733,0.206146,primaire
SN1472,0.46887,41.7631,0.234035,primaire
SN1473,0.47042,42.2151,0.404516,primaire
SN1474,0.47065,42.0135,0.180637,primaire
SN1475,0.47163,41.9798,0.210913,primaire
SN1476,0.47204,42.0374,0.25691,primaire
SN1477,0.47565,41.938,0.177112,primaire
SN1478,0.47786,42.2269,0.228278,primaire
SN1479,0.47941,41.8695,0.203883,primaire
SN1480,0.47946,42.0107,0.198987,primaire
SN1481,0.47988,41.8956,0.237796,primaire
SN1482,0.48064,42.0041,0.160362,primaire
SN1483,0.48065,41.9748,0.139221,primaire
SN1484,0.48164,42.3055,0.210887,primaire
SN1485,0.48888,42.0842,0.199732,primaire
SN1486,0.49244,42.2783,0.335403,primaire
SN1487,0.49499,42.0821,0.165011,primaire
SN1488,0.49566,42.1453,0.120919,primaire
SN1489,0.49579,42.0817,0.153945,primaire
SN1490,0.49739,42.1268,0.225856,primaire
SN1491,0.50067,42.257,0.253816,primaire
SN1492,0.50098,42.1165,0.283133,primaire
SN1493,0.50282,42.161,0.218549,primaire
SN1494,0.50285,42.0703,0.312874,primaire
SN1495,0.50306,42.1484,0.311282,primaire
SN1496,0.50316,42.1444,0.228687,primaire
SN1497,0.50593,42.079,0.166703,primaire
SN1498,0.50615,42.1043,0.151709,primaire
SN1499,0.50725,42.2358,0.180974,primaire
SN1500,0.50739,42.2419,0.288822,primaire
SN1501,0.50825,42.0193,0.184312,primaire
SN1502,0.51016,42.0945,0.144405,primaire
SN1503,0.51095,42.0583,0.239085,primaire
SN1504,0.51169,42.3885,0.227281,primaire
SN1505,0.51387,42.2567,0.35966,primaire
SN1506,0.51437,42.2259,0.196162,primaire
SN1507,0.51469,42.3259,0.402924,primaire
SN1508,0.51726,42.0932,0.190441,primaire
SN1509,0.51883,42.1949,0.250421,primaire
SN1510,0.51885,42.1824,0.209558,primaire
SN1511,0.51941,42.2438,0.315111,primaire
SN1512,0.51968,42.2905,0.196455,primaire
SN1513,0.52271,42.3496,0.273927,primaire
SN1514,0.524,42.1774,0.369236,primaire
SN1515,0.5262,42.1702,0.223271,primaire
SN1516,0.52859,42.0855,0.188829,primaire
SN1517,0.52937,42.2913,0.141023,primaire
SN1518,0.53099,41.8802,0.23431,primaire
SN1519,0.53111,42.5109,0.289268,primaire
SN1520,0.53124,42.5253,0.38093,primaire
SN1521,0.53225,41.9821,0.221979,primaire
SN1522,0.53271,42.2472,0.294354,primaire
SN1523,0.53372,42.1649,0.273819,primaire
SN1524,0.53435,42.1433,0.225295,primaire
SN1525,0.53534,42.3205,0.204703,primaire
SN1526,0.53572,42.2134,0.209507,primaire
SN1527,0.53942,42.3338,0.244476,primaire
SN1528,0.54097,42.2791,0.233447,primaire
SN1529,0.54152,42.53,0.24247,primaire
SN1530,0.54545,42.5633,0.191404,primaire
SN1531,0.54834,42.0235,0.363222,primaire
SN1532,0.54881,42.1695,0.378555,primaire
SN1533,0.55021,42.3253,0.19588,primaire
SN1534,0.55033,42.3728,0.208456,primaire
SN1535,0.55046,42.4104,0.376261,primaire
SN1536,0.55267,42.1938,0.244151,primaire
SN1537,0.55375,42.49,0.207133,primaire
SN1538,0.55384,42.0827,0.177409,primaire
SN1539,0.55782,42.4389,0.195189,primaire
SN1540,0.55882,42.7331,0.3833,primaire
SN1541,0.55882,42.2975,0.356215,primaire
SN1542,0.56181,42.2937,0.227829,primaire
SN1543,0.56269,42.6016,0.265242,primaire
SN1544,0.56283,42.4296,0.234712,primaire
SN1545,0.56437,42.3928,0.221111,primaire
SN1546,0.56437,42.4881,0.207587,primaire
SN1547,0.56437,42.3969,0.296515,primaire
SN1548,0.56481,42.4873,0.19275,primaire
SN1549,0.56879,42.2407,0.262337,primaire
SN1550,0.57542,42.1912,0.452867,ordre2
SN1551,0.57577,42.5915,0.213158,primaire
SN1552,0.57619,42.4887,0.202103,primaire
SN1553,0.57668,42.4263,0.166843,primaire
SN1554,0.57737,42.645,0.290949,primaire
SN1555,0.5783,42.4174,0.24485,primaire
SN1556,0.57831,42.4512,0.241176,primaire
SN1557,0.57882,42.4272,0.214391,primaire
SN1558,0.57891,42.5317,0.231686,primaire
SN1559,0.57967,42.3923,0.23116,primaire
SN1560,0.58067,42.573,0.262496,primaire
SN1561,0.5808,42.7061,0.239821,primaire
SN1562,0.58301,42.5408,0.168029,primaire
SN1563,0.5833,42.7974,0.186201,primaire
SN1564,0.58382,42.4765,0.198486,primaire
SN1565,0.58382,42.6489,0.184752,primaire
SN1566,0.5839,42.4199,0.199369,primaire
SN1567,0.58582,42.707,0.37297,primaire
SN1568,0.5873,42.6241,0.203038,primaire
SN1569,0.58879,42.5021,0.220032,primaire
SN1570,0.59029,42.5156,0.248253,primaire
SN1571,0.59179,42.4508,0.255828,primaire
SN1572,0.60067,42.6116,0.278838,primaire
SN1573,0.60155,42.7562,0.394779,primaire
SN1574,0.60328,42.7503,0.2001,primaire
SN1575,0.60626,42.6158,0.275076,primaire
SN1576,0.60827,42.5904,0.228388,primaire
SN1577,0.60876,42.4282,0.350327,primaire
SN1578,0.60878,42.6179,0.230751,primaire
SN1579,0.60981,42.6876,0.321483,primaire
SN1580,0.61071,42.6686,0.184238,primaire
SN1581,0.61127,42.9049,0.247686,primaire
SN1582,0.61177,42.701,0.16444,primaire
SN1583,0.61577,42.7085,0.347272,primaire
SN1584,0.61875,42.7164,0.388756,primaire
SN1585,0.61941,42.6948,0.2753,primaire
SN1586,0.61983,42.7557,0.154862,primaire
SN1587,0.6207,42.6988,0.268136,primaire
SN1588,0.62183,42.5894,0.275623,primaire
SN1589,0.62525,42.6577,0.215148,primaire
SN1590,0.62725,42.585,0.244041,primaire
SN1591,0.63077,42.6632,0.202856,primaire
SN1592,0.63183,42.3111,0.32695,primaire
SN1593,0.63225,42.8493,0.323662,primaire
SN1594,0.63399,42.5972,0.147609,primaire
SN1595,0.63777,42.5298,0.442879,ordre2
SN1596,0.63794,42.8637,0.31082,primaire
SN1597,0.63824,42.6594,0.367516,primaire
SN1598,0.63873,42.7804,0.261646,primaire
SN1599,0.63934,42.79,0.171844,primaire
SN1600,0.64185,42.8476,0.256941,primaire
SN1601,0.64311,42.3609,0.407842,primaire
SN1602,0.64371,42.7992,0.309841,primaire
SN1603,0.64371,42.8034,0.316528,primaire
SN1604,0.6477,42.819,0.288435,primaire
SN1605,0.64852,43.0397,0.272369,primaire
SN1606,0.6487,42.7335,0.310678,primaire
SN1607,0.64962,42.7805,0.149571,primaire
SN1608,0.66213,42.9793,0.279772,primaire
SN1609,0.6647,42.8698,0.233989,primaire
SN1610,0.67072,43.0677,0.274795,primaire
SN1611,0.67773,43.2251,0.311797,primaire
SN1612,0.6819,42.8376,0.239367,primaire
SN1613,0.68372,43.1716,0.407734,primaire
SN1614,0.68519,43.0166,0.366173,primaire
SN1615,0.68872,42.8137,0.226508,primaire
SN1616,0.68935,42.8535,0.15677,primaire
SN1617,0.68936,43.0444,0.271991,primaire
SN1618,0.69072,42.9143,0.425857,primaire
SN1619,0.69318,42.9162,0.318024,primaire
SN1620,0.69718,42.9692,0.212738,primaire
SN1621,0.69818,42.9671,0.342807,primaire
SN1622,0.69918,42.9402,0.338462,primaire
SN1623,0.69918,43.0691,0.215345,primaire
SN1624,0.69932,43.1107,0.155898,primaire
SN1625,0.69992,43.1147,0.29538,primaire
SN1626,0.7007,42.917,0.223194,primaire
SN1627,0.70117,43.0968,0.261582,primaire
SN1628,0.70192,42.8962,0.462713,ordre2
SN1629,0.70192,43.0433,0.252753,primaire
SN1630,0.71571,42.9944,0.245932,primaire
SN1631,0.71874,42.8739,0.18843,primaire
SN1632,0.71968,43.1638,0.204549,primaire
SN1633,0.71969,42.97,0.342226,primaire
SN1634,0.72015,43.1612,0.243162,primaire
SN1635,0.72074,43.0459,0.305174,primaire
SN1636,0.72674,43.0811,0.248363,primaire
SN1637,0.72774,43.008,0.257091,primaire
SN1638,0.72866,43.005,0.283498,primaire
SN1639,0.73014,42.9186,0.321961,primaire
SN1640,0.73161,43.1799,0.196424,primaire
SN1641,0.73368,42.9845,0.195902,primaire
SN1642,0.73395,43.22,0.388289,primaire
SN1643,0.73495,43.2537,0.224615,primaire
SN1644,0.73568,43.1807,0.25711,primaire
SN1645,0.73596,43.1675,0.425639,primaire
SN1646,0.73675,42.992,0.21489,primaire
SN1647,0.74196,43.4813,0.32514,primaire
SN1648,0.74276,43.0825,0.327179,primaire
SN1649,0.74573,43.1675,0.195179,primaire
SN1650,0.74607,42.9817,0.25474,primaire
SN1651,0.74911,42.9396,0.262488,primaire
SN1652,0.7493,43.1772,0.163225,primaire
SN1653,0.75074,42.9012,0.318716,primaire
SN1654,0.75899,43.2469,0.233153,primaire
SN1655,0.76076,43.0667,0.201161,primaire
SN1656,0.7611,43.1767,0.236628,primaire
SN1657,0.76165,43.131,0.239872,primaire
SN1658,0.76566,43.2369,0.225434,primaire
SN1659,0.76666,43.4224,0.250162,primaire
SN1660,0.76674,43.3623,0.27025,primaire
SN1661,0.76709,43.5587,0.25715,primaire
SN1662,0.76865,43.2929,0.311675,primaire
SN1663,0.76932,43.2168,0.162741,primaire
SN1664,0.77309,43.3568,0.295081,primaire
SN1665,0.77929,43.0395,0.311092,primaire
SN1666,0.78807,43.3042,0.232049,primaire
SN1667,0.78907,43.3837,0.271177,primaire
SN1668,0.78928,43.1995,0.165559,primaire
SN1669,0.79662,42.9026,0.372096,primaire
SN1670,0.79863,43.4338,0.288144,primaire
SN1671,0.83981,43.36,0.211845,primaire
SN1672,0.83981,43.2012,0.390423,primaire
SN1673,0.85482,43.6168,0.299913,primaire
SN1674,0.93585,43.5331,0.239939,primaire
SN1675,0.97423,44.1111,0.201519,primaire
SN1676,1.01242,44.1177,0.367085,primaire
SN1677,1.01988,44.2757,0.225903,primaire
SN1678,1.02088,43.9706,0.47547,ordre2
SN1679,1.02789,44.5364,0.353385,primaire
SN1680,1.04817,44.4229,0.488758,ordre2
SN1681,1.12092,44.4405,0.22363,primaire
SN1682,1.23225,44.3207,0.610496,ordre2
SN1683,1.23597,44.905,0.273735,primaire
SN1684,1.29911,44.8641,0.275291,primaire
SN1685,1.3041,44.7206,0.316517,primaire
SN1686,1.30611,45.0197,0.445162,primaire
SN1687,1.31317,44.7867,0.316349,primaire
SN1688,1.3291,44.8745,0.238344,primaire
SN1689,1.34101,44.7541,0.306395,primaire
SN1690,1.35136,44.5492,0.31846,primaire
SN1691,1.35608,44.8094,0.238282,primaire
SN1692,1.39103,44.7944,0.374345,primaire
SN1693,1.41633,44.4579,0.735776,ordre2
SN1694,1.5429,45.0902,0.371014,primaire
SN1695,1.54901,45.293,0.233771,primaire
SN1696,1.61505,45.1595,0.333024,primaire
SN1697,1.69706,45.2863,0.38048,primaire
SN1698,1.80119,45.4865,0.281981,primaire
SN1699,1.91165,45.4233,0.358642,primaire
SN1700,2.26137,46.1828,0.281309,primaire
