ell,delta_Cl
0,0.0
1,0.0
2,6.280788786905026e-11
3,4.975098101324438e-11
4,4.1570095495828036e-11
5,3.6647126173629637e-11
6,3.366798706823668e-11
7,3.1842374051650467e-11
8,3.0799903151357976e-11
9,3.0222206455573077e-11
10,2.996971701360774e-11
11,3.000723189713342e-11
12,3.0088272184686096e-11
13,3.037771137107261e-11
14,3.0829979030104146e-11
15,3.152379343945243e-11
16,3.217196209687002e-11
17,3.2754789435333403e-11
18,3.3346886028591594e-11
19,3.399179061620679e-11
20,3.4714418041668015e-11
21,3.5496259579466953e-11
22,3.6312527599294906e-11
23,3.7156742509766464e-11
24,3.8028093216666443e-11
25,3.8930134578708844e-11
26,3.98643093288127e-11
27,4.081924567000719e-11
28,4.178473554688486e-11
29,4.2768040261107216e-11
30,4.377683578654365e-11
31,4.4802987238356554e-11
32,4.5836866600614945e-11
33,4.687868396549306e-11
34,4.793380088156596e-11
35,4.901834636973778e-11
36,5.014287514752276e-11
37,5.1284876999833834e-11
38,5.242099985064788e-11
39,5.355758888189145e-11
40,5.4708413661394844e-11
41,5.588533455796611e-11
42,5.70925748697706e-11
43,5.833244866861194e-11
44,5.96072700701269e-11
45,6.091868085189519e-11
46,6.226385180570476e-11
47,6.363215520372109e-11
48,6.501118174958054e-11
49,6.639149653328792e-11
50,6.777556233075262e-11
51,6.917032376053952e-11
52,7.058875532170889e-11
53,7.204190823829407e-11
54,7.352711103804172e-11
55,7.503826143096956e-11
56,7.656861089451514e-11
57,7.811138873978141e-11
58,7.96694266838401e-11
59,8.124811835404348e-11
60,8.285285710394873e-11
61,8.448779467097969e-11
62,8.615211717810784e-11
63,8.7843769111014e-11
64,8.956069463952207e-11
65,9.129966806424084e-11
66,9.3055212072094e-11
67,9.483038708819634e-11
68,9.663068011742044e-11
69,9.84616400800957e-11
70,1.0032906452143391e-10
71,1.0223474885052271e-10
72,1.0416423191573996e-10
73,1.061020298364994e-10
74,1.0804482493516911e-10
75,1.0999234090671251e-10
76,1.1194855905346897e-10
77,1.1393013328634587e-10
78,1.1594054111783807e-10
79,1.1797890139636152e-10
80,1.2004433284664818e-10
81,1.221355450640058e-10
82,1.2424961144088357e-10
83,1.263831963010077e-10
84,1.2853296396543652e-10
85,1.3069557878476645e-10
86,1.3286814571352438e-10
87,1.350495319683476e-10
88,1.3723904543528422e-10
89,1.3943599416047323e-10
90,1.4163968638219842e-10
91,1.438494807600721e-10
92,1.4606493699892338e-10
93,1.4828566528513902e-10
94,1.5051127611736257e-10
95,1.5274138033363464e-10
96,1.549755891370759e-10
97,1.5721351411997745e-10
98,1.5945459926969001e-10
99,1.6169761693971185e-10
100,1.6394117191788096e-10
101,1.6618386945961724e-10
102,1.6842431530266618e-10
103,1.7066111567981023e-10
104,1.7289287732953618e-10
105,1.7511820750466177e-10
106,1.7733571397894383e-10
107,1.795440050517068e-10
108,1.817416895505478e-10
109,1.839273768321884e-10
110,1.8609967678155948e-10
111,1.8825722226813017e-10
112,1.903987365185015e-10
113,1.9252296573411426e-10
114,1.9462865662548144e-10
115,1.967144757413746e-10
116,1.9877876747139284e-10
117,2.0081979602454715e-10
118,2.0283582608154952e-10
119,2.0482512278378007e-10
120,2.0678595172191207e-10
121,2.0871657892435397e-10
122,2.1061527084567892e-10
123,2.1248029435519766e-10
124,2.1430991672583252e-10
125,2.1610240562343948e-10
126,2.178560290967197e-10
127,2.195690555678495e-10
128,2.212397538239513e-10
129,2.2286639300951088e-10
130,2.2444724261983806e-10
131,2.259805406823566e-10
132,2.2746455638860565e-10
133,2.2889815975947953e-10
134,2.302803792284725e-10
135,2.316102435651525e-10
136,2.3288678187604277e-10
137,2.341090236067885e-10
138,2.3527599854557433e-10
139,2.363867368277488e-10
140,2.3744026894159306e-10
141,2.384356257351515e-10
142,2.3937183842404257e-10
143,2.4024793860013185e-10
144,2.41062958240959e-10
145,2.418159297197824e-10
146,2.4250588581610487e-10
147,2.431318597265286e-10
148,2.436928850757847e-10
149,2.4418799592777087e-10
150,2.4461622679643246e-10
151,2.44976639887656e-10
152,2.452684068033485e-10
153,2.4549075878485485e-10
154,2.456430552743652e-10
155,2.4572468813820293e-10
156,2.457350497450829e-10
157,2.4567353297111297e-10
158,2.455395312033097e-10
159,2.4533243834149236e-10
160,2.4505164879842535e-10
161,2.4469655749809016e-10
162,2.4426655987198543e-10
163,2.4376105185336353e-10
164,2.431794298693269e-10
165,2.42521090830729e-10
166,2.4178543211983143e-10
167,2.4097185157569585e-10
168,2.40079747477297e-10
169,2.391085185243699e-10
170,2.3805756381601173e-10
171,2.3692628282708527e-10
172,2.357140753824826e-10
173,2.344203416293241e-10
174,2.330447741761354e-10
175,2.315882345680583e-10
176,2.3005185870354614e-10
177,2.2843671050118544e-10
178,2.2674383599250714e-10
179,2.2497428132733303e-10
180,2.2312909273491017e-10
181,2.2120931648409473e-10
182,2.1921599884276684e-10
183,2.1715018603667146e-10
184,2.15012924207873e-10
185,2.1280525937302749e-10
186,2.1052823738165925e-10
187,2.0818290387464933e-10
188,2.057703042431218e-10
189,2.0329148358791494e-10
190,2.0074748667983045e-10
191,1.981393579208278e-10
192,1.9546814130633505e-10
193,1.9273488038883273e-10
194,1.8994061824285935e-10
195,1.8708639743156781e-10
196,1.8417325997495736e-10
197,1.8120224731988565e-10
198,1.781744003119487e-10
199,1.7509075916930732e-10
200,1.719523634585177e-10
201,1.6876026070779443e-10
202,1.6551553229312282e-10
203,1.6221926751411085e-10
204,1.5887255494268765e-10
205,1.554764824092323e-10
206,1.520321369907023e-10
207,1.4854060500070196e-10
208,1.4500297198141832e-10
209,1.4142032269733712e-10
210,1.377937411306371e-10
211,1.3412431047815084e-10
212,1.3041311314976653e-10
213,1.2666123076813817e-10
214,1.2286974416956083e-10
215,1.1903973340586155e-10
216,1.1517245453150558e-10
217,1.1126986996010953e-10
218,1.0733411811537923e-10
219,1.033673366511333e-10
220,9.937166245589706e-11
221,9.534923165755773e-11
222,9.130217962792555e-11
223,8.723264098705125e-11
224,8.31427496071581e-11
225,7.903463861605774e-11
226,7.491044039992228e-11
227,7.077228660530352e-11
228,6.662230814029809e-11
229,6.246263517477133e-11
230,5.82953971395663e-11
231,5.412272272464302e-11
232,4.994673987610238e-11
233,4.576957579207042e-11
234,4.159335691743228e-11
235,3.7420208937424016e-11
236,3.325225677010435e-11
237,2.9091624557747524e-11
238,2.4940435657211533e-11
239,2.0800812629358352e-11
240,1.6674877227608048e-11
241,1.2564750385732177e-11
242,8.472552205003426e-12
243,4.400401940825378e-12
244,3.504179889863225e-13
245,-3.675282128311104e-12
246,-7.674581776491203e-12
247,-1.1645365222542694e-11
248,-1.5585517648682906e-11
249,-1.94929251655692e-11
250,-2.3365474824877177e-11
251,-2.720105701704437e-11
252,-3.0997572639980764e-11
253,-3.475292595070092e-11
254,-3.8465022187564244e-11
255,-4.2131767576969676e-11
256,-4.5751069338353616e-11
257,-4.9320835687336206e-11
258,-5.2839145163825614e-11
259,-5.6304754611903284e-11
260,-5.971659119569763e-11
261,-6.307358306680324e-11
262,-6.637465935619285e-11
263,-6.961875016358213e-11
264,-7.280478654418419e-11
265,-7.593170049280762e-11
266,-7.899842492526894e-11
267,-8.20038936571093e-11
268,-8.494704137962244e-11
269,-8.782680363322035e-11
270,-9.064211677818202e-11
271,-9.339191796284502e-11
272,-9.607514508932406e-11
273,-9.869073677684989e-11
274,-1.012376323228448e-10
275,-1.0371477166186365e-10
276,-1.0612109532254342e-10
277,-1.084555443827186e-10
278,-1.1071706042287555e-10
279,-1.1290458547812058e-10
280,-1.1501706198885726e-10
281,-1.1705343275036871e-10
282,-1.1901264086151053e-10
283,-1.2089362967272302e-10
284,-1.2269534273357635e-10
285,-1.2441672374006223e-10
286,-1.2605671648184715e-10
287,-1.27614264789697e-10
288,-1.290883124832838e-10
289,-1.3047780331957565e-10
290,-1.317816809420082e-10
291,-1.3299888883062182e-10
292,-1.34128370253346e-10
293,-1.3516906821859449e-10
294,-1.3611992542932635e-10
295,-1.3697988423871185e-10
296,-1.3774788660752962e-10
297,-1.3842287406340238e-10
298,-1.390037876619661e-10
299,-1.3948956795004647e-10
300,-1.398794957634215e-10
301,-1.4017421331416693e-10
302,-1.4037469752988334e-10
303,-1.4048192332546954e-10
304,-1.4049686495440707e-10
305,-1.4042049598456682e-10
306,-1.4025378927604836e-10
307,-1.3999771696098693e-10
308,-1.3965325042524805e-10
309,-1.3922136029190922e-10
310,-1.3870301640641925e-10
311,-1.380991878233122e-10
312,-1.3741084279433875e-10
313,-1.3663894875787187e-10
314,-1.3578447232942925e-10
315,-1.3484837929315512e-10
316,-1.3383163459409238e-10
317,-1.327352023310731e-10
318,-1.3156004575005926e-10
319,-1.303071272377548e-10
320,-1.2897740831532038e-10
321,-1.2757184963202118e-10
322,-1.2609141095864252e-10
323,-1.245370511805145e-10
324,-1.2290972828999742e-10
325,-1.2121039937828388e-10
326,-1.194400206263895e-10
327,-1.175995472952126e-10
328,-1.1568993371455803e-10
329,-1.137121332710348e-10
330,-1.1166709839475241e-10
331,-1.095557805447552e-10
332,-1.0737913019315582e-10
333,-1.0513809680793884e-10
334,-1.0283362883443209e-10
335,-1.0046667367545315e-10
336,-9.803817767016284e-11
337,-9.55490860716723e-11
338,-9.300034302346803e-11
339,-9.039289153473947e-11
340,-8.772767345470595e-11
341,-8.500562944606079e-11
342,-8.222788571988725e-11
343,-7.939631429441797e-11
344,-7.651297267998895e-11
345,-7.357991708816473e-11
346,-7.059920240298842e-11
347,-6.757288215232019e-11
348,-6.450300847946083e-11
349,-6.139163211526296e-11
350,-5.824080235093673e-11
351,-5.505256749552779e-11
352,-5.1828976302049906e-11
353,-4.857207649231562e-11
354,-4.528391425083471e-11
355,-4.196653420421144e-11
356,-3.862197940246468e-11
357,-3.525229130245866e-11
358,-3.185950975362066e-11
359,-2.8445672986113052e-11
360,-2.5012817601613594e-11
361,-2.1562978566843068e-11
362,-1.8098189209966954e-11
363,-1.4620481219979388e-11
364,-1.1131884649160714e-11
365,-7.634427918684734e-12
366,-4.130137827428545e-12
367,-6.21039564023937e-13
368,2.890843277834385e-12
369,6.403488680825526e-12
370,9.914876182206762e-12
371,1.3422986848826115e-11
372,1.6925803249006646e-11
373,2.0421309421379677e-11
374,2.3907490840766185e-11
375,2.738233438122162e-11
376,3.084382827637674e-11
377,3.428996207722011e-11
378,3.771872660748563e-11
379,4.1128113916819107e-11
380,4.451611723191065e-11
381,4.788073090578825e-11
382,5.121995036547961e-11
383,5.453177205825195e-11
384,5.781432660025665e-11
385,6.106627833140698e-11
386,6.428642564784769e-11
387,6.747356774110396e-11
388,7.062650454052013e-11
389,7.374403665560006e-11
390,7.682496531845982e-11
391,7.986809232659879e-11
392,8.287221998618583e-11
393,8.58361510560481e-11
394,8.875868869253797e-11
395,9.163863639544038e-11
396,9.447479795507223e-11
397,9.726597740070497e-11
398,1.000109789504319e-10
399,1.027086069625804e-10
400,1.05357665888754e-10
401,1.079569605353039e-10
402,1.1050529694001031e-10
403,1.1300148141014623e-10
404,1.1544432017579287e-10
405,1.1783261935167004e-10
406,1.201651849007241e-10
407,1.2244082259943193e-10
408,1.2465833800476334e-10
409,1.268165364227274e-10
410,1.2891422287841248e-10
411,1.3095020208741763e-10
412,1.3292327842855812e-10
413,1.348322559177162e-10
414,1.3667593818270053e-10
415,1.384531284389643e-10
416,1.4016262946602906e-10
417,1.4180324358445316e-10
418,1.433737726331798e-10
419,1.448730179470984e-10
420,1.4629978033465091e-10
421,1.4765286005531592e-10
422,1.4893105679680841e-10
423,1.5013316965183243e-10
424,1.5125799709423588e-10
425,1.523043369544192e-10
426,1.5327129793091697e-10
427,1.541592341750803e-10
428,1.5496881065230564e-10
429,1.5570069157614857e-10
430,1.5635554037817938e-10
431,1.569340196764539e-10
432,1.574367912425434e-10
433,1.5786451596708354e-10
434,1.5821785382382062e-10
435,1.5849746383215208e-10
436,1.5870400401817253e-10
437,1.588381313742593e-10
438,1.5890050181724694e-10
439,1.588917701452575e-10
440,1.588125899932742e-10
441,1.586636137875576e-10
442,1.5844549269902605e-10
443,1.581588765957329e-10
444,1.5780441399458883e-10
445,1.5738275201249282e-10
446,1.5689453631704468e-10
447,1.563404110770253e-10
448,1.5572101891283988e-10
449,1.5503700084712574e-10
450,1.542889962557352e-10
451,1.5347764266654534e-10
452,1.5260357525354717e-10
453,1.516674272485394e-10
454,1.5066983004854193e-10
455,1.4961141317190604e-10
456,1.484928042161008e-10
457,1.4731462881738177e-10
458,1.4607751061254425e-10
459,1.447820712029529e-10
460,1.4342893012103062e-10
461,1.420187047993778e-10
462,1.4055201054268105e-10
463,1.3902946050255349e-10
464,1.3745166565543874e-10
465,1.358192347836899e-10
466,1.341327744599194e-10
467,1.323928890346995e-10
468,1.3060037327454246e-10
469,1.2875679029707147e-10
470,1.2686389362844712e-10
471,1.2492343455801074e-10
472,1.2293716214325915e-10
473,1.2090682321824724e-10
474,1.1883416240536436e-10
475,1.1672092213041437e-10
476,1.1456884264091116e-10
477,1.1237966202748447e-10
478,1.1015511624827594e-10
479,1.0789693915618972e-10
480,1.0560686252885097e-10
481,1.0328661610110915e-10
482,1.0093792759991761e-10
483,9.856252278140611e-11
484,9.616212546996113e-11
485,9.373845759911499e-11
486,9.129323925404879e-11
487,8.88281887155042e-11
488,8.634502250490107e-11
489,8.38454554304576e-11
490,8.133120063411282e-11
491,7.88039696390516e-11
492,7.62654723976417e-11
493,7.371741733959598e-11
494,7.116151142018225e-11
495,6.859946016831355e-11
496,6.603296773436086e-11
497,6.346373693754289e-11
498,6.089346931276246e-11
499,5.832386515676961e-11
500,5.575662357354919e-11
501,5.3193442234820506e-11
502,5.0636016571548684e-11
503,4.808604066862583e-11
504,4.554520759047191e-11
505,4.301520942156225e-11
506,4.0497737305901984e-11
507,3.799448148546138e-11
508,3.5507131337599905e-11
509,3.303737541152459e-11
510,3.0586808926400165e-11
511,2.8156656193745104e-11
512,2.5748048263730614e-11
513,2.3362115495953943e-11
514,2.0999987592238265e-11
515,1.8662793629023054e-11
516,1.6351662089475497e-11
517,1.4067720895462419e-11
518,1.1812097439525725e-11
519,9.585918617012887e-12
520,7.390310858512299e-12
521,5.226400162748749e-12
522,3.095312130092145e-12
523,9.981719968310722e-13
524,-1.063895329639772e-12
525,-3.089765234575729e-12
526,-5.078313358442484e-12
527,-7.0284155581530915e-12
528,-8.938947866860483e-12
529,-1.0808786452194822e-11
530,-1.263680757284852e-11
531,-1.442188753342339e-11
532,-1.6162902637467315e-11
533,-1.7858729138644686e-11
534,-1.950824318999839e-11
535,-2.1110320791278204e-11
536,-2.2663837734326966e-11
537,-2.416766954653198e-11
538,-2.5620691432367438e-11
539,-2.7021778213070513e-11
540,-2.836980426451012e-11
541,-2.966364345332449e-11
542,-3.0902169071422e-11
543,-3.20842537689518e-11
544,-3.320876948587166e-11
545,-3.4274587382247884e-11
546,-3.528057776744372e-11
547,-3.6225610028359034e-11
548,-3.710855255689783e-11
549,-3.792827267685189e-11
550,-3.868363657039539e-11
551,-3.9373509170701714e-11
552,-3.999702507642053e-11
553,-4.055440184699322e-11
554,-4.1046126695708296e-11
555,-4.1472685328182595e-11
556,-4.1834561870958e-11
557,-4.213223880120797e-11
558,-4.236619687776915e-11
559,-4.253691507370696e-11
560,-4.264487051061751e-11
561,-4.2690538394861254e-11
562,-4.267439195591512e-11
563,-4.259690238701777e-11
564,-4.24585387882735e-11
565,-4.2259768112363736e-11
566,-4.2001055113006784e-11
567,-4.168286229628577e-11
568,-4.1305649874953394e-11
569,-4.0869875725805437e-11
570,-4.037599535019499e-11
571,-3.982446183774793e-11
572,-3.9215725833317183e-11
573,-3.855023550719939e-11
574,-3.782843652861945e-11
575,-3.7050772042469725e-11
576,-3.621768264927629e-11
577,-3.5329606388345337e-11
578,-3.4386978724028784e-11
579,-3.339023253503309e-11
580,-3.2339798106677724e-11
581,-3.123610312600222e-11
582,-3.0079572679601096e-11
583,-2.8870629254061178e-11
584,-2.7609692738860082e-11
585,-2.6297180431581643e-11
586,-2.4933507045290336e-11
587,-2.351908471790721e-11
588,-2.2054323023418503e-11
589,-2.0539628984751934e-11
590,-1.8975407088148153e-11
591,-1.736205929885897e-11
592,-1.5699985078001987e-11
593,-1.398958140040769e-11
594,-1.2231435718147455e-11
595,-1.0426904814438521e-11
596,-8.5775359889663e-12
597,-6.684874133293053e-12
598,-4.75046175137301e-12
599,-2.7758389801994653e-12
600,-7.62543610476592e-13
601,1.287889225816345e-12
602,3.3739280340854275e-12
603,5.4940439378016856e-12
604,7.646710325530308e-12
605,9.830402831315862e-12
606,1.204359931541447e-11
607,1.4284779845382852e-11
608,1.655242667751986e-11
609,1.8845024238639967e-11
610,2.11610591081449e-11
611,2.3499020000343383e-11
612,2.5857397746956777e-11
613,2.8234685279734284e-11
614,3.062937761308923e-11
615,3.303997182665658e-11
616,3.5464967047660264e-11
617,3.790286443297088e-11
618,4.0352167150725477e-11
619,4.281138036137223e-11
620,4.5279011197999744e-11
621,4.775356874580445e-11
622,5.023356402054676e-11
623,5.271750994584435e-11
624,5.5203921329152855e-11
625,5.7691314836281414e-11
626,6.017820896429748e-11
627,6.266312401267581e-11
628,6.5144582052554e-11
629,6.762110689396198e-11
630,7.009122405090236e-11
631,7.255346070416689e-11
632,7.500634566178459e-11
633,7.74484093170079e-11
634,7.987818360375838e-11
635,8.229420194946171e-11
636,8.46950471596603e-11
637,8.707949516880337e-11
638,8.94463711816763e-11
639,9.179450168097616e-11
640,9.412271436660245e-11
641,9.64298380922472e-11
642,9.871470279932577e-11
643,1.0097613944830286e-10
644,1.032129799474888e-10
645,1.0542405707939041e-10
646,1.0760820442472129e-10
647,1.0976425628418846e-10
648,1.1189104759818435e-10
649,1.1398741386453088e-10
650,1.1605219105442772e-10
651,1.180842154413135e-10
652,1.2008232325735175e-10
653,1.2204535086142364e-10
654,1.2397213473512553e-10
655,1.2586151139243223e-10
656,1.27712317288693e-10
657,1.2952338872916788e-10
658,1.3129356177731512e-10
659,1.330216721630399e-10
660,1.3470655519111703e-10
661,1.3634704564999477e-10
662,1.3794197772118547e-10
663,1.3949018488944586e-10
664,1.4099049985393965e-10
665,1.424417544405721e-10
666,1.43842779515676e-10
667,1.451924049012199e-10
668,1.464894592916975e-10
669,1.4773277017284895e-10
670,1.4892116374234825e-10
671,1.5005346483258365e-10
672,1.5112849683563888e-10
673,1.521450816305716e-10
674,1.5310203951307394e-10
675,1.539981891275787e-10
676,1.5483234740186628e-10
677,1.5560332948420776e-10
678,1.5631018161600447e-10
679,1.569528798728622e-10
680,1.5753163131062285e-10
681,1.5804664097980522e-10
682,1.5849811187548948e-10
683,1.5888624488966298e-10
684,1.5921123876597004e-10
685,1.5947329005679592e-10
686,1.596725930826044e-10
687,1.5980933989344135e-10
688,1.5988372023250434e-10
689,1.5989592150167553e-10
690,1.5984612872890603e-10
691,1.5973452453733562e-10
692,1.5956128911602907e-10
693,1.593266001922056e-10
694,1.5903063300484031e-10
695,1.586735602795118e-10
696,1.5825555220437565e-10
697,1.577767764071433e-10
698,1.5723739793294954e-10
699,1.566375792229981e-10
700,1.5597748009387906e-10
701,1.552572575420848e-10
702,1.544770651982611e-10
703,1.5363705383409623e-10
704,1.5273737151878865e-10
705,1.517781636004021e-10
706,1.507595726874287e-10
707,1.4968173863051946e-10
708,1.4854479850434947e-10
709,1.473488865896025e-10
710,1.4609413435506596e-10
711,1.4478067043984303e-10
712,1.4340862063570032e-10
713,1.419781078695795e-10
714,1.4048925218631572e-10
715,1.38942170731614e-10
716,1.3733697773535e-10
717,1.356737844952666e-10
718,1.3395269936115277e-10
719,1.321738277195961e-10
720,1.303374737333876e-10
721,1.284447455896642e-10
722,1.264969502250948e-10
723,1.2449539156003862e-10
724,1.224413704878294e-10
725,1.2033618486533395e-10
726,1.1818112950492017e-10
727,1.1597749616796517e-10
728,1.1372657356003729e-10
729,1.1142964732788427e-10
730,1.0908800005835807e-10
731,1.0670291127940102e-10
732,1.0427565746321897e-10
733,1.0180751203175551e-10
734,9.929974536458121e-11
735,9.675362480929932e-11
736,9.417041469456406e-11
737,9.155137634579916e-11
738,8.889776810369136e-11
739,8.62108453455274e-11
740,8.349186050942828e-11
741,8.074206312152491e-11
742,7.796269982610775e-11
743,7.515501441876903e-11
744,7.232024788254434e-11
745,6.945963842704931e-11
746,6.657442153059097e-11
747,6.366582998522462e-11
748,6.073509394471142e-11
749,5.778344097532065e-11
750,5.48120961094099e-11
751,5.182228216198367e-11
752,4.881522057041827e-11
753,4.579213067501627e-11
754,4.2754229522517236e-11
755,3.9702731932165893e-11
756,3.663885056393078e-11
757,3.356379598873807e-11
758,3.04787767605797e-11
759,2.7384999490349575e-11
760,2.4283668921255673e-11
761,2.117598800565472e-11
762,1.8063167351786123e-11
763,1.494645340888388e-11
764,1.1827100441423492e-11
765,8.706361241429801e-12
766,5.585487210051882e-12
767,2.465728439617242e-12
768,-6.516662039857484e-13
769,-3.765448998742873e-12
770,-6.874373283907006e-12
771,-9.977193377483694e-12
772,-1.3072664493936556e-11
773,-1.6159542662232145e-11
774,-1.9236584644336495e-11
775,-2.230254785426599e-11
776,-2.535619027778554e-11
777,-2.8396270392840072e-11
778,-3.142154709079013e-11
779,-3.4430779598519374e-11
780,-3.742272740146471e-11
781,-4.0396150167614604e-11
782,-4.3349807672506946e-11
783,-4.6282459725250996e-11
784,-4.9192866095585735e-11
785,-5.207978644197905e-11
786,-5.494198024076053e-11
787,-5.7778206716274864e-11
788,-6.058722477203289e-11
789,-6.336779292282841e-11
790,-6.611866922778517e-11
791,-6.883861122428925e-11
792,-7.152637586275687e-11
793,-7.418071944218393e-11
794,-7.680039754641967e-11
795,-7.938416498110025e-11
796,-8.193077571118185e-11
797,-8.443898279900582e-11
798,-8.690753834283005e-11
799,-8.933519341576241e-11
800,-9.172069800503055e-11
801,-9.406280146927992e-11
802,-9.636025403159346e-11
803,-9.861180516615113e-11
804,-1.0081637379785475e-10
805,-1.0297356057447269e-10
806,-1.0508313547469493e-10
807,-1.0714486697088014e-10
808,-1.0915852196911367e-10
809,-1.1112386574920692e-10
810,-1.1304066190462441e-10
811,-1.1490867228233722e-10
812,-1.1672765692260601e-10
813,-1.184973739987073e-10
814,-1.2021757975662588e-10
815,-1.21888028454744e-10
816,-1.235084723035669e-10
817,-1.2507866140553462e-10
818,-1.265983436949744e-10
819,-1.2806726487826194e-10
820,-1.294851683742624e-10
821,-1.3085179525513244e-10
822,-1.3216688418757102e-10
823,-1.3343017137461237e-10
824,-1.346413904980618e-10
825,-1.3580027266167846e-10
826,-1.3690654633521583e-10
827,-1.3795993729943252e-10
828,-1.3896016859219033e-10
829,-1.3990696045575862e-10
830,-1.4080003028544511e-10
831,-1.4163909257967389e-10
832,-1.424238588916323e-10
833,-1.4315403778260513e-10
834,-1.4382933477711582e-10
835,-1.444494523199884e-10
836,-1.4501408973544341e-10
837,-1.4552294318833406e-10
838,-1.4597570564762733e-10
839,-1.4637206685222508e-10
840,-1.4671171327921704e-10
841,-1.4699432811464945e-10
842,-1.472195912268854e-10
843,-1.4738717914262543e-10
844,-1.474967650256485e-10
845,-1.4754801865832348e-10
846,-1.475407997340113e-10
847,-1.4747573776846568e-10
848,-1.4735365216564287e-10
849,-1.471753589025465e-10
850,-1.4694167052503581e-10
851,-1.466533956601979e-10
852,-1.4631133755895538e-10
853,-1.4591629555940215e-10
854,-1.454690655803143e-10
855,-1.4497044013110948e-10
856,-1.444212083245173e-10
857,-1.4382215589190153e-10
858,-1.4317406520116846e-10
859,-1.4247771527718576e-10
860,-1.4173388182463315e-10
861,-1.4094333725319863e-10
862,-1.4010685070502917e-10
863,-1.3922518808434025e-10
864,-1.382991120890858e-10
865,-1.37329382244586e-10
866,-1.3631675493900894e-10
867,-1.3526198346060037e-10
868,-1.3416581803655594e-10
869,-1.3302900587342853e-10
870,-1.31852291198966e-10
871,-1.306364153052761e-10
872,-1.2938211659321566e-10
873,-1.280901306179057e-10
874,-1.2676119013527943e-10
875,-1.2539602514956814e-10
876,-1.2399536296164294e-10
877,-1.225599282181285e-10
878,-1.210904429612153e-10
879,-1.1958762667909906e-10
880,-1.1805219635698763e-10
881,-1.164848665286155e-10
882,-1.1488634932822031e-10
883,-1.132573545429364e-10
884,-1.115985896655727e-10
885,-1.0991075994774551e-10
886,-1.0819456845334687e-10
887,-1.0645071611233444e-10
888,-1.0467996484226497e-10
889,-1.02883326805e-10
890,-1.0106187525916214e-10
891,-9.921668154778179e-11
892,-9.734881515372606e-11
893,-9.545934375550227e-11
894,-9.354933328346603e-11
895,-9.161984797646537e-11
896,-8.967195043895685e-11
897,-8.770670169863318e-11
898,-8.5725161264603e-11
899,-8.372838718616642e-11
900,-8.171743611223047e-11
901,-7.96933635310461e-11
902,-7.765722436994631e-11
903,-7.561007251803861e-11
904,-7.355296070898397e-11
905,-7.148694058426656e-11
906,-6.941306275735516e-11
907,-6.733237687878726e-11
908,-6.524593170220806e-11
909,-6.315477515138629e-11
910,-6.105995438822774e-11
911,-5.896251588179995e-11
912,-5.68635054783761e-11
913,-5.476396847249843e-11
914,-5.266494967905788e-11
915,-5.056749350637475e-11
916,-4.847264403026358e-11
917,-4.6381445069053296e-11
918,-4.4294940259529046e-11
919,-4.2214173133753606e-11
920,-4.014018719671905e-11
921,-3.8074026004771606e-11
922,-3.601673324474619e-11
923,-3.3969352813739135e-11
924,-3.193292889944174e-11
925,-2.990850606095037e-11
926,-2.7897129309962792e-11
927,-2.5899844192265334e-11
928,-2.3917696869409547e-11
929,-2.1951734200473055e-11
930,-2.0002909475653203e-11
931,-1.8071799453438188e-11
932,-1.615888748637549e-11
933,-1.426465795018346e-11
934,-1.2389596324229152e-11
935,-1.0534189271393638e-11
936,-8.698924717203233e-12
937,-6.884291928107667e-12
938,-5.090781588785257e-12
939,-3.3188858783582162e-12
940,-1.5690985454038216e-12
941,1.580850183507714e-13
942,1.862167705756571e-12
943,3.542650623497946e-12
944,5.1990330229720945e-12
945,6.830812232886466e-12
946,8.437483593659874e-12
947,1.0018540393708004e-11
948,1.1573473807686731e-11
949,1.3101772836759029e-11
950,1.460292425094402e-11
951,1.607641285229204e-11
952,1.752172237761907e-11
953,1.8938334491301103e-11
954,2.0325728417690264e-11
955,2.1683380894479597e-11
956,2.3010766128335698e-11
957,2.4307355752800864e-11
958,2.55726187884608e-11
959,2.6806021605364563e-11
960,2.800702788767733e-11
961,2.9175098600538395e-11
962,3.030969195909217e-11
963,3.141026339965159e-11
964,3.2476265552949337e-11
965,3.350714821942654e-11
966,3.450235834650326e-11
967,3.546134000777317e-11
968,3.638353438405804e-11
969,3.7268379746258586e-11
970,3.811531143993276e-11
971,3.8923761871532744e-11
972,3.9693311927450954e-11
973,4.042414525702379e-11
974,4.1116593969664335e-11
975,4.177098719581395e-11
976,4.2387651080425494e-11
977,4.2966908777692755e-11
978,4.350908044696381e-11
979,4.40144832497784e-11
980,4.448343134797385e-11
981,4.4916235902809105e-11
982,4.5313205075058244e-11
983,4.5674644026033676e-11
984,4.6000854919501786e-11
985,4.6292136924459606e-11
986,4.65487862187492e-11
987,4.677109599348962e-11
988,4.695935645831423e-11
989,4.711385484740657e-11
990,4.723487542633502e-11
991,4.732269949969139e-11
992,4.73776054195458e-11
993,4.73998685947353e-11
994,4.738976150101005e-11
995,4.734755369206526e-11
996,4.7273511811493364e-11
997,4.716789960569495e-11
998,4.7030977937790693e-11
999,4.686300480258216e-11
1000,4.6664235342610525e-11
1001,4.6434921527956096e-11
1002,4.61753111624217e-11
1003,4.588564891544717e-11
1004,4.556617668052329e-11
1005,4.5217133597575456e-11
1006,4.483875607678679e-11
1007,4.4431277823918266e-11
1008,4.399492986718365e-11
1009,4.3529940585732584e-11
1010,4.3036535739795815e-11
1011,4.2514938502539866e-11
1012,4.196536949367855e-11
1013,4.1388046814881233e-11
1014,4.078327002019913e-11
1015,4.01516719547246e-11
1016,3.94939669960389e-11
1017,3.88108671639379e-11
1018,3.8103082165267105e-11
1019,3.737131944068656e-11
1020,3.661628421336728e-11
1021,3.58386795396107e-11
1022,3.503920636137671e-11
1023,3.4218563560697855e-11
1024,3.337744801595018e-11
1025,3.251655465994351e-11
1026,3.1636576539786216e-11
1027,3.0738204878473215e-11
1028,2.982212913813752e-11
1029,2.8889037084899798e-11
1030,2.7939614855243083e-11
1031,2.697454702383431e-11
1032,2.599451667270735e-11
1033,2.5000205461717432e-11
1034,2.3992293700171926e-11
1035,2.2971460419537052e-11
1036,2.1938383447116952e-11
1037,2.0893739480597893e-11
1038,1.983820416334646e-11
1039,1.877245216035038e-11
1040,1.769715723468671e-11
1041,1.6612992324402248e-11
1042,1.552062961969069e-11
1043,1.4420740640251004e-11
1044,1.3313996312711763e-11
1045,1.2201067048008913e-11
1046,1.1082622818605235e-11
1047,9.959333235443423e-12
1048,8.831867624527084e-12
1049,7.700895103028877e-12
1050,6.56708465482725e-12
1051,5.43110523500952e-12
1052,4.293625932880295e-12
1053,3.1553159563689135e-12
1054,2.016844674785584e-12
1055,8.78881690228501e-13
1056,-2.579371889939928e-13
1057,-1.393112169929052e-12
1058,-2.526177116017535e-12
1059,-3.656665383211088e-12
1060,-4.7841097542582266e-12
1061,-5.908042374242361e-12
1062,-7.0279946873926395e-12
1063,-8.143497375183102e-12
1064,-9.254080295726734e-12
1065,-1.0359272424467418e-11
1066,-1.1458601796163865e-11
1067,-1.255159544815531e-11
1068,-1.3637779364892408e-11
1069,-1.4716678423713017e-11
1070,-1.578781634183532e-11
1071,-1.6850715624539125e-11
1072,-1.7904897514500668e-11
1073,-1.894988194224353e-11
1074,-1.9985187477665934e-11
1075,-2.1010331282601504e-11
1076,-2.2024829064370298e-11
1077,-2.3028195030274392e-11
1078,-2.4019941842992994e-11
1079,-2.4999580576831822e-11
1080,-2.5966620674781583e-11
1081,-2.6920569906342167e-11
1082,-2.786093432607119e-11
1083,-2.8787218232816648e-11
1084,-2.969892412959747e-11
1085,-3.059555268409772e-11
1086,-3.1476602689745194e-11
1087,-3.2341571027347855e-11
1088,-3.318995262726666e-11
1089,-3.402124043210793e-11
1090,-3.483492535992344e-11
1091,-3.563049626791107e-11
1092,-3.6407439916615027e-11
1093,-3.716524093462931e-11
1094,-3.790338178381443e-11
1095,-3.862134272504237e-11
1096,-3.931860178449056e-11
1097,-3.9994634720511493e-11
1098,-4.064901560582689e-11
1099,-4.128171863980126e-11
1100,-4.189281627309507e-11
1101,-4.248237867568099e-11
1102,-4.30504740467538e-11
1103,-4.359716824630213e-11
1104,-4.412252465396962e-11
1105,-4.4626604142070477e-11
1106,-4.510946504962901e-11
1107,-4.557116315751019e-11
1108,-4.6011751664709455e-11
1109,-4.6431281165873027e-11
1110,-4.682979963011895e-11
1111,-4.720735238123067e-11
1112,-4.756398207929392e-11
1113,-4.789972870384675e-11
1114,-4.821462953861233e-11
1115,-4.850871915787984e-11
1116,-4.87820294145993e-11
1117,-4.903458943025028e-11
1118,-4.926642558654333e-11
1119,-4.947756151900706e-11
1120,-4.966801811251122e-11
1121,-4.983781349876952e-11
1122,-4.998696305586249e-11
1123,-5.0115479409813514e-11
1124,-5.022337243824679e-11
1125,-5.03106492761487e-11
1126,-5.037731432374895e-11
1127,-5.042336925652977e-11
1128,-5.044881303736713e-11
1129,-5.045364193079883e-11
1130,-5.043784951940943e-11
1131,-5.040142672231485e-11
1132,-5.0344361815722256e-11
1133,-5.026664045553542e-11
1134,-5.016824570196853e-11
1135,-5.0049158046126424e-11
1136,-4.990935543850166e-11
1137,-4.974881331933565e-11
1138,-4.95675046507838e-11
1139,-4.9365399950821e-11
1140,-4.914254493168319e-11
1141,-4.88992933456374e-11
1142,-4.8636074215088616e-11
1143,-4.835331426986003e-11
1144,-4.8051437988700966e-11
1145,-4.7730867642073685e-11
1146,-4.739202333613504e-11
1147,-4.703532305782623e-11
1148,-4.666118272098421e-11
1149,-4.627001621338907e-11
1150,-4.5862235444660336e-11
1151,-4.54382502354996e-11
1152,-4.499846788877685e-11
1153,-4.454329371773119e-11
1154,-4.407313125585566e-11
1155,-4.358838230780997e-11
1156,-4.308944700070719e-11
1157,-4.2576723835706904e-11
1158,-4.205060973984891e-11
1159,-4.1511500118068976e-11
1160,-4.0959788905339914e-11
1161,-4.039586861888739e-11
1162,-3.982013041043568e-11
1163,-3.923296411844118e-11
1164,-3.8634758320279726e-11
1165,-3.802590038435612e-11
1166,-3.7406776522111624e-11
1167,-3.677777183990941e-11
1168,-3.613927039078276e-11
1169,-3.549165522603626e-11
1170,-3.483530844669491e-11
1171,-3.417061125480003e-11
1172,-3.349794400455615e-11
1173,-3.2817686253335687e-11
1174,-3.21302168125529e-11
1175,-3.14359137984217e-11
1176,-3.073515468261423e-11
1177,-3.0028316342840394e-11
1178,-2.9315775113370046e-11
1179,-2.8597906835521336e-11
1180,-2.7875086908140532e-11
1181,-2.7147690338097386e-11
1182,-2.6416092435877515e-11
1183,-2.5680670801349463e-11
1184,-2.4941803439302163e-11
1185,-2.419986816520594e-11
1186,-2.3455242656166936e-11
1187,-2.2708304502040026e-11
1188,-2.1959431256719648e-11
1189,-2.1209000489622824e-11
1190,-2.0457389837376995e-11
1191,-1.9704977055721617e-11
1192,-1.8952140071628533e-11
1193,-1.819925703564226e-11
1194,-1.744670637443703e-11
1195,-1.669486684358345e-11
1196,-1.5944117580513173e-11
1197,-1.5194838157664078e-11
1198,-1.4447408635786e-11
1199,-1.3702209617380019e-11
1200,-1.295962230024149e-11
1201,-1.2220028499455946e-11
1202,-1.1483810606193713e-11
1203,-1.0751351736178363e-11
1204,-1.002303581486098e-11
1205,-9.299247630863067e-12
1206,-8.58037288924606e-12
1207,-7.866798264549208e-12
1208,-7.158911453531397e-12
1209,-6.457101227552756e-12
1210,-5.7617574845269255e-12
1211,-5.073271300375023e-12
1212,-4.3920349799082634e-12
1213,-3.718442107067913e-12
1214,-3.052887594447193e-12
1215,-2.3957677320227423e-12
1216,-1.7474802350207914e-12
1217,-1.1084242908450831e-12
1218,-4.790006049943932e-13
1219,1.4038855410079185e-13
1220,7.493393113919448e-13
1221,1.3474461427422281e-12
1222,1.9343018337362593e-12
1223,2.5094974398301943e-12
1224,3.072681882576858e-12
1225,3.6237408166562612e-12
1226,4.162617690341126e-12
1227,4.689254076862018e-12
1228,5.20358964203305e-12
1229,5.705562113497047e-12
1230,6.1951072516194386e-12
1231,6.672158822055408e-12
1232,7.136648570010281e-12
1233,7.588506196206182e-12
1234,8.027659334564905e-12
1235,8.454033531608432e-12
1236,8.867552227576592e-12
1237,9.268136739253996e-12
1238,9.655706244493016e-12
1239,1.0030177768416909e-11
1240,1.0391466171280007e-11
1241,1.0739484137958778e-11
1242,1.1074142169043115e-11
1243,1.139534857349291e-11
1244,1.1703009462822294e-11
1245,1.199702874676921e-11
1246,1.2277308130406929e-11
1247,1.2543747112649812e-11
1248,1.2796242986105091e-11
1249,1.3034690838219453e-11
1250,1.3258983553669015e-11
1251,1.3469011870165387e-11
1252,1.3664664539850223e-11
1253,1.3845828178419722e-11
1254,1.4012387219731315e-11
1255,1.4164223923615417e-11
1256,1.4301218384615252e-11
1257,1.4423248541605128e-11
1258,1.4530190188240258e-11
1259,1.4621916984192538e-11
1260,1.4698300467128963e-11
1261,1.4759210065393803e-11
1262,1.4804513111356596e-11
1263,1.4834074855392656e-11
1264,1.4847758480465743e-11
1265,1.4845425117286373e-11
1266,1.4826995997189253e-11
1267,1.479263887987736e-11
1268,1.474258165868417e-11
1269,1.4677050240675642e-11
1270,1.4596268564417667e-11
1271,1.4500458618238688e-11
1272,1.4389840458986818e-11
1273,1.4264632231284814e-11
1274,1.4125050187290292e-11
1275,1.3971308706969605e-11
1276,1.3803620318899946e-11
1277,1.3622195721613672e-11
1278,1.3427243805504064e-11
1279,1.3218971675311714e-11
1280,1.2997584673214417e-11
1281,1.2763286402543283e-11
1282,1.2516278752150532e-11
1283,1.2256761921453885e-11
1284,1.1984934446183987e-11
1285,1.17009932248605e-11
1286,1.1405133546023258e-11
1287,1.1097549116243142e-11
1288,1.0778432088937154e-11
1289,1.0447973094010395e-11
1290,1.010636126834621e-11
1291,9.75378428716351e-12
1292,9.390428396258114e-12
1293,9.016478445142433e-12
1294,8.63211792109437e-12
1295,8.237528984124107e-12
1296,7.83289250286304e-12
1297,7.418388091376405e-12
1298,6.994194146896999e-12
1299,6.560487888473201e-12
1300,6.117445396521724e-12
1301,5.6652415586702676e-12
1302,5.204049827272452e-12
1303,4.734042545368928e-12
1304,4.255391084271289e-12
1305,3.768265887337675e-12
1306,3.2728365145052046e-12
1307,2.7692716875404855e-12
1308,2.257758252048704e-12
1309,1.738557972277914e-12
1310,1.2119508300109171e-12
1311,6.782161561513905e-13
1312,1.376326788676607e-13
1313,-4.095214278458754e-13
1314,-9.629684952488751e-13
1315,-1.5224313106381788e-12
1316,-2.087633067896962e-12
1317,-2.658297317873993e-12
1318,-3.2341479186581362e-12
1319,-3.814908985814041e-12
1320,-4.400304842644224e-12
1321,-4.9900599705440946e-12
1322,-5.583898959514644e-12
1323,-6.181546458897004e-12
1324,-6.7827271283928086e-12
1325,-7.387165589431028e-12
1326,-7.994586376942005e-12
1327,-8.604713891595844e-12
1328,-9.217272352560543e-12
1329,-9.831985750832703e-12
1330,-1.0448577803190423e-11
1331,-1.1066771906814645e-11
1332,-1.1686291094622817e-11
1333,-1.2306857991354078e-11
1334,-1.2928194770442464e-11
1335,-1.3550023111710368e-11
1336,-1.4172064159911038e-11
1337,-1.479403848414452e-11
1338,-1.541566603816839e-11
1339,-1.6036666121619814e-11
1340,-1.6656757342162168e-11
1341,-1.7275657578565726e-11
1342,-1.789308394472792e-11
1343,-1.8508752754635257e-11
1344,-1.9122379488265656e-11
1345,-1.973367875842648e-11
1346,-2.0342364278520616e-11
1347,-2.0948148831230237e-11
1348,-2.1550744238104788e-11
1349,-2.2149861330037904e-11
1350,-2.274523738288868e-11
1351,-2.333671853218765e-11
1352,-2.392417750240785e-11
1353,-2.4507485967469453e-11
1354,-2.5086514475676135e-11
1355,-2.566113242509865e-11
1356,-2.6231208039694765e-11
1357,-2.6796608346140752e-11
1358,-2.735719915134986e-11
1359,-2.791284502065437e-11
1360,-2.8463409256627287e-11
1361,-2.900875387852195e-11
1362,-2.954873960230862e-11
1363,-3.008322582128807e-11
1364,-3.061207058726478e-11
1365,-3.113513059226358e-11
1366,-3.165226115077605e-11
1367,-3.2163316182524585e-11
1368,-3.266814819573517e-11
1369,-3.316660827091174e-11
1370,-3.365854604510766e-11
1371,-3.4143809696692786e-11
1372,-3.4622245930616436e-11
1373,-3.509369996417007e-11
1374,-3.555801551325566e-11
1375,-3.601503477916775e-11
1376,-3.6464598435900997e-11
1377,-3.690654561799626e-11
1378,-3.7340713908940774e-11
1379,-3.77669393301405e-11
1380,-3.8185056330484726e-11
1381,-3.85948977765239e-11
1382,-3.899629494328508e-11
1383,-3.938907750574841e-11
1384,-3.977307353101183e-11
1385,-4.0148109471170373e-11
1386,-4.051401015693741e-11
1387,-4.087059879203693e-11
1388,-4.1217696948394266e-11
1389,-4.1555124562154374e-11
1390,-4.1882699930555496e-11
1391,-4.220023970968573e-11
1392,-4.250760124896363e-11
1393,-4.2804809598182446e-11
1394,-4.309193050062999e-11
1395,-4.336902805881993e-11
1396,-4.363616473704111e-11
1397,-4.3893401364930846e-11
1398,-4.414079714208868e-11
1399,-4.437840964374584e-11
1400,-4.460629482750277e-11
1401,-4.482450706247529e-11
1402,-4.5033099202187884e-11
1403,-4.523212253056836e-11
1404,-4.5421626751694984e-11
1405,-4.5601660001962336e-11
1406,-4.5772268863330465e-11
1407,-4.593349837764849e-11
1408,-4.608539206204234e-11
1409,-4.62279919253517e-11
1410,-4.636133848559951e-11
1411,-4.648547078847322e-11
1412,-4.6600426426795404e-11
1413,-4.6706241560957244e-11
1414,-4.6802950940287124e-11
1415,-4.6890587925322453e-11
1416,-4.696918451095232e-11
1417,-4.703877135039467e-11
1418,-4.709937777997112e-11
1419,-4.715103184463969e-11
1420,-4.7193760324244854e-11
1421,-4.7227588760442354e-11
1422,-4.7252541484255924e-11
1423,-4.7268641644220985e-11
1424,-4.727591123507094e-11
1425,-4.727437112692022e-11
1426,-4.726404109489872e-11
1427,-4.724493984919208e-11
1428,-4.721708506544239e-11
1429,-4.718049341546442e-11
1430,-4.7135180598233577e-11
1431,-4.7081161371102224e-11
1432,-4.701844958120225e-11
1433,-4.694705819699323e-11
1434,-4.686702307533405e-11
1435,-4.6778474199456914e-11
1436,-4.668156450447305e-11
1437,-4.657644617371155e-11
1438,-4.646327067044232e-11
1439,-4.6342188769537357e-11
1440,-4.6213350589042096e-11
1441,-4.6076905621632745e-11
1442,-4.593300276593642e-11
1443,-4.578179035769378e-11
1444,-4.562341620074673e-11
1445,-4.545802759783539e-11
1446,-4.528577138119149e-11
1447,-4.5106793942917116e-11
1448,-4.492124126514089e-11
1449,-4.4729258949944744e-11
1450,-4.453099224905742e-11
1451,-4.4326586037679496e-11
1452,-4.4116184676806654e-11
1453,-4.389993220911644e-11
1454,-4.367797244335798e-11
1455,-4.3450448982881765e-11
1456,-4.321750525394833e-11
1457,-4.2979284533823235e-11
1458,-4.273592997866518e-11
1459,-4.248758465121716e-11
1460,-4.2234391548308716e-11
1461,-4.197649362817942e-11
1462,-4.1714033837633473e-11
1463,-4.144715513903481e-11
1464,-4.117600053715258e-11
1465,-4.0900713105866646e-11
1466,-4.0621436014741095e-11
1467,-4.033831255547477e-11
1468,-4.005148616823552e-11
1469,-3.976110046788471e-11
1470,-3.946729927009729e-11
1471,-3.917022661738095e-11
1472,-3.8870026804997534e-11
1473,-3.856684440678715e-11
1474,-3.8260824300895184e-11
1475,-3.795211169539954e-11
1476,-3.7640846729309645e-11
1477,-3.732714822440668e-11
1478,-3.701112998411741e-11
1479,-3.66929062432128e-11
1480,-3.6372591692845424e-11
1481,-3.605030150543777e-11
1482,-3.572615135940726e-11
1483,-3.540025746371144e-11
1484,-3.5072736582195956e-11
1485,-3.4743706057725285e-11
1486,-3.441328383607592e-11
1487,-3.408158848956891e-11
1488,-3.3748739240418806e-11
1489,-3.341485598377377e-11
1490,-3.308005931042087e-11
1491,-3.274447052912997e-11
1492,-3.24082116886085e-11
1493,-3.2071405599038825e-11
1494,-3.173417585316956e-11
1495,-3.139664684693196e-11
1496,-3.105894379955195e-11
1497,-3.072119277312905e-11
1498,-3.0383520691652904e-11
1499,-3.004605535942942e-11
1500,-2.970892547888785e-11
1501,-2.9372260614438506e-11
1502,-2.90361910490507e-11
1503,-2.870084795995457e-11
1504,-2.8366363487013858e-11
1505,-2.8032870747049786e-11
1506,-2.7700503847398824e-11
1507,-2.7369397898683978e-11
1508,-2.7039689026781807e-11
1509,-2.671151438396854e-11
1510,-2.6385012159231106e-11
1511,-2.6060321587730343e-11
1512,-2.5737582959406228e-11
1513,-2.541693762671693e-11
1514,-2.509852801150537e-11
1515,-2.4782497610989454e-11
1516,-2.4468991002874866e-11
1517,-2.4158153849590238e-11
1518,-2.3850111414472268e-11
1519,-2.3544904102729645e-11
1520,-2.3242551924600615e-11
1521,-2.2943075983306286e-11
1522,-2.2646498474986665e-11
1523,-2.2352842687809356e-11
1524,-2.206213300026609e-11
1525,-2.1774394878674618e-11
1526,-2.1489654873904648e-11
1527,-2.1207940617348967e-11
1528,-2.0929280816161388e-11
1529,-2.0653705247785572e-11
1530,-2.0381244753799203e-11
1531,-2.011193123309941e-11
1532,-1.9845797634456446e-11
1533,-1.958287794846288e-11
1534,-1.932320719890712e-11
1535,-1.906682143359926e-11
1536,-1.8813757714679062e-11
1537,-1.8564054108434485e-11
1538,-1.8317749674660793e-11
1539,-1.8074884455588435e-11
1540,-1.783549946440907e-11
1541,-1.759963667342753e-11
1542,-1.7367339001867718e-11
1543,-1.713865030335908e-11
1544,-1.691361535312954e-11
1545,-1.6692279834930358e-11
1546,-1.6474690327716204e-11
1547,-1.626089429210341e-11
1548,-1.605094005662766e-11
1549,-1.584487680382088e-11
1550,-1.5642754556125614e-11
1551,-1.544462414295641e-11
1552,-1.525053713021501e-11
1553,-1.5060545861935468e-11
1554,-1.4874703464408558e-11
1555,-1.4693063831503976e-11
1556,-1.4515681609906057e-11
1557,-1.4342612184270076e-11
1558,-1.4173911662304236e-11
1559,-1.400963685978085e-11
1560,-1.3849827911865056e-11
1561,-1.369445613714791e-11
1562,-1.3543476143291511e-11
1563,-1.3396843185375189e-11
1564,-1.3254513150552591e-11
1565,-1.3116442542628475e-11
1566,-1.2982588466549328e-11
1567,-1.2852908612801135e-11
1568,-1.2727361241706524e-11
1569,-1.260590516761302e-11
1570,-1.248849974296379e-11
1571,-1.2375104842241372e-11
1572,-1.2265680845775213e-11
1573,-1.2160188623403155e-11
1574,-1.2058589517977651e-11
1575,-1.1960845328707151e-11
1576,-1.1866918294323888e-11
1577,-1.1776771076069268e-11
1578,-1.1690366740489446e-11
1579,-1.1607668742033649e-11
1580,-1.1528640905449174e-11
1581,-1.1453247407968066e-11
1582,-1.1381452761281158e-11
1583,-1.1313221793297132e-11
1584,-1.1248519629684945e-11
1585,-1.1187311675199715e-11
1586,-1.112956359479384e-11
1587,-1.1075241294516528e-11
1588,-1.1024310902206441e-11
1589,-1.0976738747984313e-11
1590,-1.0932491344553642e-11
1591,-1.0891535367319744e-11
1592,-1.0853837634338728e-11
1593,-1.0819365086110468e-11
1594,-1.0788084765230298e-11
1595,-1.0759963795917084e-11
1596,-1.0734969363435855e-11
1597,-1.0713068693435532e-11
1598,-1.0694229031223511e-11
1599,-1.0678417621000158e-11
1600,-1.0665601685077918e-11
1601,-1.0655748439256777e-11
1602,-1.0648821964037071e-11
1603,-1.0644773426035514e-11
1604,-1.064355067074034e-11
1605,-1.0645101418550908e-11
1606,-1.0649373244477673e-11
1607,-1.0656313558024762e-11
1608,-1.0665869583285517e-11
1609,-1.0677988339281335e-11
1610,-1.0692616620574181e-11
1611,-1.0709700978182313e-11
1612,-1.0729187700829014e-11
1613,-1.0751022796552664e-11
1614,-1.0775151974706426e-11
1615,-1.0801520628374198e-11
1616,-1.083007381722866e-11
1617,-1.0860756250855916e-11
1618,-1.0893512272569704e-11
1619,-1.092828584373673e-11
1620,-1.0965020528632605e-11
1621,-1.1003659479846607e-11
1622,-1.104414542425111e-11
1623,-1.1086420649549656e-11
1624,-1.1130426991415712e-11
1625,-1.1176105821231724e-11
1626,-1.1223398034436206e-11
1627,-1.1272244039484103e-11
1628,-1.1322583747423552e-11
1629,-1.1374356562089992e-11
1630,-1.1427501370916147e-11
1631,-1.1481956536354456e-11
1632,-1.1537659887906066e-11
1633,-1.1594548714748786e-11
1634,-1.1652559758954016e-11
1635,-1.1711629209281039e-11
1636,-1.1771692695534885e-11
1637,-1.1832685283472856e-11
1638,-1.1894541470242492e-11
1639,-1.1957195180332811e-11
1640,-1.20205797620194e-11
1641,-1.2084627984282361e-11
1642,-1.2149272034175721e-11
1643,-1.2214443514625618e-11
1644,-1.2280080909038105e-11
1645,-1.2346151979096826e-11
1646,-1.2412631364496638e-11
1647,-1.2479493115819603e-11
1648,-1.2546710694125818e-11
1649,-1.2614256970832239e-11
1650,-1.2682104227856323e-11
1651,-1.275022421008352e-11
1652,-1.2818588282217656e-11
1653,-1.2887167273348082e-11
1654,-1.2955931425860248e-11
1655,-1.3024850396591608e-11
1656,-1.309389325813529e-11
1657,-1.3163028500276992e-11
1658,-1.3232224031551732e-11
1659,-1.3301447180909115e-11
1660,-1.3370664699477862e-11
1661,-1.3439842762421276e-11
1662,-1.3508946970878725e-11
1663,-1.3577942353988745e-11
1664,-1.3646793370992433e-11
1665,-1.371546391341707e-11
1666,-1.3783917307342371e-11
1667,-1.3852116315753157e-11
1668,-1.3920023140984744e-11
1669,-1.3987599427268408e-11
1670,-1.4054806263386535e-11
1671,-1.4121604185448407e-11
1672,-1.4187953179799002e-11
1673,-1.4253812686074618e-11
1674,-1.4319141600420322e-11
1675,-1.438389827888505e-11
1676,-1.4448040541011494e-11
1677,-1.4511525673637846e-11
1678,-1.457431043492981e-11
1679,-1.4636351058660987e-11
1680,-1.469760325876017e-11
1681,-1.4758022234143616e-11
1682,-1.4817562673850758e-11
1683,-1.4876178762500577e-11
1684,-1.4933824186085683e-11
1685,-1.4990452138120028e-11
1686,-1.504602370087783e-11
1687,-1.510053297645982e-11
1688,-1.5153981969919104e-11
1689,-1.5206372222237405e-11
1690,-1.5257704818438315e-11
1691,-1.53079803961221e-11
1692,-1.5357199154427296e-11
1693,-1.5405360863422218e-11
1694,-1.5452464873927332e-11
1695,-1.5498510127767187e-11
1696,-1.5543495168448184e-11
1697,-1.5587418152256444e-11
1698,-1.5630276859767257e-11
1699,-1.5672068707755592e-11
1700,-1.5712790761494573e-11
1701,-1.575243975894182e-11
1702,-1.579101215831143e-11
1703,-1.5828504116889998e-11
1704,-1.586491149319676e-11
1705,-1.5900229860948795e-11
1706,-1.593445452329049e-11
1707,-1.596758052726008e-11
1708,-1.5999602678464304e-11
1709,-1.6030515555931315e-11
1710,-1.6060313527110112e-11
1711,-1.608899076298466e-11
1712,-1.611654125326917e-11
1713,-1.6142958821651243e-11
1714,-1.6168237141048878e-11
1715,-1.619236974884696e-11
1716,-1.621535006207968e-11
1717,-1.6237171392524926e-11
1718,-1.6257826961677533e-11
1719,-1.6277309915569325e-11
1720,-1.6295613339404302e-11
1721,-1.6312730271978994e-11
1722,-1.6328653719859216e-11
1723,-1.634337667128588e-11
1724,-1.635689210978467e-11
1725,-1.6369193027455944e-11
1726,-1.6380272437923447e-11
1727,-1.6390123388922676e-11
1728,-1.6398742001735367e-11
1729,-1.6406136564679424e-11
1730,-1.641231846285368e-11
1731,-1.6417299161916532e-11
1732,-1.6421090218668073e-11
1733,-1.6423703291207796e-11
1734,-1.6425150148666425e-11
1735,-1.6425442680512624e-11
1736,-1.6424592905438136e-11
1737,-1.642261297982742e-11
1738,-1.6419515205819756e-11
1739,-1.6415312038974968e-11
1740,-1.6410016095554813e-11
1741,-1.640364015943561e-11
1742,-1.6396197188668018e-11
1743,-1.6387700321702655e-11
1744,-1.6378162883301377e-11
1745,-1.6367598390155104e-11
1746,-1.6356020556230558e-11
1747,-1.6343443297868904e-11
1748,-1.6329880738660046e-11
1749,-1.631534721411663e-11
1750,-1.629985727617218e-11
1751,-1.628342567082972e-11
1752,-1.6266067262287266e-11
1753,-1.6247797117145625e-11
1754,-1.622863053513931e-11
1755,-1.620858305310997e-11
1756,-1.6187670448940603e-11
1757,-1.6165908745470126e-11
1758,-1.6143314214405656e-11
1759,-1.611990338024877e-11
1760,-1.6095693024249636e-11
1761,-1.6070700188401144e-11
1762,-1.6044942179483013e-11
1763,-1.6018436573163517e-11
1764,-1.5991201218164062e-11
1765,-1.5963254240489716e-11
1766,-1.5934614047726135e-11
1767,-1.5905299333400775e-11
1768,-1.5875329081404246e-11
1769,-1.584472257046465e-11
1770,-1.581349753301711e-11
1771,-1.5781664622808007e-11
1772,-1.5749232956410426e-11
1773,-1.5716211963444804e-11
1774,-1.568261139113537e-11
1775,-1.5648441308831524e-11
1776,-1.5613712112472777e-11
1777,-1.557843452897426e-11
1778,-1.554261962050861e-11
1779,-1.550627878865888e-11
1780,-1.546942377841623e-11
1781,-1.5432066681995677e-11
1782,-1.5394219942442535e-11
1783,-1.535589635700214e-11
1784,-1.531710908022553e-11
1785,-1.5277871626784047e-11
1786,-1.523819787396637e-11
1787,-1.519810206383232e-11
1788,-1.515759880499895e-11
1789,-1.5116703074035242e-11
1790,-1.5075430216444137e-11
1791,-1.5033795947210968e-11
1792,-1.4991816350900924e-11
1793,-1.4949507881288613e-11
1794,-1.4906887360506362e-11
1795,-1.486397197769927e-11
1796,-1.4820779287178462e-11
1797,-1.4777327206065742e-11
1798,-1.4733634011426306e-11
1799,-1.468971833688835e-11
1800,-1.464559916875184e-11
1801,-1.4601295813455112e-11
1802,-1.455682780827132e-11
1803,-1.4512215000331489e-11
1804,-1.4467477568900905e-11
1805,-1.4422636019060668e-11
1806,-1.4377711174948625e-11
1807,-1.4332724172580449e-11
1808,-1.4287696452274446e-11
1809,-1.4242649750705288e-11
1810,-1.4197606092614128e-11
1811,-1.4152587782204688e-11
1812,-1.4107614765969663e-11
1813,-1.4062696738694362e-11
1814,-1.4017841018957837e-11
1815,-1.3973055167878784e-11
1816,-1.39283469794267e-11
1817,-1.3883724470619963e-11
1818,-1.3839195871645882e-11
1819,-1.3794769615938315e-11
1820,-1.3750454330247602e-11
1821,-1.3706258824737336e-11
1822,-1.3662192083141054e-11
1823,-1.3618263253011362e-11
1824,-1.3574481636092249e-11
1825,-1.353085667884389e-11
1826,-1.3487397963147346e-11
1827,-1.3444115197214713e-11
1828,-1.3401018206727925e-11
1829,-1.335811692622714e-11
1830,-1.3315421390767119e-11
1831,-1.3272941727857561e-11
1832,-1.3230688149700425e-11
1833,-1.3188670945734519e-11
1834,-1.3146900475495154e-11
1835,-1.3105387161793245e-11
1836,-1.3064141484215837e-11
1837,-1.3023173972947117e-11
1838,-1.298249520290581e-11
1839,-1.2942115788192743e-11
1840,-1.2902046376839267e-11
1841,-1.2862297645844763e-11
1842,-1.2822880296489341e-11
1843,-1.278380504990527e-11
1844,-1.2745082642888878e-11
1845,-1.2706723823932564e-11
1846,-1.2668739349455202e-11
1847,-1.2631139980207437e-11
1848,-1.2593936477827407e-11
1849,-1.255713960152135e-11
1850,-1.2520760104842963e-11
1851,-1.248480871162e-11
1852,-1.2449296050076881e-11
1853,-1.2414232712523113e-11
1854,-1.2379628340451742e-11
1855,-1.2345488823214854e-11
1856,-1.2311819093032891e-11
1857,-1.2278624054456181e-11
1858,-1.2245908580987997e-11
1859,-1.2213677511580234e-11
1860,-1.2181935646982198e-11
1861,-1.2150687745924884e-11
1862,-1.2119938521125274e-11
1863,-1.2089692635097536e-11
1864,-1.205995469576018e-11
1865,-1.2030729251830963e-11
1866,-1.2002020788003843e-11
1867,-1.1973833719904946e-11
1868,-1.1946172388827273e-11
1869,-1.1919041056246693e-11
1870,-1.1892443898124374e-11
1871,-1.186638499900369e-11
1872,-1.184086834591218e-11
1873,-1.181589782208193e-11
1874,-1.17914772005041e-11
1875,-1.1767610137335778e-11
1876,-1.1744300165179642e-11
1877,-1.1721550686258998e-11
1878,-1.1699364965512708e-11
1879,-1.1677746123636201e-11
1880,-1.1656697130096419e-11
1881,-1.1636220796149578e-11
1882,-1.1616319767892283e-11
1883,-1.1596996519376588e-11
1884,-1.1578253345820775e-11
1885,-1.1560092356947748e-11
1886,-1.1542515470483056e-11
1887,-1.1525524405844069e-11
1888,-1.1509120678051991e-11
1889,-1.1493305591897002e-11
1890,-1.147808023638642e-11
1891,-1.1463445479504061e-11
1892,-1.1449401963308117e-11
1893,-1.1435950099392584e-11
1894,-1.1423090064736035e-11
1895,-1.1410821797958785e-11
1896,-1.1399145304225218e-11
1897,-1.1388061577024908e-11
1898,-1.137757167110959e-11
1899,-1.1367676392334952e-11
1900,-1.1358376296198908e-11
1901,-1.1349671709293199e-11
1902,-1.1341562796099537e-11
1903,-1.1334049491707007e-11
1904,-1.132713147987179e-11
1905,-1.1320808193985732e-11
1906,-1.13150788185176e-11
1907,-1.1309942290916054e-11
1908,-1.1305397303960631e-11
1909,-1.130144230854467e-11
1910,-1.1298075516871463e-11
1911,-1.1295294906042823e-11
1912,-1.129309822201711e-11
1913,-1.129148298391191e-11
1914,-1.1290446488624835e-11
1915,-1.1289985815744438e-11
1916,-1.1290097832721936e-11
1917,-1.1290779200273607e-11
1918,-1.1292026377982711e-11
1919,-1.1293835630069425e-11
1920,-1.1296203031297032e-11
1921,-1.1299124472982421e-11
1922,-1.1302595669079493e-11
1923,-1.1306612162304129e-11
1924,-1.1311169330270636e-11
1925,-1.131626239161002e-11
1926,-1.132188641204206e-11
1927,-1.1328036310374272e-11
1928,-1.1334706864402684e-11
1929,-1.1341892716690857e-11
1930,-1.1349588380205946e-11
1931,-1.1357788243792308e-11
1932,-1.136648657746567e-11
1933,-1.1375677537513119e-11
1934,-1.138535517138682e-11
1935,-1.1395513422381403e-11
1936,-1.1406146134088356e-11
1937,-1.1417247054622324e-11
1938,-1.142880970924831e-11
1939,-1.1440827010040345e-11
1940,-1.1453291653531869e-11
1941,-1.1466196255406663e-11
1942,-1.1479533353607776e-11
1943,-1.1493295411244538e-11
1944,-1.150747481931005e-11
1945,-1.1522063899223638e-11
1946,-1.1537054905214646e-11
1947,-1.1552440026565566e-11
1948,-1.156821138973392e-11
1949,-1.1584361060373926e-11
1950,-1.160088104527953e-11
1951,-1.161776331596969e-11
1952,-1.1634999875637127e-11
1953,-1.1652582695900701e-11
1954,-1.1670503696968848e-11
1955,-1.1688754749540179e-11
1956,-1.1707327676766648e-11
1957,-1.1726214256302339e-11
1958,-1.174540622246024e-11
1959,-1.1764895268498117e-11
1960,-1.1784673049053755e-11
1961,-1.180473118274817e-11
1962,-1.1825061254974138e-11
1963,-1.1845654820885337e-11
1964,-1.1866503408599849e-11
1965,-1.1887598522629533e-11
1966,-1.1908931647544685e-11
1967,-1.1930494251881394e-11
1968,-1.1952277792296303e-11
1969,-1.1974273717971578e-11
1970,-1.1996473475270111e-11
1971,-1.2018868512638784e-11
1972,-1.2041450285755186e-11
1973,-1.2064210262910804e-11
1974,-1.2087139930621122e-11
1975,-1.2110230799451361e-11
1976,-1.2133474410043766e-11
1977,-1.2156862339330733e-11
1978,-1.2180386206915873e-11
1979,-1.220403768160344e-11
1980,-1.2227807487298968e-11
1981,-1.2251682407502598e-11
1982,-1.2275648294417294e-11
1983,-1.22996910766004e-11
1984,-1.2323796765888254e-11
1985,-1.2347951464322622e-11
1986,-1.2372141371051913e-11
1987,-1.2396352789179103e-11
1988,-1.2420572132529192e-11
1989,-1.244478593230818e-11
1990,-1.2468980843626665e-11
1991,-1.249314365186138e-11
1992,-1.2517261278828818e-11
1993,-1.2541320788746246e-11
1994,-1.2565309393956229e-11
1995,-1.2589214460392625e-11
1996,-1.2613023512767067e-11
1997,-1.2636724239456839e-11
1998,-1.2660304497076995e-11
1999,-1.2683752314721159e-11
2000,-1.2707055897857706e-11
2001,-1.273020364646773e-11
2002,-1.2753184202013116e-11
2003,-1.2775986406448047e-11
2004,-1.2798599290049295e-11
2005,-1.282101207346581e-11
2006,-1.284321416938995e-11
2007,-1.2865195183852829e-11
2008,-1.2886944917148214e-11
2009,-1.290845336439168e-11
2010,-1.2929710715723875e-11
2011,-1.2950707356168354e-11
2012,-1.2971433865157e-11
2013,-1.2991881015736758e-11
2014,-1.3012039773474295e-11
2015,-1.3031901295075323e-11
2016,-1.3051456926737567e-11
2017,-1.3070698202257155e-11
2018,-1.308961684090884e-11
2019,-1.3108204745121773e-11
2020,-1.3126453997972644e-11
2021,-1.314435686051858e-11
2022,-1.3161905157253769e-11
2023,-1.3179088437973752e-11
2024,-1.3195895809978134e-11
2025,-1.3212316546725192e-11
2026,-1.3228340084698177e-11
2027,-1.3243956020242444e-11
2028,-1.3259154106393167e-11
2029,-1.3273924249712078e-11
2030,-1.3288256507150739e-11
2031,-1.3302141082956348e-11
2032,-1.3315568325634657e-11
2033,-1.3328528724983017e-11
2034,-1.3341012909204875e-11
2035,-1.3353011642115524e-11
2036,-1.3364515820446883e-11
2037,-1.3375516471257196e-11
2038,-1.3386004749450278e-11
2039,-1.3395971935406224e-11
2040,-1.3405409432724414e-11
2041,-1.341430876607744e-11
2042,-1.3422661579172816e-11
2043,-1.3430459632817957e-11
2044,-1.3437694803081714e-11
2045,-1.3444359079544774e-11
2046,-1.345044456362948e-11
2047,-1.3455943466998252e-11
2048,-1.3460848110008688e-11
2049,-1.346515092021249e-11
2050,-1.3468844430883934e-11
2051,-1.3471921269432388e-11
2052,-1.3474374125552066e-11
2053,-1.3476195780142091e-11
2054,-1.3477379113931949e-11
2055,-1.3477917105926934e-11
2056,-1.3477802831788383e-11
2057,-1.347702946213267e-11
2058,-1.3475590260732879e-11
2059,-1.3473478582608083e-11
2060,-1.3470687871985234e-11
2061,-1.3467211660119903e-11
2062,-1.346304356296283e-11
2063,-1.3458177278660064e-11
2064,-1.3452607673492111e-11
2065,-1.3446334044858137e-11
2066,-1.3439356852369604e-11
2067,-1.3431676625973999e-11
2068,-1.3423293962487361e-11
2069,-1.3414209521915804e-11
2070,-1.3404424023563921e-11
2071,-1.3393938241929378e-11
2072,-1.3382753002384693e-11
2073,-1.3370869176648988e-11
2074,-1.33582876780536e-11
2075,-1.334500945660761e-11
2076,-1.3331035493870586e-11
2077,-1.3316366797641041e-11
2078,-1.3301004396471102e-11
2079,-1.3284949334018568e-11
2080,-1.3268202663249289e-11
2081,-1.3250765440503527e-11
2082,-1.3232638719441162e-11
2083,-1.3213823544881607e-11
2084,-1.3194320946554728e-11
2085,-1.3174131932780094e-11
2086,-1.3153257484092151e-11
2087,-1.3131698546829414e-11
2088,-1.310945602670592e-11
2089,-1.3086530782383406e-11
2090,-1.3062923619062593e-11
2091,-1.3038635282111623e-11
2092,-1.3013666450749943e-11
2093,-1.2988017731804566e-11
2094,-1.2961689653556357e-11
2095,-1.2934682659691899e-11
2096,-1.2906997103377116e-11
2097,-1.2878633241466882e-11
2098,-1.2849591228864525e-11
2099,-1.2819871113043747e-11
2100,-1.2789472828744708e-11
2101,-1.2758396167287415e-11
2102,-1.2726640694944825e-11
2103,-1.2694205824919153e-11
2104,-1.266109083839227e-11
2105,-1.2627294880222398e-11
2106,-1.2592819367529776e-11
2107,-1.2557675223845532e-11
2108,-1.2521875637451836e-11
2109,-1.248543364528662e-11
2110,-1.2448362129740314e-11
2111,-1.2410673815670344e-11
2112,-1.2372381267630106e-11
2113,-1.2333496887307833e-11
2114,-1.2294032911169908e-11
2115,-1.2254001408302122e-11
2116,-1.2213414278441737e-11
2117,-1.2172283250192284e-11
2118,-1.2130619879412654e-11
2119,-1.2088435547771083e-11
2120,-1.2045741461454691e-11
2121,-1.2002548650024475e-11
2122,-1.1958867965405677e-11
2123,-1.1914710081003208e-11
2124,-1.1870085490931752e-11
2125,-1.1825004509350423e-11
2126,-1.177947726989168e-11
2127,-1.1733513725174825e-11
2128,-1.1687123646394474e-11
2129,-1.164031662297494e-11
2130,-1.159310206228198e-11
2131,-1.154548918938384e-11
2132,-1.1497487046854168e-11
2133,-1.1449104494610256e-11
2134,-1.1400350209780397e-11
2135,-1.1351232686595347e-11
2136,-1.1301760236299384e-11
2137,-1.1251940987077367e-11
2138,-1.120178288399518e-11
2139,-1.1151293688951462e-11
2140,-1.1100480980639677e-11
2141,-1.1049352154520265e-11
2142,-1.099791442280346e-11
2143,-1.0946174814444059e-11
2144,-1.0894140175150289e-11
2145,-1.0841817167409679e-11
2146,-1.0789212270535245e-11
2147,-1.0736331780736245e-11
2148,-1.0683183654802623e-11
2149,-1.0629783040992676e-11
2150,-1.0576146748453949e-11
2151,-1.0522291400016658e-11
2152,-1.0468233420939324e-11
2153,-1.0413989050766943e-11
2154,-1.0359574347570055e-11
2155,-1.03050051884139e-11
2156,-1.0250297269906625e-11
2157,-1.0195466108833537e-11
2158,-1.0140527042883977e-11
2159,-1.0085495231477355e-11
2160,-1.0030385656694707e-11
2161,-9.975213124321763e-12
2162,-9.919992265009202e-12
2163,-9.864737535555449e-12
2164,-9.809463220316797e-12
2165,-9.754183432749371e-12
2166,-9.698912117086706e-12
2167,-9.64366305015649e-12
2168,-9.58844984333908e-12
2169,-9.533285944670265e-12
2170,-9.47818464108971e-12
2171,-9.423159060836408e-12
2172,-9.368222175991406e-12
2173,-9.313386805167898e-12
2174,-9.258665616347872e-12
2175,-9.204071129864147e-12
2176,-9.149615721526075e-12
2177,-9.095311625886474e-12
2178,-9.04117093964711e-12
2179,-8.987205625199473e-12
2180,-8.933427514297052e-12
2181,-8.879848311855097e-12
2182,-8.826479599873468e-12
2183,-8.77333284147756e-12
2184,-8.720419385072605e-12
2185,-8.667750468605573e-12
2186,-8.615337223929584e-12
2187,-8.563190681264867e-12
2188,-8.51132177375052e-12
2189,-8.459741342081172e-12
2190,-8.408459810176289e-12
2191,-8.35748620282964e-12
2192,-8.306829137703792e-12
2193,-8.256497159292893e-12
2194,-8.206498743894224e-12
2195,-8.156842304629199e-12
2196,-8.107536196507901e-12
2197,-8.058588721531888e-12
2198,-8.010008133829598e-12
2199,-7.961802644819385e-12
2200,-7.913980428394841e-12
2201,-7.866549628352446e-12
2202,-7.81951837028137e-12
2203,-7.772894760113393e-12
2204,-7.726686887126138e-12
2205,-7.680902829170703e-12
2206,-7.635550657894897e-12
2207,-7.590638443958365e-12
2208,-7.54617426223567e-12
2209,-7.502166197003929e-12
2210,-7.458622347111326e-12
2211,-7.415550831123376e-12
2212,-7.372959792443402e-12
2213,-7.330857404404213e-12
2214,-7.289251875327803e-12
2215,-7.248151453549999e-12
2216,-7.2075644324070475e-12
2217,-7.167499155181107e-12
2218,-7.127964020001741e-12
2219,-7.088967484700395e-12
2220,-7.050518071614953e-12
2221,-7.012624372341415e-12
2222,-6.975295052429783e-12
2223,-6.938538856021197e-12
2224,-6.90236461042335e-12
2225,-6.866781230621384e-12
2226,-6.831797723721192e-12
2227,-6.7974231933224364e-12
2228,-6.763666843818214e-12
2229,-6.730537984618792e-12
2230,-6.698046034296435e-12
2231,-6.666200524648874e-12
2232,-6.635008693172999e-12
2233,-6.6044682524406394e-12
2234,-6.574574628419716e-12
2235,-6.545323375692942e-12
2236,-6.516710181077765e-12
2237,-6.4887308671514745e-12
2238,-6.46138139567967e-12
2239,-6.434657870946883e-12
2240,-6.408556542988049e-12
2241,-6.383073810719999e-12
2242,-6.3582062249721574e-12
2243,-6.333950491416371e-12
2244,-6.31030347339548e-12
2245,-6.287262194651051e-12
2246,-6.264823841950722e-12
2247,-6.242985767615957e-12
2248,-6.221745491951392e-12
2249,-6.201100705577051e-12
2250,-6.181049271665324e-12
2251,-6.161589243593153e-12
2252,-6.142718913520566e-12
2253,-6.124436767828057e-12
2254,-6.1067414734853636e-12
2255,-6.089631879845684e-12
2256,-6.073107020359684e-12
2257,-6.0571661142123575e-12
2258,-6.041808567885979e-12
2259,-6.027033976652311e-12
2260,-6.012842125997553e-12
2261,-5.9992329929830044e-12
2262,-5.9862067475448225e-12
2263,-5.973763753735804e-12
2264,-5.961904570912191e-12
2265,-5.950629954868113e-12
2266,-5.939940858920182e-12
2267,-5.929838434944429e-12
2268,-5.920324034367363e-12
2269,-5.911399209112773e-12
2270,-5.903065712505235e-12
2271,-5.895325500131153e-12
2272,-5.8881807306573896e-12
2273,-5.881633766607403e-12
2274,-5.875684470061839e-12
2275,-5.870322088250237e-12
2276,-5.865533369289262e-12
2277,-5.8613052678078725e-12
2278,-5.857624945488801e-12
2279,-5.854479771555004e-12
2280,-5.851857323197336e-12
2281,-5.8497453859388985e-12
2282,-5.848131953931302e-12
2283,-5.847005230177532e-12
2284,-5.846353626675649e-12
2285,-5.846165764477242e-12
2286,-5.846430473654319e-12
2287,-5.847136793167833e-12
2288,-5.848273970631033e-12
2289,-5.849831461960498e-12
2290,-5.8517989309078014e-12
2291,-5.854166248464577e-12
2292,-5.856923492133793e-12
2293,-5.860060945060269e-12
2294,-5.863569095013613e-12
2295,-5.867438633216828e-12
2296,-5.871660453014536e-12
2297,-5.876225648374744e-12
2298,-5.88112551221896e-12
2299,-5.886351534575554e-12
2300,-5.891895400552405e-12
2301,-5.897748997432126e-12
2302,-5.903904440194346e-12
2303,-5.910354041005721e-12
2304,-5.917090297133691e-12
2305,-5.92410588797637e-12
2306,-5.931393671901921e-12
2307,-5.938946682899046e-12
2308,-5.9467581270408595e-12
2309,-5.954821378765625e-12
2310,-5.963129976978706e-12
2311,-5.9716776209810765e-12
2312,-5.980458166230611e-12
2313,-5.989465619943593e-12
2314,-5.99869413654427e-12
2315,-6.008138012971817e-12
2316,-6.017790700519064e-12
2317,-6.027641849878592e-12
2318,-6.0376802560889e-12
2319,-6.04789483671122e-12
2320,-6.0582746265844964e-12
2321,-6.068808772506963e-12
2322,-6.079486527857421e-12
2323,-6.090297247170183e-12
2324,-6.10123038067734e-12
2325,-6.112275468832468e-12
2326,-6.123422136829752e-12
2327,-6.134660089132313e-12
2328,-6.1459791040235486e-12
2329,-6.157369028194695e-12
2330,-6.168819771381606e-12
2331,-6.180321301063192e-12
2332,-6.191863637233128e-12
2333,-6.203436847256129e-12
2334,-6.215031040818901e-12
2335,-6.226636364985019e-12
2336,-6.238242999362463e-12
2337,-6.2498411513908265e-12
2338,-6.261421051754541e-12
2339,-6.272972949927457e-12
2340,-6.284487109852292e-12
2341,-6.295953805757879e-12
2342,-6.3073633181156934e-12
2343,-6.31870592973555e-12
2344,-6.32997192199964e-12
2345,-6.341151571232419e-12
2346,-6.3522351452028e-12
2347,-6.363212899753813e-12
2348,-6.3740750755539305e-12
2349,-6.384811894962837e-12
2350,-6.395413559003716e-12
2351,-6.405870241576441e-12
2352,-6.416172078044934e-12
2353,-6.42630917104124e-12
2354,-6.436271590621732e-12
2355,-6.4460493716204026e-12
2356,-6.4556325110433655e-12
2357,-6.46501096549181e-12
2358,-6.474175948738842e-12
2359,-6.483123829585396e-12
2360,-6.491852228876369e-12
2361,-6.500358716770162e-12
2362,-6.508640810110912e-12
2363,-6.516695969753187e-12
2364,-6.5245215978277945e-12
2365,-6.532115034937789e-12
2366,-6.5394735572750315e-12
2367,-6.5465943736481175e-12
2368,-6.553474622413729e-12
2369,-6.560111368304731e-12
2370,-6.566501599149259e-12
2371,-6.572642222476599e-12
2372,-6.578530062006791e-12
2373,-6.584161854022647e-12
2374,-6.589534243623854e-12
2375,-6.594643780864802e-12
2376,-6.599486916779019e-12
2377,-6.6040599992946084e-12
2378,-6.608359269046785e-12
2379,-6.612380855094788e-12
2380,-6.61612077055227e-12
2381,-6.619574908141251e-12
2382,-6.622739035681342e-12
2383,-6.625608791527175e-12
2384,-6.628179679967928e-12
2385,-6.6304470666041986e-12
2386,-6.632406173718188e-12
2387,-6.634052075654123e-12
2388,-6.635379694226565e-12
2389,-6.6363837941746345e-12
2390,-6.637058978680876e-12
2391,-6.637399684973665e-12
2392,-6.6374001800318964e-12
2393,-6.637054556411259e-12
2394,-6.636356728210526e-12
2395,-6.635300427196502e-12
2396,-6.6338791991054e-12
2397,-6.632086400137942e-12
2398,-6.629915193664561e-12
2399,-6.6273585471562234e-12
2400,-6.624411642137756e-12
2401,-6.621079099000365e-12
2402,-6.617367703466684e-12
2403,-6.6132840246488596e-12
2404,-6.608834424255637e-12
2405,-6.6040250551319275e-12
2406,-6.598861860095108e-12
2407,-6.593350571071763e-12
2408,-6.587496708536755e-12
2409,-6.581305581254644e-12
2410,-6.5747822863217286e-12
2411,-6.567931709504916e-12
2412,-6.560758525872123e-12
2413,-6.553267200706735e-12
2414,-6.545461990697275e-12
2415,-6.537346945391468e-12
2416,-6.528925908902451e-12
2417,-6.520202521853362e-12
2418,-6.511180223544998e-12
2419,-6.501862254330264e-12
2420,-6.492251658177636e-12
2421,-6.482351285405104e-12
2422,-6.472163795565166e-12
2423,-6.461691660460738e-12
2424,-6.450937167271333e-12
2425,-6.439902421768464e-12
2426,-6.428589351599244e-12
2427,-6.4169997096169275e-12
2428,-6.405135077237494e-12
2429,-6.392996867801721e-12
2430,-6.380586329922663e-12
2431,-6.367904550799254e-12
2432,-6.354952459477629e-12
2433,-6.3417308300427636e-12
2434,-6.32824028472419e-12
2435,-6.314481296901082e-12
2436,-6.3004541939931686e-12
2437,-6.286159160225779e-12
2438,-6.271596239258867e-12
2439,-6.256765336671676e-12
2440,-6.241666222296542e-12
2441,-6.226298532397272e-12
2442,-6.210663429424613e-12
2443,-6.194768577083356e-12
2444,-6.178623168830903e-12
2445,-6.162236271692048e-12
2446,-6.145616827659911e-12
2447,-6.128773654955067e-12
2448,-6.11171544915162e-12
2449,-6.094450784181046e-12
2450,-6.076988113225941e-12
2451,-6.059335764857117e-12
2452,-6.041501929768529e-12
2453,-6.023494675411265e-12
2454,-6.00532195125961e-12
2455,-5.986991589388286e-12
2456,-5.968511305040945e-12
2457,-5.94988869720971e-12
2458,-5.931131249246307e-12
2459,-5.912246329525324e-12
2460,-5.89324119218032e-12
2461,-5.874122977933138e-12
2462,-5.854898715036737e-12
2463,-5.835575320351043e-12
2464,-5.8161596005706184e-12
2465,-5.7966582536222015e-12
2466,-5.7770778702488505e-12
2467,-5.757424935796362e-12
2468,-5.737705832215977e-12
2469,-5.7179268402961724e-12
2470,-5.698094142134225e-12
2471,-5.678213823856737e-12
2472,-5.658291878596325e-12
2473,-5.638334209729491e-12
2474,-5.618346634378934e-12
2475,-5.5983348871811154e-12
2476,-5.5783046243180506e-12
2477,-5.558261427809813e-12
2478,-5.538210810062389e-12
2479,-5.5181582186631016e-12
2480,-5.498109041413974e-12
2481,-5.4780686115911235e-12
2482,-5.458042213416621e-12
2483,-5.438035087727071e-12
2484,-5.4180522716729835e-12
2485,-5.398098106281141e-12
2486,-5.378176741049602e-12
2487,-5.358292306363692e-12
2488,-5.338448919858737e-12
2489,-5.318650692854723e-12
2490,-5.298901736838136e-12
2491,-5.279206169965847e-12
2492,-5.259568123565717e-12
2493,-5.239991748608028e-12
2494,-5.220481222122334e-12
2495,-5.201040753534209e-12
2496,-5.181674590897168e-12
2497,-5.1623870269954e-12
2498,-5.143182405294106e-12
2499,-5.124065125715e-12
2500,-5.105039650216091e-12
2501,-5.0861105069274065e-12
2502,-5.0672822915959e-12
2503,-5.048559676152563e-12
2504,-5.0299474145581135e-12
2505,-5.0114503471432665e-12
2506,-4.993073404661942e-12
2507,-4.974821612049181e-12
2508,-4.9567000918778454e-12
2509,-4.938714067510158e-12
2510,-4.920868865942863e-12
2511,-4.903169920346792e-12
2512,-4.885622772303933e-12
2513,-4.86823307374752e-12
2514,-4.851006588612655e-12
2515,-4.833949194207204e-12
2516,-4.817066882314786e-12
2517,-4.800365760043478e-12
2518,-4.783852050435719e-12
2519,-4.767532092856578e-12
2520,-4.751412343178996e-12
2521,-4.735499373785926e-12
2522,-4.719799873410578e-12
2523,-4.704320646836598e-12
2524,-4.689068614481321e-12
2525,-4.6740508118851135e-12
2526,-4.659272795408984e-12
2527,-4.644733860442696e-12
2528,-4.6304318219201375e-12
2529,-4.616364607392229e-12
2530,-4.6025302564017995e-12
2531,-4.5889269199043854e-12
2532,-4.575552859755912e-12
2533,-4.562406448287553e-12
2534,-4.5494861679863926e-12
2535,-4.536790611299275e-12
2536,-4.524318480575383e-12
2537,-4.512068588161512e-12
2538,-4.500039856661933e-12
2539,-4.48823131937285e-12
2540,-4.476642120899128e-12
2541,-4.465271517959108e-12
2542,-4.45411888038084e-12
2543,-4.443183692290735e-12
2544,-4.4324655534936816e-12
2545,-4.421964181040994e-12
2546,-4.411679410980562e-12
2547,-4.40161120028129e-12
2548,-4.391759628921718e-12
2549,-4.38212490213075e-12
2550,-4.372707352766382e-12
2551,-4.363507451553738e-12
2552,-4.354525832901839e-12
2553,-4.3457632743829646e-12
2554,-4.337220691751201e-12
2555,-4.3288991417412686e-12
2556,-4.320799824887927e-12
2557,-4.312924088342378e-12
2558,-4.305273428661597e-12
2559,-4.297849494546118e-12
2560,-4.290654089501731e-12
2561,-4.2836891744004385e-12
2562,-4.276956869916328e-12
2563,-4.270459458812784e-12
2564,-4.264199388057658e-12
2565,-4.258179270744402e-12
2566,-4.252401887798027e-12
2567,-4.24687018944602e-12
2568,-4.24158564116047e-12
2569,-4.236543258779074e-12
2570,-4.2317365749946746e-12
2571,-4.227159294995907e-12
2572,-4.222805296523527e-12
2573,-4.218668629609178e-12
2574,-4.214743515990187e-12
2575,-4.211024348195967e-12
2576,-4.207505688304226e-12
2577,-4.204182266367351e-12
2578,-4.2010489785116826e-12
2579,-4.198100884714956e-12
2580,-4.1953332062692e-12
2581,-4.192741322938708e-12
2582,-4.19032076982506e-12
2583,-4.188067233952901e-12
2584,-4.185976550592439e-12
2585,-4.184044699336139e-12
2586,-4.182267799949122e-12
2587,-4.180642108013914e-12
2588,-4.179164010391792e-12
2589,-4.177830020523978e-12
2590,-4.176636773596888e-12
2591,-4.17558102159656e-12
2592,-4.174659628277571e-12
2593,-4.173869564072498e-12
2594,-4.173207900967737e-12
2595,-4.172671807371523e-12
2596,-4.172258542999753e-12
2597,-4.171965453804403e-12
2598,-4.17178996696897e-12
2599,-4.1717295859940036e-12
2600,-4.1717818858949514e-12
2601,-4.1719445140141326e-12
2602,-4.172215201947086e-12
2603,-4.172591744753029e-12
2604,-4.173071991313173e-12
2605,-4.173653840370052e-12
2606,-4.1743352367786515e-12
2607,-4.1751141679792835e-12
2608,-4.175988660699814e-12
2609,-4.176956777892658e-12
2610,-4.178016090710724e-12
2611,-4.179162100324024e-12
2612,-4.180389811168275e-12
2613,-4.181694254029202e-12
2614,-4.1830704841559626e-12
2615,-4.184513579594771e-12
2616,-4.18601863973281e-12
2617,-4.18758078404066e-12
2618,-4.189195150999423e-12
2619,-4.190856897197398e-12
2620,-4.192561196579331e-12
2621,-4.194303239830074e-12
2622,-4.196078233873322e-12
2623,-4.197881401464974e-12
2624,-4.199707980860072e-12
2625,-4.201553225531405e-12
2626,-4.203412403917717e-12
2627,-4.205280799179202e-12
2628,-4.207153708937838e-12
2629,-4.209026444980644e-12
2630,-4.210894332904044e-12
2631,-4.2127527116784196e-12
2632,-4.214596933112714e-12
2633,-4.216422361199819e-12
2634,-4.218224371324881e-12
2635,-4.219998349319852e-12
2636,-4.221739690349303e-12
2637,-4.223443797613973e-12
2638,-4.225106080860528e-12
2639,-4.226721954687593e-12
2640,-4.2282868366404985e-12
2641,-4.229796145088892e-12
2642,-4.231245296883543e-12
2643,-4.2326297047910274e-12
2644,-4.233944774706798e-12
2645,-4.235185902649593e-12
2646,-4.236348471542086e-12
2647,-4.237427847784877e-12
2648,-4.238419377632825e-12
2649,-4.239318383384873e-12
2650,-4.240120159400237e-12
2651,-4.240819966686532e-12
2652,-4.241413819338437e-12
2653,-4.241900867527742e-12
2654,-4.242281010662108e-12
2655,-4.242554098251701e-12
2656,-4.2427199252425435e-12
2657,-4.24277822730753e-12
2658,-4.242728676117606e-12
2659,-4.24257087461634e-12
2660,-4.242304352321204e-12
2661,-4.241928560674654e-12
2662,-4.241442868468555e-12
2663,-4.240846557364424e-12
2664,-4.2401388175319096e-12
2665,-4.239318743426933e-12
2666,-4.238385329730117e-12
2667,-4.237337467464862e-12
2668,-4.23617394031348e-12
2669,-4.234893421147997e-12
2670,-4.233494468790959e-12
2671,-4.231975525019989e-12
2672,-4.230334911827716e-12
2673,-4.228570828947122e-12
2674,-4.2266813516505096e-12
2675,-4.224664428827815e-12
2676,-4.222517881348594e-12
2677,-4.220239400709437e-12
2678,-4.217826547966769e-12
2679,-4.215276752952901e-12
2680,-4.2125873137711565e-12
2681,-4.209755396564005e-12
2682,-4.206778035546063e-12
2683,-4.2036521332923295e-12
2684,-4.200374461269855e-12
2685,-4.1969416605999595e-12
2686,-4.1933502430362514e-12
2687,-4.189596592142411e-12
2688,-4.185676964652779e-12
2689,-4.181587491997461e-12
2690,-4.177324181972833e-12
2691,-4.172882920537818e-12
2692,-4.1682594737157516e-12
2693,-4.16344948958097e-12
2694,-4.158449824298757e-12
2695,-4.153262516186804e-12
2696,-4.147890815865312e-12
2697,-4.142337864388097e-12
2698,-4.136606695346019e-12
2699,-4.1307002369349955e-12
2700,-4.124621313970527e-12
2701,-4.1183726473758546e-12
2702,-4.111956848671798e-12
2703,-4.105376429103109e-12
2704,-4.09863380373918e-12
2705,-4.09173129299378e-12
2706,-4.084671124010157e-12
2707,-4.077455431903336e-12
2708,-4.070086260853223e-12
2709,-4.062565565043749e-12
2710,-4.0548952094455206e-12
2711,-4.0470769704406354e-12
2712,-4.0391125362906135e-12
2713,-4.031003507450061e-12
2714,-4.022751396730205e-12
2715,-4.014357629318517e-12
2716,-4.00582354266182e-12
2717,-3.997150386222188e-12
2718,-3.988339321116102e-12
2719,-3.979391419648804e-12
2720,-3.970307664756983e-12
2721,-3.961088949373883e-12
2722,-3.951736075732029e-12
2723,-3.94224975461935e-12
2724,-3.932630604605418e-12
2725,-3.922879151254543e-12
2726,-3.9129958263433405e-12
2727,-3.902980967099991e-12
2728,-3.89283481548282e-12
2729,-3.882557517515485e-12
2730,-3.8721491226956825e-12
2731,-3.861609583493941e-12
2732,-3.8509387549583765e-12
2733,-3.8401363944404975e-12
2734,-3.8292021614562474e-12
2735,-3.8181356176954815e-12
2736,-3.806937080250525e-12
2737,-3.7956101811329205e-12
2738,-3.784159308619917e-12
2739,-3.772588754906718e-12
2740,-3.760902717012625e-12
2741,-3.749105297887574e-12
2742,-3.737200507722523e-12
2743,-3.725192265465612e-12
2744,-3.713084400544274e-12
2745,-3.700880654792134e-12
2746,-3.6885846845776096e-12
2747,-3.6762000631299575e-12
2748,-3.66373028305672e-12
2749,-3.651178759045178e-12
2750,-3.63854883073921e-12
2751,-3.6258437594087816e-12
2752,-3.613066712028601e-12
2753,-3.6002207837336393e-12
2754,-3.58730900765816e-12
2755,-3.5743343585165687e-12
2756,-3.5612997562838197e-12
2757,-3.5482080699598173e-12
2758,-3.5350621214020367e-12
2759,-3.5218646892099334e-12
2760,-3.5086185126449214e-12
2761,-3.495326295569136e-12
2762,-3.481990710386885e-12
2763,-3.468614401972321e-12
2764,-3.4551999915676983e-12
2765,-3.441750080636725e-12
2766,-3.428267254658317e-12
2767,-3.4147540868467063e-12
2768,-3.4012131417846247e-12
2769,-3.3876469789572735e-12
2770,-3.374058156175841e-12
2771,-3.360449232880212e-12
2772,-3.346822773311922e-12
2773,-3.3331813495493834e-12
2774,-3.3195275443989128e-12
2775,-3.3058639541360344e-12
2776,-3.2921931910931665e-12
2777,-3.2785178860910045e-12
2778,-3.26484057537241e-12
2779,-3.25116335669935e-12
2780,-3.2374882373306775e-12
2781,-3.223817251166433e-12
2782,-3.2101524604018295e-12
2783,-3.1964959570351926e-12
2784,-3.18284986423567e-12
2785,-3.1692163375774933e-12
2786,-3.1555975661483914e-12
2787,-3.1419957735407473e-12
2788,-3.1284132187345296e-12
2789,-3.114852196881996e-12
2790,-3.101315040004397e-12
2791,-3.0878041176114295e-12
2792,-3.0743218372545443e-12
2793,-3.0608706450252445e-12
2794,-3.0474530260098034e-12
2795,-3.0340715047115225e-12
2796,-3.0207286454518817e-12
2797,-3.0074270527613233e-12
2798,-2.994169371770325e-12
2799,-2.980958288610957e-12
2800,-2.967796530838407e-12
2801,-2.9546868686369334e-12
2802,-2.9416321175735986e-12
2803,-2.9286351368659656e-12
2804,-2.915698829212071e-12
2805,-2.902826141433555e-12
2806,-2.8900200651818063e-12
2807,-2.877283637711352e-12
2808,-2.8646199427236164e-12
2809,-2.8520321112834923e-12
2810,-2.8395233228099653e-12
2811,-2.8270968061411376e-12
2812,-2.814755840673156e-12
2813,-2.8025037575715666e-12
2814,-2.790343941052728e-12
2815,-2.778279829731963e-12
2816,-2.7663149180346778e-12
2817,-2.7544527576653796e-12
2818,-2.7426969591294893e-12
2819,-2.7310511933015165e-12
2820,-2.7195183713236535e-12
2821,-2.7080981811177437e-12
2822,-2.6967895541803988e-12
2823,-2.6855914889762017e-12
2824,-2.674503052630491e-12
2825,-2.6635233826230702e-12
2826,-2.6526516884744727e-12
2827,-2.6418872534162755e-12
2828,-2.6312294360371448e-12
2829,-2.6206776718963456e-12
2830,-2.6102314750966355e-12
2831,-2.5998904398088222e-12
2832,-2.5896542417404215e-12
2833,-2.579522639541428e-12
2834,-2.56949547614049e-12
2835,-2.5595726800054158e-12
2836,-2.549754266322226e-12
2837,-2.540040338087842e-12
2838,-2.530431087111783e-12
2839,-2.52092679492311e-12
2840,-2.511527833579168e-12
2841,-2.5022346663737448e-12
2842,-2.493047848442342e-12
2843,-2.4839680272635067e-12
2844,-2.4749959430551563e-12
2845,-2.4661324290659497e-12
2846,-2.457378411761987e-12
2847,-2.448734910909968e-12
2848,-2.4402030395580352e-12
2849,-2.43178400391656e-12
2850,-2.423479103141125e-12
2851,-2.4152897312928053e-12
2852,-2.4072173837512373e-12
2853,-2.3992636499058372e-12
2854,-2.3914302103069937e-12
2855,-2.38371883600906e-12
2856,-2.3761313878369875e-12
2857,-2.3686698155807935e-12
2858,-2.3613361571223917e-12
2859,-2.354132537498956e-12
2860,-2.347061167907463e-12
2861,-2.3401243446543655e-12
2862,-2.333323610710854e-12
2863,-2.326657242533264e-12
2864,-2.3201227609064474e-12
2865,-2.3137177670601323e-12
2866,-2.307439941406173e-12
2867,-2.301287042244129e-12
2868,-2.2952569044384022e-12
2869,-2.289347438069789e-12
2870,-2.28355662706407e-12
2871,-2.277882527800129e-12
2872,-2.272323267699642e-12
2873,-2.2668770438003137e-12
2874,-2.2615421213143608e-12
2875,-2.2563168321737053e-12
2876,-2.2511995735631906e-12
2877,-2.2461888064429274e-12
2878,-2.2412830540607226e-12
2879,-2.2364809004555014e-12
2880,-2.2317809889523787e-12
2881,-2.2271820206501526e-12
2882,-2.2226827529017306e-12
2883,-2.2182819977882346e-12
2884,-2.2139786205872982e-12
2885,-2.2097715382362443e-12
2886,-2.2056597177909266e-12
2887,-2.201642174880946e-12
2888,-2.1977179721621114e-12
2889,-2.1938862177673483e-12
2890,-2.1901460637569874e-12
2891,-2.1864967045698745e-12
2892,-2.182937375476756e-12
2893,-2.179467351037432e-12
2894,-2.1760859435636147e-12
2895,-2.1727925015893087e-12
2896,-2.1695864083508085e-12
2897,-2.1664670802785227e-12
2898,-2.1634339655029634e-12
2899,-2.1604865423773714e-12
2900,-2.157624318019326e-12
2901,-2.1548468303077672e-12
2902,-2.1521536567714693e-12
2903,-2.1495444029023925e-12
2904,-2.14701839763542e-12
2905,-2.144573792833042e-12
2906,-2.142208461185454e-12
2907,-2.139920294686379e-12
2908,-2.137707203416852e-12
2909,-2.1355671143689483e-12
2910,-2.133497970310826e-12
2911,-2.131497728694347e-12
2912,-2.1295643606058882e-12
2913,-2.127695849761013e-12
2914,-2.125890191542786e-12
2915,-2.1241453920834625e-12
2916,-2.122459467388677e-12
2917,-2.1208304425027013e-12
2918,-2.119256350713035e-12
2919,-2.1177352327920053e-12
2920,-2.116265136272507e-12
2921,-2.114844114754652e-12
2922,-2.1134702272395834e-12
2923,-2.1121415374860773e-12
2924,-2.1108561133853683e-12
2925,-2.109612026349155e-12
2926,-2.1084073507050846e-12
2927,-2.1072401630942007e-12
2928,-2.1061085418639963e-12
2929,-2.1050105664508816e-12
2930,-2.1039443167454884e-12
2931,-2.1029078724340538e-12
2932,-2.1018993123093617e-12
2933,-2.1009167135443414e-12
2934,-2.099958150921758e-12
2935,-2.0990216960135136e-12
2936,-2.098105416303275e-12
2937,-2.0972073742464827e-12
2938,-2.0963256262620867e-12
2939,-2.095458221651018e-12
2940,-2.0946032014365403e-12
2941,-2.0937585971227627e-12
2942,-2.092922429367629e-12
2943,-2.092092706567984e-12
2944,-2.0912674233546965e-12
2945,-2.090444558996897e-12
2946,-2.0896223780693654e-12
2947,-2.0888003357379792e-12
2948,-2.087978168831326e-12
2949,-2.0871555915348037e-12
2950,-2.086332293356653e-12
2951,-2.0855079376859404e-12
2952,-2.0846821616175077e-12
2953,-2.083854571694668e-12
2954,-2.0830247409331086e-12
2955,-2.0821922064650446e-12
2956,-2.081356467143376e-12
2957,-2.0805169811162247e-12
2958,-2.07967316338262e-12
2959,-2.078824383341105e-12
2960,-2.0779699623434365e-12
2961,-2.077109171266123e-12
2962,-2.0762412281131402e-12
2963,-2.0753652956632116e-12
2964,-2.0744804791754633e-12
2965,-2.0735858241673525e-12
2966,-2.072680314278602e-12
2967,-2.0717628692349814e-12
2968,-2.0708323429253586e-12
2969,-2.069887521605101e-12
2970,-2.0689271222383845e-12
2971,-2.0679497909915554e-12
2972,-2.066954101888505e-12
2973,-2.0659385556387896e-12
2974,-2.064901578647566e-12
2975,-2.06384152221603e-12
2976,-2.062756661939227e-12
2977,-2.0616451973074147e-12
2978,-2.060505251515509e-12
2979,-2.059334871483633e-12
2980,-2.058132028090739e-12
2981,-2.056894616621272e-12
2982,-2.0556204574236705e-12
2983,-2.0543072967776364e-12
2984,-2.0529528079657708e-12
2985,-2.0515545925433443e-12
2986,-2.0501101817985265e-12
2987,-2.048617038393989e-12
2988,-2.0470731409849025e-12
2989,-2.04547873460748e-12
2990,-2.043834584376255e-12
2991,-2.042141394923544e-12
2992,-2.0403998127589378e-12
2993,-2.038610428725877e-12
2994,-2.0367737805373245e-12
2995,-2.034890355371735e-12
2996,-2.0329605925096907e-12
2997,-2.030984885991488e-12
2998,-2.0289635872750722e-12
2999,-2.026897007873783e-12
3000,-2.024785421953419e-12
