R_over_R0,f_R,f_RR,m_s2_over_R0
1.0,1.0,1e-06,333333.0
1.0026415003656843,1.000000002635404,1e-06,333332.99999796785
1.02384644929709,1.000000023822828,1e-06,333332.9999921262
1.0461966082764662,1.0000000461906833,1e-06,333332.999998025
1.0697430472560212,1.0000000697602145,1e-06,333333.0000057224
1.0945391520999892,1.0000000945487135,1e-06,333333.00000318716
1.120640747321685,1.0000001206209956,1e-06,333332.9999934161
1.1481062240389948,1.0000001481032115,1e-06,333332.9999989958
1.1769966733536108,1.0000001770133964,1e-06,333333.0000055743
1.207376025379547,1.000000207365938,1e-06,333332.9999966375
1.2393111941661823,1.0000002393019978,1e-06,333332.99999693455
1.272872228777552,1.000000272885646,1e-06,333333.00000447244
1.308132470813467,1.0000003081232416,1e-06,333332.9999969236
1.3451687186742585,1.0000003451646664,1e-06,333332.99999864923
1.3840613988924533,1.0000003840731286,1e-06,333333.00000390987
1.4248947448749283,1.000000424882815,1e-06,333332.99999602337
1.4677569834176911,1.000000467765554,1e-06,333333.0000028569
1.512740529381547,1.0000005127313625,1.0004679884383124e-06,333177.07674113713
1.5599421889250726,1.000000559946653,1.0065712464604119e-06,331156.88308872865
1.6094633717354634,1.0000006094566083,1.009999999999999e-06,330032.6679533346
1.6614103126911237,1.0000006614148558,1.009999999999999e-06,330032.66778562404
1.7158943034408265,1.0000007158864497,1.009999999999999e-06,330032.6676017175
1.7730319343831364,1.000000773038951,1.009999999999999e-06,330032.6674180522
1.8329453475690987,1.000000832939504,1.009999999999999e-06,330032.6672160739
1.8957625010807326,1.00000089576508,1.009999999999999e-06,330032.6670115362
1.9616174454309903,1.0000009609192217,1.009999999999999e-06,330032.66656290524
2.030650612611203,1.0000010332970237,1.009999999999999e-06,330032.66743891285
2.103009118374701,1.000001113144236,1.009999999999999e-06,330032.6696716262
2.178847078446627,1.0000011890136067,1.009999999999999e-06,330032.6694317024
2.2583259393077,1.0000012683277741,1.009999999999999e-06,330032.6691150417
2.341614824285021,1.0000013516128312,1.009999999999999e-06,330032.66883889755
2.4288908956888746,1.0000014388871326,1.0120658730796471e-06,329358.98979467916
2.5203397337761912,1.0000015303359013,1.020000000000001e-06,326797.0456174418
2.616155733356044,1.0000016260445357,1.020000000000001e-06,326797.04495610675
2.716542518889785,1.0000017277121538,1.020000000000001e-06,326797.0447185567
2.8217133789759377,1.0000018423443604,1.020000000000001e-06,326797.0471231088
2.9318917211640034,1.000001951889378,1.020000000000001e-06,326797.0461960201
3.047311548034486,1.000002067311123,1.020000000000001e-06,326797.04544226895
3.1682179556344723,1.0000021875128964,1.020000000000001e-06,326797.0444217584
3.2948676552590173,1.0000023245830034,1.020000000000001e-06,326797.0469993445
3.4275295197465336,1.0000024575275825,1.020000000000001e-06,326797.04622466385
3.5664851554359696,1.0000025957782002,1.027415571603839e-06,324438.3153075943
3.7120295010109414,1.0000027524732786,1.0299999999999995e-06,323624.2488941402
3.864471454509268,1.0000029044725378,1.0299999999999995e-06,323624.2472708544
4.024134529835785,1.000003066055833,1.0299999999999995e-06,323624.2463421579
4.191357544177565,1.0000032413901725,1.0299999999999995e-06,323624.2473436578
4.366495337787982,1.0000034235402298,1.0299999999999995e-06,323624.24791263184
4.549919527678037,1.000003609320027,1.0400000000000008e-06,320512.4607063197
4.742019296779599,1.00000381219466,1.0400000000000008e-06,320512.46169698413
4.94320222036635,1.0000040238614634,1.0400000000000008e-06,320512.4624779338
5.153895131340775,1.0000042393970237,1.0400000000000008e-06,320512.4613288738
5.374545026356789,1.000004472492945,1.0400000000000008e-06,320512.46248914005
5.605620014627729,1.0000047158446672,1.0500000000000005e-06,317459.94601385755
5.847610311470059,1.0000049682285588,1.0500000000000005e-06,317459.9454722956
6.101029278695641,1.0000052311326926,1.0500000000000005e-06,317459.9444609363
6.366414514042838,1.000005513446453,1.0500000000000005e-06,317459.9456226072
6.644328991977211,1.000005804455187,1.0600000000000004e-06,314465.0193290739
6.935362258279509,1.0000061081266072,1.0600000000000004e-06,314465.01781214244
7.240131680958447,1.000006433903233,1.0600000000000004e-06,314465.01866781473
7.55928376014471,1.0000067759647988,1.0663888574078603e-06,312581.00891376147
7.893495499747006,1.0000071328452829,1.0700000000000001e-06,311526.07065579377
8.2434758437822,1.000007508386515,1.0700000000000001e-06,311526.0709867171
8.609967180428475,1.0000079010110443,1.0799999999999994e-06,308641.5439032376
8.99374691699377,1.000008313121783,1.0799999999999994e-06,308641.5431713312
9.39562912914233,1.0000087451827047,1.0799999999999994e-06,308641.54256273014
9.816466287879148,1.0000092082324215,1.0900000000000004e-06,305809.94137130503
10.257151067957341,1.0000096092868322,1.0900000000000004e-06,305809.9171229871
10.71861824154565,1.0000097832576693,1.0900000000000004e-06,305809.81650268676
11.201846661174251,1.0000096417008582,1.0900000000000004e-06,305809.61213700223
11.707861336166317,1.0000090941277033,1.0900000000000004e-06,305809.27601187973
12.237735606960788,1.0000080491502426,1.0900000000000004e-06,305808.77982215007
12.792593421939511,1.0000064145431906,1.0900000000000004e-06,305808.09498971264
13.373611721589155,1.0000040973026352,1.0900000000000004e-06,305807.1926806906
13.982022935053669,1.000001003701607,1.0900000000000004e-06,305806.04382159247
14.619117594389833,0.9999970393426468,1.0900000000000004e-06,305804.6191145164
15.286247072024446,0.9999921092074925,1.0900000000000004e-06,305802.8890514323
15.984826447295983,0.9999861177040118,1.0900000000000004e-06,305800.8239275792
16.71633750809087,0.9999789687105021,1.0900000000000004e-06,305798.3938540116
17.48233189398023,0.9999705656174787,1.0900000000000004e-06,305795.5687693315
18.284434387513755,0.9999608113670727,1.0900000000000004e-06,305792.31845063914
19.12434636065376,0.9999496084901558,1.0900000000000004e-06,305788.6125237377
20.003849383660235,0.9999368591413056,1.0900000000000004e-06,305784.42047262297
20.92480900408156,0.9999224651317259,1.0900000000000004e-06,305779.71164829086
21.889178703868094,0.999906327960229,1.0900000000000004e-06,305774.45527689345
22.89900404300218,0.9998883488423874,1.0900000000000004e-06,305768.62046727224
23.956426998430278,0.999868428737956,1.0900000000000004e-06,305762.1762178983
25.063690507510834,0.9998464683766635,1.0900000000000004e-06,305755.0914232446
26.223143225613477,0.9998223682824694,1.0900000000000004e-06,305747.3348796187
27.4372445079243,0.9997960287963771,1.0900000000000004e-06,305738.87529047806
28.70856962611075,0.9997673500978905,1.0900000000000004e-06,305729.68127125315
30.039815230804336,0.9997362322251991,1.0900000000000004e-06,305719.72135369945
31.433805071590058,0.9997025750941707,1.0900000000000004e-06,305708.9639897989
32.89349598654055,0.9996662785162308,1.0900000000000004e-06,305697.3775552309
34.42198417407878,0.9996272422151992,1.0900000000000004e-06,305684.93035243097
36.022511760426895,0.9995853658431554,1.0900000000000004e-06,305671.59061325266
37.6984736765869,0.9995405489953987,1.0900000000000004e-06,305657.326501251
39.45342485943788,0.999492691224566,1.0900000000000004e-06,305642.10611359903
41.29108779222498,0.9994416920539667,1.0900000000000004e-06,305625.8974826523
43.21536040043336,0.9993874509901925,1.0900000000000004e-06,305608.668577173
45.230324319796686,0.9993298675350549,1.0900000000000004e-06,305590.3873032251
47.34025355397635,0.9992688411969014,1.0900000000000004e-06,305571.02150474844
49.54962354027659,0.9992042715013585,1.0900000000000004e-06,305550.5389638224
51.86312064262417,0.9991360580015475,1.0900000000000004e-06,305528.90740062593
54.28565209194908,0.999064100287814,1.0900000000000004e-06,305506.0944730989
56.8223563950649,0.9989882979970137,1.0900000000000004e-06,305482.0677763128
59.47861423404252,0.9989085508213918,1.0900000000000004e-06,305456.79484155244
62.26005987940604,0.9988247585170884,1.0900000000000004e-06,305430.24313511304
65.17259314108428,0.9987368209123098,1.0900000000000004e-06,305402.3800568152
68.22239188266987,0.9986446379151912,1.0900000000000004e-06,305373.1729382382
71.41592512545016,0.998548109521384,1.0900000000000004e-06,305342.5890406718
74.75996677001872,0.9984471358213933,1.0900000000000004e-06,305310.59555278707
78.26160996457392,0.9983416170076935,1.0900000000000004e-06,305277.159588022
81.92828215037797,0.9982314533816432,1.0900000000000004e-06,305242.2481816817
85.76776081629353,0.9981165453602262,1.0900000000000004e-06,305205.82828774804
89.7881899958121,0.9979967934826359,1.0900000000000004e-06,305167.8667753946
93.99809754156843,0.9978720984167256,1.0900000000000004e-06,305128.3304252003
98.40641321398019,0.9977423609653411,1.0900000000000004e-06,305087.1859250574
103.02248762238295,0.9976074820725543,1.0900000000000004e-06,305044.3998657632
107.85611205883482,0.997467362829814,1.0900000000000004e-06,304999.9387362904
112.91753926665154,0.9973219044820255,1.0900000000000004e-06,304953.76891872316
118.21750518779515,0.9971710084335773,1.0900000000000004e-06,304905.85668285086
123.76725173503486,0.9970145762543261,1.0900000000000004e-06,304856.16818040813
129.57855063752504,0.9968525096855486,1.0900000000000004e-06,304804.669438946
135.66372841004676,0.9966847106458765,1.0900000000000004e-06,304751.32635532395
142.03569249906593,0.996511081237221,1.0900000000000004e-06,304696.10468880634
148.70795866100855,0.9963315237506972,1.0900000000000004e-06,304638.97005374817
155.69467963085137,0.996145940672558,1.0900000000000004e-06,304579.8879118532
163.010675141698,0.9959542346901452,1.0900000000000004e-06,304518.8235639879
170.67146335943647,0.9957563086978589,1.0900000000000004e-06,304455.74214152806
178.6932937984511,0.9955520658031667,1.0900000000000004e-06,304390.6085972251
187.09318178891394,0.995341409332641,1.0900000000000004e-06,304323.38769556297
195.88894456832875,0.9951242428380433,1.0900000000000004e-06,304254.04400258826
205.09923907397012,0.994900470102455,1.0900000000000004e-06,304182.5418751878
214.74360151668841,0.9946699951464539,1.0900000000000004e-06,304108.8454497861
224.84248881931651,0.9944327222343581,1.0900000000000004e-06,304032.9186304418
235.41732200837276,0.9941885558805191,1.0900000000000004e-06,303954.72507630876
246.49053165058368,0.9939374008556829,1.0900000000000004e-06,303874.2281884354
258.08560543077664,0.9936791621934156,1.0900000000000004e-06,303791.3910958703
270.22713797204045,0.9934137451965978,1.0900000000000004e-06,303706.1766410422
282.94088300381964,0.9931410554439902,1.0900000000000004e-06,303618.54736437794
296.2538079886065,0.9928609987968721,1.0900000000000004e-06,303528.4654881236
310.19415132308865,0.9925734814057539,1.0900000000000004e-06,303435.8928993307
324.7914822350844,0.9922784097171673,1.0900000000000004e-06,303340.79113196663
340.0767635033215,0.9919756904805324,1.0900000000000004e-06,303243.1213481081
356.08241713307825,0.9916652307551023,1.0900000000000004e-06,303142.84431817336
372.8423931270087,0.9913469379169899,1.0900000000000004e-06,303039.92040014715
390.3922414970409,0.9910207196662717,1.0900000000000004e-06,302934.3095177491
408.7691876699046,0.9906864840341761,1.0900000000000004e-06,302825.97113749717
428.0122114466802,0.9903441393903484,1.0900000000000004e-06,302714.86424460897
448.162129683295,0.9899935944501997,1.0900000000000004e-06,302600.94731768954
469.2616828677182,0.989634758282337,1.0900000000000004e-06,302484.17830214405
491.3556257773673,0.9892675403160732,1.0900000000000004e-06,302364.51458225556
514.4908224090084,0.9888918503490186,1.0900000000000004e-06,302241.91295186314
538.7163453825407,0.9885075985547528,1.0900000000000004e-06,302116.32958357356
564.0835800294853,0.9881146954905767,1.0900000000000004e-06,301987.71999643557
590.646333386963,0.9877130521053434,1.0900000000000004e-06,301856.0390220035
618.4609483283523,0.9873025797473689,1.0900000000000004e-06,301721.24076871277
647.5864230727909,0.9868831901724183,1.0900000000000004e-06,301583.2785844859
678.0845363264704,0.9864547955517767,1.0900000000000004e-06,301442.10501748644
710.0199783225934,0.9860173084803818,1.0900000000000004e-06,301297.6717749266
743.4604880358538,0.9855706419850478,1.0900000000000004e-06,301149.9296798436
778.4769968642468,0.9851147095327535,1.0900000000000004e-06,300998.8286257404
815.143779082089,0.9846494250390072,1.0900000000000004e-06,300844.3175289931
853.5386093837626,0.9841747028762812,1.0900000000000004e-06,300686.3442789152
893.7429278515592,0.9836904578825242,1.0900000000000004e-06,300524.8556853718
935.8420126995703,0.9831966053697259,1.0900000000000004e-06,300359.79742381745
979.9251611566887,0.9826930611325725,1.0900000000000004e-06,300191.1139776488
1026.0858788757766,0.9821797414571517,1.0900000000000004e-06,300018.7485777299
1074.4220782686054,0.9816565631297303,1.0900000000000004e-06,299842.64313896553
1125.0362861881183,0.981123443445593,1.0900000000000004e-06,299662.73819377605
1178.035861398219,0.9805803002179452,1.0900000000000004e-06,299478.97282233054
1233.5332222924944,0.9800270517868757,1.0900000000000004e-06,299291.28457938123
1291.6460853448546,0.979463617028378,1.0900000000000004e-06,299099.6094175388
1352.4977147978134,0.9788899153634302,1.0900000000000004e-06,298903.88160681963
1416.217184117843,0.9783058667671317,1.0900000000000004e-06,298704.03365028836
1482.9396497731364,0.977711391777889,1.0900000000000004e-06,298499.99619560735
1552.8066379130942,0.9771064115066618,1.0900000000000004e-06,298291.69794230466
1625.9663445589827,0.976490847646254,1.0900000000000004e-06,298079.0655445518
1702.5739499416813,0.9758646224806562,1.0900000000000004e-06,297862.02350924147
1782.7919476534582,0.9752276588944344,1.0900000000000004e-06,297640.49408914126
1866.790489311949,0.9745798803821656,1.0900000000000004e-06,297414.3971708915
1954.7477454673271,0.9739212110579158,1.0900000000000004e-06,297183.6501576013
2046.8502835182182,0.9732515756647606,1.0900000000000004e-06,296948.1678457876
2143.293463437877,0.9725708995843451,1.0900000000000004e-06,296707.8622963907
2244.2818521500017,0.9718791088464824,1.0900000000000004e-06,296462.64269958367
2350.029657433119,0.9711761301387887,1.0900000000000004e-06,296212.4152330845
2460.761182273793,0.9704618908163514,1.0900000000000004e-06,295957.0829136614
2576.711300632811,0.9697363189114283,1.0900000000000004e-06,295696.5454415102
2698.12595563128,0.9689993431431878,1.0900000000000004e-06,295430.6990371711
2825.262681218509,0.9682508929274555,1.0900000000000004e-06,295159.43627061986
2958.3911484209907,0.9674908983865109,1.0900000000000004e-06,294882.64588218095
3097.793737337067,0.966719290358894,1.0900000000000004e-06,294600.2125948613
3243.766136087454,0.9659360004092393,1.0900000000000004e-06,294312.0169177076
3396.617967992859,0.965140960838129,1.0900000000000004e-06,294017.9349397604
3556.673448308887,0.964334104691964,1.0900000000000004e-06,293717.83811416116
3724.2720719110666,0.9635153657728535,1.0900000000000004e-06,293411.5930319481
3899.769333388705,0.962684678648515,1.0900000000000004e-06,293099.0611850523
4083.537481074776,0.9618419786621899,1.0900000000000004e-06,292780.0987179872
4275.966306611209,0.9609872019425657,1.0900000000000004e-06,292454.5561676939
4477.463971724249,0.960120285413709,1.0900000000000004e-06,292122.27819098753
4688.457873963373,0.9592411668050017,1.0900000000000004e-06,291783.1032790157
4909.395553240126,0.958349784661082,1.0900000000000004e-06,291436.8634581193
5140.745641089485,0.9574460783517859,1.0900000000000004e-06,291083.383976452
5382.998854667503,0.9565299880820869,1.0900000000000004e-06,290722.4829756878
5636.669037591544,0.9556014549020393,1.0900000000000004e-06,290353.9711471144
5902.294249836245,0.9546604207166998,1.0900000000000004e-06,289977.65137136943
6180.437908987806,0.953706828296062,1.0900000000000004e-06,289593.3183410596
6471.689985286121,0.9527406212849666,1.0900000000000004e-06,289200.75816544483
6776.668252983225,0.9517617442130065,1.0900000000000004e-06,288799.74795634695
7096.019600676893,0.9507701425044108,1.0900000000000004e-06,288390.0553943954
7430.421403393123,0.9497657624879213,1.0900000000000004e-06,287971.4382746858
7780.58295933305,0.9487485514066416,1.0900000000000004e-06,287543.64403087716
8147.246994327804,0.94771845742787,1.0900000000000004e-06,287106.4092367133
8531.191237193818,0.9466754296529069,1.0900000000000004e-06,286659.45908390376
8933.230069329627,0.9456194181268358,1.0900000000000004e-06,286202.5068352496
9354.216252052187,0.9445503738482781,1.0900000000000004e-06,285735.2532518474
9795.04273533747,0.9434682487791144,1.0900000000000004e-06,285257.3859931487
10256.644551799875,0.9423729958541751,1.0900000000000004e-06,284768.57898859726
10740.000799929936,0.9412645689908932,1.0900000000000004e-06,284268.4917795013
11246.136720792085,0.9401429230989246,1.0900000000000004e-06,283756.7688297434
11776.125872593671,0.9390080140897197,1.0900000000000004e-06,283233.0388038509
12331.092407730504,0.9378597988860604,1.0900000000000004e-06,282696.9138108972
12912.213457142727,0.9366982354315476,1.0900000000000004e-06,282147.9886126183
13520.72162703597,0.9355232827000427,1.0900000000000004e-06,281585.8397940591
14157.907613263904,0.934334900705059,1.0900000000000004e-06,281010.024894985
14825.122938916522,0.9331330505091007,1.0900000000000004e-06,280420.0815002084
15523.78282092039,0.9319176942329477,1.0900000000000004e-06,279815.5262868943
16255.369171730415,0.9306887950648822,1.0900000000000004e-06,279195.8540268183
17021.433742479676,0.9294463172698562,1.0900000000000004e-06,278560.5365414535
17823.60141425416,0.9281902261985951,1.0900000000000004e-06,277909.02160766296
18663.573644465778,0.9269204882966456,1.0900000000000004e-06,277240.7318116751
19543.132075651756,0.9256370711133364,1.0900000000000004e-06,276555.0633488916
20464.142314326036,0.9243399433106929,1.0900000000000004e-06,275851.38476699614
21428.55788792204,0.9230290746722647,1.0900000000000004e-06,275129.0356496726
22438.424388205258,0.9217044361118828,1.0900000000000004e-06,274387.3252381464
23495.8838099471,0.9203659996823393,1.0900000000000004e-06,273625.53098761366
24603.17909406085,0.9190137385839888,1.0900000000000004e-06,272842.897055493
25762.658884835022,0.9176476271732653,1.0900000000000004e-06,272038.6327182859
26976.78251135291,0.9162676409711162,1.0900000000000004e-06,271211.91071368236
28248.125203663185,0.9148737566713487,1.0900000000000004e-06,270361.8655043901
29579.38355476344,0.9134659521488857,1.0900000000000004e-06,269487.59145999793
30973.381239980583,0.9120442064679306,1.0900000000000004e-06,268588.1409530127
32433.075005877297,0.9106084998900369,1.0900000000000004e-06,267662.5223650246
33961.5609413857,0.9091588138820796,1.0900000000000004e-06,266709.6979987673
35562.081044467086,0.907695131124129,1.0900000000000004e-06,265728.58189163904
37238.030098225,0.9062174355172196,1.0900000000000004e-06,264718.037526041
38992.96287105232,0.9047257121910157,1.0900000000000004e-06,263676.8754316723
40830.601656083265,0.90321994751137,1.0900000000000004e-06,262603.8506746908
42754.844165942115,0.9017001290877676,1.0900000000000004e-06,261497.66022840686
44769.77179950755,0.9001662457806752,1.0900000000000004e-06,260356.94021994242
46879.65829828658,0.8986182877087402,1.0900000000000004e-06,259180.26304697478
49088.97881066477,0.8970562462559108,1.0900000000000004e-06,257966.13435849725
51402.41938333042,0.8954801140784138,1.0900000000000004e-06,256712.98989314478
53824.8868999643,0.8938898851116165,1.0900000000000004e-06,255419.19216839605
56361.519488283746,0.8922855545767616,1.0900000000000004e-06,254083.02701361838
59017.697417499854,0.8906671189875783,1.0900000000000004e-06,252702.69993960345
61799.05450931114,0.8890345761567593,1.0900000000000004e-06,251276.3323368838
64711.49008661898,0.8873879252023086,1.0900000000000004e-06,249801.95749476872
67761.18148531081,0.8857271665537536,1.0900000000000004e-06,248277.51643264972
70954.59715564255,0.8840523019582186,1.0900000000000004e-06,246700.85353473027
74298.51038099256,0.882363334486363,1.0900000000000004e-06,245069.7119789238
77800.01364310196,0.8806602685381704,1.0900000000000004e-06,243381.7289502107
81466.53366422794,0.8789431098486026,1.0900000000000004e-06,241634.4306283162
85305.84715814922,0.8772118654930958,1.0900000000000004e-06,239825.22693905592
89326.09732338166,0.8754665438929184,1.0900000000000004e-06,237951.40605823614
93535.8111136119,0.8737071548203691,1.0900000000000004e-06,236010.12865643177
97943.91732194892,0.8719337094038253,1.0900000000000004e-06,233998.42187244672
102559.76551735097,0.8701462201326345,1.0900000000000004e-06,231913.1730026672
107393.14587337775,0.8683447008618462,1.0900000000000004e-06,229751.12289292485
112454.30993131411,0.8665291668167834,1.0900000000000004e-06,227508.85901885346
117753.99234169106,0.8646996345974515,1.0900000000000004e-06,225182.80824006358
123303.43363030568,0.8628561221827806,1.0900000000000004e-06,222769.22921276672
129114.4040370108,0.8609986489347022,1.0900000000000004e-06,220264.2044447585
135199.22847782922,0.8591272356020515,1.0900000000000004e-06,217663.63197590748
141570.8126832919,0.8572419043243062,1.0900000000000004e-06,214963.2166665192
148242.67056847806,0.8553426786351399,1.0900000000000004e-06,212158.46107507602
155228.9528927264,0.8534295834658077,1.0900000000000004e-06,209244.65590603533
162544.47726982605,0.8515026451483494,1.0900000000000004e-06,206216.87000741245
170204.7595923037,0.8495618914186132,1.0900000000000004e-06,203069.9398969425
178226.04693643015,0.847607351419096,1.0900000000000004e-06,199798.45879461372
186625.35201772096,0.8456390557015994,1.0900000000000004e-06,196396.76513831294
195420.48926997776,0.843657036229698,1.0900000000000004e-06,192858.93055823303
204630.1126243651,0.8416613263810203,1.0900000000000004e-06,189178.74728454498
214273.75506862203,0.8396519609493369,1.0900000000000004e-06,185349.71496163262
224371.87007028016,0.8376289761464578,1.0900000000000004e-06,181365.0268409334
234945.8749517059,0.8355924096039328,1.0900000000000004e-06,177217.55532311104
246018.19630892872,0.8335423003745582,1.0900000000000004e-06,172899.83681890694
257612.3175705484,0.831478688933682,1.0900000000000004e-06,168404.05589657003
269752.8287975425,0.8294016171803108,1.0900000000000004e-06,163722.0286822597
282465.47882960556,0.8273111284380061,1.0900000000000004e-06,158845.18547820667
295777.2298882601,0.8252072674556181,1.0900000000000004e-06,153764.55256190043
309716.3147532815,0.8230900804077276,1.0900000000000004e-06,148470.73312741605
324312.2966325719,0.820959614894971,1.0900000000000004e-06,142953.88732888913
339596.1318532372,0.8188159199441093,1.0900000000000004e-06,137203.71138351085
355600.2355063911,0.8166590460078976,1.0900000000000004e-06,131209.4156898872
372358.5501849888,0.8144890449647374,1.0900000000000004e-06,124959.7019153209
389906.6179602601,0.8123059701181239,1.0900000000000004e-06,118442.73900349853
408281.6557494598,0.8101098761958705,1.0900000000000004e-06,111646.13805166945
427522.6342346024,0.8079008193491215,1.0900000000000004e-06,104556.9260040993
447670.36049951985,0.8056788571511435,1.0900000000000004e-06,97161.51810601426
468767.5645603632,0.8034440485959006,1.0900000000000004e-06,89445.68905966499
490858.9899730071,0.8011964540964059,1.0900000000000004e-06,81394.54282135412
513991.48870937695,0.798936135482854,1.0900000000000004e-06,72992.4809754229
538214.1205038211,0.7966631560005272,1.0900000000000004e-06,64223.1696181535
563578.2568800546,0.7943775803074816,1.0900000000000004e-06,55069.50468141341
590137.6900792688,0.7920794744720007,1.0900000000000004e-06,45513.57562250688
617948.7471201047,0.7897689059698304,1.0900000000000004e-06,35536.627403338236
647070.4092324015,0.787445943681181,1.0900000000000004e-06,25119.020678245604
677564.4369177477,0.7851106578875021,1.0900000000000004e-06,14240.190106164162
709495.5009019233,0.7827631202680267,1.0900000000000004e-06,2878.600698755373
742931.3192567377,0.7804034038960874,1.0900000000000004e-06,-8988.297887999064
777942.8009818976,0.7780315832351976,1.0900000000000004e-06,-21384.11921561807
814604.1963511407,0.7756477341349032,1.0900000000000004e-06,-34333.59017976772
852993.2543412976,0.7732519338263998,1.0900000000000004e-06,-47862.603487955595
893191.3874778539,0.770844260917916,1.0900000000000004e-06,-61998.2726094633
935386.6449461314,0.7684190066974094,1.0900000000000004e-06,-76805.02638956398
979470.0269217874,0.7659876674418765,1.0900000000000004e-06,-92243.01587243794
1025630.9946831288,0.763544695352172,1.0900000000000004e-06,-108377.0913921831
1073967.461831687,0.7610901743932491,1.0900000000000004e-06,-125239.86513862081
1124581.9564948666,0.758624189878303,1.0900000000000004e-06,-142865.48706455712
1177581.8388018515,0.7561468284627009,1.0900000000000004e-06,-161289.7173796078
1233079.5286088325,0.7536581781376747,1.0900000000000004e-06,-180550.00246053608
1291192.7439565966,0.7511583282237778,1.0900000000000004e-06,-200685.55433911702
1352044.7507662703,0.7486473693641006,1.0900000000000004e-06,-221737.4339361267
1415764.6243028664,0.7461253935172492,1.0900000000000004e-06,-243748.63821800472
1482487.5229612298,0.7435924939500853,1.0900000000000004e-06,-266764.1914610567
1552354.974955109,0.7410487652302277,1.0900000000000004e-06,-290831.2408167711
1625515.178517475,0.7384943032183134,1.0900000000000004e-06,-315999.15638095856
1702123.3162488444,0.7359292050600232,1.0900000000000004e-06,-342319.6359789656
1782341.8842803764,0.7333535691778659,1.0900000000000004e-06,-369846.81488921854
1866341.0369499556,0.7307674952627262,1.0900000000000004e-06,-398637.38073783665
1954298.9477223589,0.7281710842651739,1.0900000000000004e-06,-428750.6938080115
2046402.1871190555,0.7255644383865345,1.0900000000000004e-06,-460248.9130193384
2142846.1184593025,0.7229476610697254,1.0900000000000004e-06,-493197.12784431636
2243835.312251937,0.7203208569898513,1.0900000000000004e-06,-527663.4964418227
2349583.980116848,0.7176841320445662,1.0900000000000004e-06,-563719.3903005499
2460316.4291565497,0.7150375933441987,1.0900000000000004e-06,-601439.5456992174
2576267.5377416136,0.7123813492016414,1.0900000000000004e-06,-640902.2223048067
2697683.253719181,0.7097155091220073,1.0900000000000004e-06,-682189.3692452294
2824821.1161013325,0.7070401837920507,1.0900000000000004e-06,-725386.7990086856
2957950.8013398526,0.7043554850693562,1.0900000000000004e-06,-770584.3695385576
3097354.6953461333,0.7016615259712966,1.0900000000000004e-06,-817876.1749100883
3243328.492469571,0.6989584206637569,1.0900000000000004e-06,-867360.7449932954
3396181.8227049164,0.6962462844496314,1.0900000000000004e-06,-919141.2545256048
3556238.908458997,0.6935252337570892,1.0900000000000004e-06,-973325.7420376813
3723839.2522699237,0.6907953861276138,1.0900000000000004e-06,-1030027.3390968204
3899338.356937493,0.6880568602038142,1.0900000000000004e-06,-1089364.5103541447
4083108.479592276,0.6853097757170125,1.0900000000000004e-06,-1151461.304904761
4275539.4213029165,0.6825542534746053,1.0900000000000004e-06,-1216447.6194940594
4477039.353896444,0.6797904153472051,1.0900000000000004e-06,-1284459.4741284156
4688035.685745459,0.6770183842555569,1.0900000000000004e-06,-1355639.3006749218
4908975.968358587,0.6742382841572393,1.0900000000000004e-06,-1430136.2450622695
5140328.845697222,0.6714502400331435,1.0900000000000004e-06,-1508106.483723801
5382585.048232226,0.6686543778737386,1.0900000000000004e-06,-1589713.5549539414
5636258.433849029,0.6658508246651217,1.0900000000000004e-06,-1675128.705880832
5901887.077809106,0.6630397083748535,1.0900000000000004e-06,-1764531.2557911535
6180034.414079755,0.6602211579375854,1.0900000000000004e-06,-1858108.976577782
6471290.430453061,0.657395303240475,1.0900000000000004e-06,-1956058.4911172362
6776272.919989136,0.6545622751083964,1.0900000000000004e-06,-2058585.6904219456
7095628.7914379835,0.6517222052889434,1.0900000000000004e-06,-2165906.170452128
7430035.441419752,0.6488752264372323,1.0900000000000004e-06,-2278245.689513853
7780202.191273726,0.646021472100501,1.0900000000000004e-06,-2395840.647213413
8146871.791624019,0.6431610767025123,1.0900000000000004e-06,-2518938.585983997
8530821.997853225,0.640294175527759,1.0900000000000004e-06,-2647798.7162483972
8932867.219825853,0.6374209047054753,1.0900000000000004e-06,-2782692.466331714
9353860.249360854,0.6345414011934581,1.0900000000000004e-06,-2923904.058290481
9794694.069117393,0.631655802761698,1.0900000000000004e-06,-3071731.1108795907
10256303.746730786,0.6287642479758243,1.0900000000000004e-06,-3226485.270936004
10739668.418216344,0.6258668761803666,1.0900000000000004e-06,-3388492.874518486
11245813.364848107,0.622963827481835,1.0900000000000004e-06,-3558095.639205689
11775812.187917931,0.6200552427316216,1.0900000000000004e-06,-3735651.389021077
12330789.085987724,0.6171412635087276,1.0900000000000004e-06,-3921534.813522291
12911921.239465335,0.6142220321023163,1.0900000000000004e-06,-4116138.262665107
13520441.307562036,0.6112976914940976,1.0900000000000004e-06,-4319872.579127989
14157640.042927977,0.6083683853405457,1.0900000000000004e-06,-4533167.969862676
14824869.029511569,0.6054342579549514,1.0900000000000004e-06,-4756474.918719468
15523543.549450323,0.6024954542893166,1.0900000000000004e-06,-4990265.142083039
16255145.585073953,0.5995521199160888,1.0900000000000004e-06,-5235032.589545725
17021226.962387603,0.5966044010097434,1.0900000000000004e-06,-5491294.491740901
17823412.642702892,0.5936524443282137,1.0900000000000004e-06,-5759592.4575590035
18663404.16939864,0.590696397194174,1.0900000000000004e-06,-6040493.6230735
19542983.27712263,0.5877364074761784,1.0900000000000004e-06,-6334591.854613911
20464015.671089552,0.5847726235696585,1.0900000000000004e-06,-6642509.008537601
21428454.98449199,0.581805194377785,1.0900000000000004e-06,-6964896.250372625
22438346.922418278,0.5788342692921941,1.0900000000000004e-06,-7302435.436129581
23495833.601067342,0.5758599981735846,1.0900000000000004e-06,-7655840.558712483
24603158.091464277,0.5728825313321881,1.0900000000000004e-06,-8025859.262496598
25762669.17731485,0.5699020195081187,1.0900000000000004e-06,-8413274.429285955
26976826.33709049,0.5669186138515989,1.0900000000000004e-06,-8818905.839014385
28248204.960911956,0.5639324659030761,1.0900000000000004e-06,-9243611.908712832
29579501.813297067,0.5609437275732234,1.0900000000000004e-06,-9688291.51343137
30973540.7533598,0.5579525511228353,1.0900000000000004e-06,-10153885.892978393
32433278.724594124,0.5549590891426185,1.0900000000000004e-06,-10641380.6485214
33961812.026947506,0.5519634945328854,1.0900000000000004e-06,-11151807.833284372
35562382.88448822,0.5489659204831491,1.0900000000000004e-06,-11686248.141776456
37238386.322597414,0.5459665204516297,1.0900000000000004e-06,-12245833.202195583
38993377.36927301,0.5429654481446728,1.0900000000000004e-06,-12831747.976869391
40831078.59582075,0.5399628574960825,1.0900000000000004e-06,-13445233.275825238
42755388.01292705,0.5369589026463804,1.0900000000000004e-06,-14087588.388820827
44770387.33886223,0.5339537379219841,1.0900000000000004e-06,-14760173.841418304
46880350.65735229,0.5309475178143209,1.0900000000000004e-06,-15464414.280947916
49089753.483483426,0.5279403969588714,1.0900000000000004e-06,-16201801.49848259
51403282.256869674,0.5249325301141535,1.0900000000000004e-06,-16973897.593233574
53825844.28221962,0.5219240721406484,1.0900000000000004e-06,-17782338.286079124
56362578.13838749,0.518915177979674,1.0900000000000004e-06,-18628836.389254645
59018864.577988185,0.5159060026322098,1.0900000000000004e-06,-19515185.439564195
61800337.940694526,0.5128967011376774,1.0900000000000004e-06,-20443263.502819374
64712898.104427435,0.5098874285526825,1.0900000000000004e-06,-21415037.15757591
67762722.999788,0.5068783399297215,1.0900000000000004e-06,-22432565.66661749
70956281.71427634,0.5038695902958573,1.0900000000000004e-06,-23498005.345035277
74300348.21409386,0.5008613346313698,1.0900000000000004e-06,-24613614.134168487
77802015.71263343,0.4978537278483865,1.0900000000000004e-06,-25781756.391107664
81468711.71613616,0.4948469247694936,1.0900000000000004e-06,-27004907.903920162
85308213.77842806,0.4918410801063381,1.0900000000000004e-06,-28285661.143235553
89328665.99815415,0.48883634843822243,1.0900000000000004e-06,-29626730.761330213
93538596.29350396,0.4858328841906944,1.0900000000000004e-06,-31030959.350375727
97946934.4910691,0.4828308416141421,1.0900000000000004e-06,-32501323.47206458
102563031.26720281,0.479830374762394,1.0900000000000004e-06,-34040939.97140326
107396677.98205811,0.4768316374713324,1.0900000000000004e-06,-35653072.588064834
112458127.44837554,0.4738347833375214,1.0900000000000004e-06,-37341138.87932472
117758115.67907356,0.47083996569685765,1.0900000000000004e-06,-39108717.469264016
123307884.65977114,0.46784733760324687,1.0900000000000004e-06,-40959555.639616914
129119206.19454698,0.4648570518073104,1.0900000000000004e-06,-42897577.27836358
135204406.87551367,0.46186926073512935,1.0900000000000004e-06,-44926891.202928066
141576394.22917274,0.4588841164670264,1.0900000000000004e-06,-47051799.875636466
148248684.09500843,0.4559017707163946,1.0900000000000004e-06,-49276808.529921345
155235429.29439563,0.4529223748085768,1.0900000000000004e-06,-51606634.72663079
162551449.65063152,0.44994607965979816,1.0900000000000004e-06,-54046218.360712096
170212263.42376766,0.4469730357561596,1.0900000000000004e-06,-56600732.1394956
178234120.22692,0.4440033931326951,1.0900000000000004e-06,-59275592.55480432
186634035.49387726,0.44103730135249913,1.0900000000000004e-06,-62076471.372163214
195429826.5711167,0.43807490948592664,1.0900000000000004e-06,-65009307.66147746
204640150.5107855,0.4351163660898732,1.0900000000000004e-06,-68080320.39469919
214284543.6448092,0.4321618191871393,1.0900000000000004e-06,-71296021.63720334
224383463.02407163,0.42921141624588005,1.0900000000000004e-06,-74663230.36085388
234958329.81056172,0.42626530415915265,1.0900000000000004e-06,-78189086.90805906
246031574.7145309,0.4233236292245572,1.0900000000000004e-06,-81881068.13749668
257626685.57303604,0.4203865371239833,1.0900000000000004e-06,-85747003.28363465
269768257.17079157,0.4174541729034636,1.0900000000000004e-06,-89795090.56368788
282482043.4090055,0.4145266809531366,1.0900000000000004e-06,-94033914.56723635
295795011.9328559,0.4116042049873306,1.0900000000000004e-06,-98472464.4653901
309735401.3334829,0.4086868880247659,1.0900000000000004e-06,-103120153.07812588
324332781.0458255,0.40577487236888427,1.0900000000000004e-06,-107986836.8402388
339618114.06935817,0.40286829958830817,1.0900000000000004e-06,-113082836.70826058
355623822.6447647,0.3999673104974366,1.0900000000000004e-06,-118418960.05268994
372383857.0258558,0.3970720451371794,1.0900000000000004e-06,-124006523.58197114
389933767.4926108,0.3941826427558364,1.0900000000000004e-06,-129857377.34684709
408310779.75808764,0.3912992417901264,1.0900000000000004e-06,-135983929.87600166
427553873.92914957,0.3884219798463672,1.0900000000000004e-06,-142399174.49630785
447703867.18850017,0.38555099368181506,1.0900000000000004e-06,-149116716.89351174
468803500.37339956,0.38268641918616597,1.0900000000000004e-06,-156150803.97181022
490897528.6347102,0.37982839136322327,1.0900000000000004e-06,-163516354.07353848
514032816.3685717,0.3769770443127364,1.0900000000000004e-06,-171228988.6230674
538258436.6220694,0.3741325112124133,1.0900000000000004e-06,-179305065.26203156
563625775.1837473,0.3712949243001147,1.0900000000000004e-06,-187761712.54617262
590188639.579753,0.36846441485622883,1.0900000000000004e-06,-196616866.27739286
618003373.2068144,0.36564111318623727,1.0900000000000004e-06,-205889307.5480861
647128974.8441427,0.3628251486034695,1.0900000000000004e-06,-215598702.57844406
677627223.7977465,0.36001664941205497,1.0900000000000004e-06,-225765644.43123296
709562810.9426291,0.357215742890075,1.0900000000000004e-06,-236411696.69253078
743003475.9408023,0.3544225552729175,1.0900000000000004e-06,-247559439.21107087
778020150.926196,0.3516372117368407,1.0900000000000004e-06,-259232515.99321616
814687110.9612215,0.34885983638274826,1.0900000000000004e-06,-271455685.3551525
853082131.5841386,0.34609055222017754,1.0900000000000004e-06,-284254872.43868226
893286653.7813976,0.3433294811515118,1.0900000000000004e-06,-297657224.20200974
935385956.7348939,0.34057674395640997,1.0900000000000004e-06,-311691167.00216454
979469338.7105433,0.3378324602764663,1.0900000000000004e-06,-326386466.8911975
1025630306.4718772,0.3350967486000996,1.0900000000000004e-06,-341774292.7540508
1073966773.6204288,0.33236972624767386,1.0900000000000004e-06,-357887282.4220244
1124581268.2836006,0.3296515093568593,1.0900000000000004e-06,-374759611.9020697
1177581150.5905774,0.3269422128682318,1.0900000000000004e-06,-392427067.8687649
1233078840.3975513,0.324241950511115,1.0900000000000004e-06,-410927123.5727278
1291192055.745307,0.32155083478967283,1.0900000000000004e-06,-430299018.32648164
1352044062.5549705,0.3188689769692483,1.0900000000000004e-06,-450583840.7363757
1415763936.0915585,0.31619648706295844,1.0900000000000004e-06,-471824615.85710573
1482486834.7499115,0.3135334738185447,1.0900000000000004e-06,-494066396.4536957
1552354286.7437792,0.3108800447054821,1.0900000000000004e-06,-517356358.5645302
1625514490.306135,0.30823630590235046,1.0900000000000004e-06,-541743901.56813
1702122628.0374928,0.3056023622844734,1.0900000000000004e-06,-567280752.9659275
1782341196.0690122,0.30297831741182046,1.0900000000000004e-06,-594021078.1033063
1866340348.7385795,0.30036427351718503,1.0900000000000004e-06,-622021595.0616313
1954298259.5109706,0.29776033149463066,1.0900000000000004e-06,-651341694.9649734
2046401498.9076536,0.29516659088821623,1.0900000000000004e-06,-682043567.9567139
2142845430.2478871,0.29258314988099793,1.0900000000000004e-06,-714192335.1132466
2243834624.0405054,0.29001010528431187,1.0900000000000004e-06,-747856186.574577
2349583291.905402,0.28744755252734044,1.0900000000000004e-06,-783106526.1848199
2460315740.945087,0.28489558564696094,1.0900000000000004e-06,-820018122.9493878
2576266849.5301323,0.2823542972778856,1.0900000000000004e-06,-858669269.6301427
2697682565.5076833,0.2798237786430869,1.0900000000000004e-06,-899141948.8149027
2824820427.8898163,0.27730411954451567,1.0900000000000004e-06,-941522006.8135643
2957950113.1283145,0.2747954083541133,1.0900000000000004e-06,-985899335.7496969
3097354007.1345754,0.2722977320051168,1.0900000000000004e-06,-1032368064.2338479
3243327804.2579937,0.2698111759836615,1.0900000000000004e-06,-1081026757.023006
3396181134.4933157,0.26733582432068187,1.0900000000000004e-06,-1131978624.0897229
3556238220.2473702,0.26487175958411274,1.0900000000000004e-06,-1185331739.5443578
3723838564.0582743,0.26241906287138916,1.0900000000000004e-06,-1241199270.874816
3899337668.7258167,0.2599778138022531,1.0900000000000004e-06,-1299699718.9900117
4083107791.3805723,0.25754809051185984,1.0900000000000004e-06,-1360957169.5762424
4275538733.0911856,0.2551299696441918,1.0900000000000004e-06,-1425101556.299617
4477038665.684682,0.2527235263457782,1.0900000000000004e-06,-1492268936.4128308
4688034997.533667,0.250328834259721,1.0900000000000004e-06,-1562601779.3508985
4908975280.146758,0.24794596552002998,1.0900000000000004e-06,-1636249268.9279654
5140328157.485362,0.24557499074626632,1.0900000000000004e-06,-1713367619.7762382
5382584360.02033,0.24321597903849496,1.0900000000000004e-06,-1794120408.6982024
5636257745.637097,0.24086899797254996,1.0900000000000004e-06,-1878678921.635004
5901886389.597137,0.23853411359560728,1.0900000000000004e-06,-1967222516.986937
6180033725.867744,0.23621139042207123,1.0900000000000004e-06,-2059939006.0567033
6471289742.24101,0.23390089142977252,1.0900000000000004e-06,-2157025051.422407
6776272231.77703,0.23160267805647725,1.0900000000000004e-06,-2258686584.085293
7095628103.225836,0.22931681019670855,1.0900000000000004e-06,-2365139240.2770534
7430034753.207554,0.22704334619888145,1.0900000000000004e-06,-2476608818.853222
7780201503.061476,0.2247823428627491,1.0900000000000004e-06,-2593331760.242858
8146871103.4117155,0.2225338554371617,1.0900000000000004e-06,-2715555647.9704385
8530821309.640866,0.2202979376181367,1.0900000000000004e-06,-2843539733.8137393
8932866531.613438,0.21807464154724265,1.0900000000000004e-06,-2977555487.711652
9353859561.14838,0.21586401781029266,1.0900000000000004e-06,-3117887173.5883565
9794693380.904852,0.21366611543635014,1.0900000000000004e-06,-3264832452.3152456
10256303058.518175,0.21148098189704403,1.0900000000000004e-06,-3418703013.0895762
10739667730.003656,0.20930866310619564,1.0900000000000004e-06,-3579825234.569076
11245812676.635353,0.2071492034197517,1.0900000000000004e-06,-3748540877.1648674
11775811499.7051,0.20500264563602985,1.0900000000000004e-06,-3925207807.9611382
12330788397.774803,0.2028690309962672,1.0900000000000004e-06,-4110200759.7992477
12911920551.25233,0.2007483991854795,1.0900000000000004e-06,-4303912126.136348
13520440619.348942,0.19864078833362234,1.0900000000000004e-06,-4506752793.364531
14157639354.714775,0.1965462350170589,1.0900000000000004e-06,-4719153012.35599
14824868341.298279,0.19446477426032938,1.0900000000000004e-06,-4941563311.082833
15523542861.236937,0.19239643953822338,1.0900000000000004e-06,-5174455450.247315
16255144896.860449,0.19034126277815058,1.0900000000000004e-06,-5418323423.949574
17021226274.173986,0.1882992743628126,1.0900000000000004e-06,-5673684507.515377
17823411954.48915,0.18627050313317023,1.0900000000000004e-06,-5941080354.706435
18663403481.184784,0.18425497639170602,1.0900000000000004e-06,-6221078146.640679
19542982588.908634,0.1822527199059826,1.0900000000000004e-06,-6514271794.859482
20464014982.87543,0.18026375791249033,1.0900000000000004e-06,-6821283201.093672
21428454296.277714,0.17828811312078638,1.0900000000000004e-06,-7142763576.400485
22438346234.203854,0.17632580671792172,1.0900000000000004e-06,-7479394822.469567
23495832912.852764,0.17437685837315287,1.0900000000000004e-06,-7831890978.027872
24603157403.24955,0.1724412862429387,1.0900000000000004e-06,-8200999733.41155
25762668489.09996,0.17051910697621733,1.0900000000000004e-06,-8587504016.517426
26976825648.87541,0.1686103357199631,1.0900000000000004e-06,-8992223653.498005
28248204272.696667,0.16671498612501953,1.0900000000000004e-06,-9416017107.722704
29579501125.08159,0.16483307035220668,1.0900000000000004e-06,-9859783300.693756
30973540065.14414,0.16296459907870042,1.0900000000000004e-06,-10324463518.779215
32433278036.378246,0.16110958150467936,1.0900000000000004e-06,-10811043409.80758
33961811338.731377,0.1592680253602407,1.0900000000000004e-06,-11320555073.758972
35562382196.271866,0.15743993691257593,1.0900000000000004e-06,-11854079251.98759
37238385634.38083,0.15562532097341053,1.0900000000000004e-06,-12412747619.619001
38993376681.05617,0.15382418090669933,1.0900000000000004e-06,-12997745185.984806
40831077907.60364,0.15203651863657688,1.0900000000000004e-06,-13610312808.186338
42755387324.70964,0.15026233465556035,1.0900000000000004e-06,-14251749823.118917
44770386650.64454,0.1485016280329999,1.0900000000000004e-06,-14923416803.539608
46880349969.13427,0.14675439642377502,1.0900000000000004e-06,-15626738444.024445
49089752795.265076,0.1450206360772321,1.0900000000000004e-06,-16363206582.936655
51403281568.650986,0.1433003418463627,1.0900000000000004e-06,-17134383366.815819
53825843594.000565,0.1415935071972141,1.0900000000000004e-06,-17941904563.900127
56362577450.1681,0.13990012421853526,1.0900000000000004e-06,-18787483033.810097
59018863889.76839,0.13822018363164798,1.0900000000000004e-06,-19672912360.75349
61800337252.47428,0.13655367480054603,1.0900000000000004e-06,-20600070657.95785
64712897416.206795,0.1349005857422122,1.0900000000000004e-06,-21570924551.40051
67762722311.566895,0.13326090313715638,1.0900000000000004e-06,-22587533351.285866
70956281026.05475,0.13163461234016505,1.0900000000000004e-06,-23652053420.118458
74300347525.87181,0.13002169739126174,1.0900000000000004e-06,-24766742746.63697
77802015024.41083,0.12842214102687474,1.0900000000000004e-06,-25933965735.31094
81468711027.91306,0.1268359246912048,1.0900000000000004e-06,-27156198221.5598
85308213090.20438,0.1252630285477944,1.0900000000000004e-06,-28436032723.33157
89328665309.92987,0.12370343149128941,1.0900000000000004e-06,-29776183940.18106
93538595605.27907,0.12215711115939215,1.0900000000000004e-06,-31179494511.51163
97946933802.8436,0.12062404394500084,1.0900000000000004e-06,-32648941046.194366
102563030578.9765,0.11910420500853192,1.0900000000000004e-06,-34187640436.354553
107396677293.83118,0.11759756829042,1.0900000000000004e-06,-35798856468.71795
112458126760.14783,0.11610410652379265,1.0900000000000004e-06,-37486006747.53964
117758114990.84506,0.11462379124731442,1.0900000000000004e-06,-39252669943.801186
123307883971.54185,0.11315659281819798,1.0900000000000004e-06,-41102593386.05132
129119205506.3168,0.11170248042537534,1.0900000000000004e-06,-43039701008.992325
135204406187.28265,0.1102614221028266,1.0900000000000004e-06,-45068101676.671555
141576393540.94077,0.10883338474306252,1.0900000000000004e-06,-47192097897.93294
148248683406.77542,0.1074183341107547,1.0900000000000004e-06,-49416194952.61501
155235428606.1616,0.10601623485651043,1.0900000000000004e-06,-51745110447.85361
162551448962.39645,0.10462705053078698,1.0900000000000004e-06,-54183784324.75891
170212262735.53143,0.10325074359794154,1.0900000000000004e-06,-56737389336.69286
178234119538.68265,0.10188727545041215,1.0900000000000004e-06,-59411342021.372665
186634034805.63858,0.10053660642302535,1.0900000000000004e-06,-62211314190.07329
195429825882.87668,0.09919869580742466,1.0900000000000004e-06,-65143244958.29963
204640149822.54407,0.09787350186661854,1.0900000000000004e-06,-68213353343.44685
214284542956.56662,0.09656098184963983,1.0900000000000004e-06,-71428151456.16997
224383462335.82742,0.0952610920063144,1.0900000000000004e-06,-74794458313.44339
234958329122.31592,0.09397378760213347,1.0900000000000004e-06,-78319414302.61064
246031574026.2834,0.09269902293322596,1.0900000000000004e-06,-82010496327.10275
257626684884.78683,0.09143675134142548,1.0900000000000004e-06,-85875533665.953
269768256482.54077,0.09018692522942731,1.0900000000000004e-06,-89922724580.74747
282482042720.7527,0.08894949607603223,1.0900000000000004e-06,-94160653705.2368
295795011244.60114,0.0877244144514706,1.0900000000000004e-06,-98598310254.49564
309735400645.22614,0.0865116300328041,1.0900000000000004e-06,-103245107092.25273
324332780357.5663,0.08531109161939948,1.0900000000000004e-06,-108110900696.8366
339618113381.09705,0.0841227471484692,1.0900000000000004e-06,-113206012068.08829
355623821956.5011,0.08294654371067685,1.0900000000000004e-06,-118541248619.58487
372383856337.5897,0.08178242756579945,1.0900000000000004e-06,-124127927102.61324
389933766804.3422,0.0806303441584453,1.0900000000000004e-06,-129977897610.51648
408310779069.816,0.07949023813382075,1.0900000000000004e-06,-136103568714.33067
427553873240.8753,0.0783620533535417,1.0900000000000004e-06,-142517933783.02777
447703866500.22314,0.07724573291148705,1.0900000000000004e-06,-149234598544.19278
468803499685.1195,0.07614121914968698,1.0900000000000004e-06,-156267809943.59668
490897527946.4264,0.07504845367424326,1.0900000000000004e-06,-163632486364.87802
514032815680.2846,0.07396737737127779,1.0900000000000004e-06,-171344249273.43512
538258435933.7791,0.07289793042290238,1.0900000000000004e-06,-179419456351.64795
563625774495.453,0.07184005232320877,1.0900000000000004e-06,-187875236195.71603
590188638891.4545,0.07079368189427088,1.0900000000000004e-06,-196729524647.7075
618003372518.5126,0.06975875730215891,1.0900000000000004e-06,-206001102839.88425
647128974155.8357,0.06873521607295684,1.0900000000000004e-06,-215709637032.0015
677627223109.4355,0.06772299510878257,1.0900000000000004e-06,-225875720326.0825
709562810254.3126,0.06672203070380413,1.0900000000000004e-06,-236520916347.1468
743003475252.4814,0.06573225856024888,1.0900000000000004e-06,-247667804982.55237
778020150237.8696,0.06475361380440102,1.0900000000000004e-06,-259340030276.96152
814687110272.8904,0.06378603100258355,1.0900000000000004e-06,-271562350584.53198
853082130895.8016,0.06282944417711994,1.0900000000000004e-06,-284360691084.70325
893286653093.0546,0.06188378682227256,1.0900000000000004e-06,-297762198772.97943
935385956046.5444,0.06094899192015221,1.0900000000000004e-06,-311795300043.34607
979469338022.1871,0.06002499195659633,1.0900000000000004e-06,-326489760984.4624
1025630305783.5149,0.05911171893701079,1.0900000000000004e-06,-341876750517.52673
1073966772932.0585,0.058209104402171766,1.0900000000000004e-06,-357988906509.73676
1124581267595.2234,0.05731707944398368,1.0900000000000004e-06,-374860405003.58234
1177581149902.193,0.056435574721189694,1.0900000000000004e-06,-392527032708.81213
1233078839709.1584,0.05556452047503039,1.0900000000000004e-06,-411026262910.8447
1291192055056.9045,0.05470384654484665,1.0900000000000004e-06,-430397334956.6298
1352044061866.5598,0.05385348238362462,1.0900000000000004e-06,-450681337486.56506
1415763935403.1372,0.05301335707347681,1.0900000000000004e-06,-471921295589.00995
1482486834061.482,0.05218339934105776,1.0900000000000004e-06,-494162262062.2679
1552354286055.339,0.051363537572908693,1.0900000000000004e-06,-517451412977.60925
1625514489617.6843,0.05055369983072991,1.0900000000000004e-06,-541838147746.0478
1702122627349.0312,0.04975381386657519,1.0900000000000004e-06,-567374193901.1102
1782341195380.5383,0.04896380713796676,1.0900000000000004e-06,-594113716819.8715
1866340348050.0935,0.048183606822925495,1.0900000000000004e-06,-622113434614.9833
1954298258822.4712,0.04741313983491509,1.0900000000000004e-06,-651432738441.3927
2046401498219.1414,0.04665233283769533,1.0900000000000004e-06,-682133818472.9453
2142845429559.36,0.04590111226008177,1.0900000000000004e-06,-714281795816.0828
2243834623351.9644,0.04515940431060918,1.0900000000000004e-06,-747944860640.4396
2349583291216.844,0.04442713499209519,1.0900000000000004e-06,-783194416819.335
2460315740256.5127,0.043704230116100515,1.0900000000000004e-06,-820105233386.9629
2576266848841.5415,0.04299061531728444,1.0900000000000004e-06,-858755603133.5367
2697682564819.073,0.04228621606765074,1.0900000000000004e-06,-899227508674.7931
2824820427201.1885,0.04159095769068276,1.0900000000000004e-06,-941606796348.1155
2957950112439.6675,0.04090476537536373,1.0900000000000004e-06,-985983358304.12
3097354006445.9087,0.0402275641900805,1.0900000000000004e-06,-1032451323179.9623
3243327803569.303,0.039559279096407066,1.0900000000000004e-06,-1081109255758.7955
3396181133804.604,0.03889983496276621,1.0900000000000004e-06,-1132060366038.8943
3556238219558.6343,0.03824915657796633,1.0900000000000004e-06,-1185412728155.8884
3723838563369.5146,0.03760716866461071,1.0900000000000004e-06,-1241279509622.5083
3899337668037.031,0.0369737958923772,1.0900000000000004e-06,-1299779211372.039
4083107790691.7627,0.0363489628911659,1.0900000000000004e-06,-1361035919114.6968
4275538732402.343,0.03573259426411256,1.0900000000000004e-06,-1425179566540.0488
4477038664995.8125,0.03512461460046507,1.0900000000000004e-06,-1492346210923.7986
4688034996844.764,0.03452494848832183,1.0900000000000004e-06,-1562678321723.4998
4908975279457.822,0.03393352052722904,1.0900000000000004e-06,-1636325082775.384
5140328156796.393,0.033350255340634835,1.0900000000000004e-06,-1713442708733.2761
5382584359331.326,0.032775077588199295,1.0900000000000004e-06,-1794194776420.816
5636257744948.055,0.03220791197795773,1.0900000000000004e-06,-1878752571799.8374
5901886388908.052,0.031648683278335,1.0900000000000004e-06,-1967295453290.8545
6180033725178.62,0.031097316330010033,1.0900000000000004e-06,-2060011232216.3242
6471289741551.839,0.030553736057628695,1.0900000000000004e-06,-2157096571173.6296
6776272231087.822,0.030017867481362658,1.0900000000000004e-06,-2258757401182.8315
7095628102536.58,0.029489635728313444,1.0900000000000004e-06,-2365209358493.9565
7430034752518.245,0.028968966043759935,1.0900000000000004e-06,-2476678241980.4043
7780201502372.115,0.02845578380224808,1.0900000000000004e-06,-2593400492088.6304
8146871102722.302,0.02795001451852108,1.0900000000000004e-06,-2715623692360.0293
8530821308951.395,0.02745158385828914,1.0900000000000004e-06,-2843607094588.819
8932866530923.906,0.02696041764883729,1.0900000000000004e-06,-2977622168729.8594
9353859560458.783,0.026476441889470462,1.0900000000000004e-06,-3117953178722.8228
9794693380215.191,0.025999582761794586,1.0900000000000004e-06,-3264897785454.121
10256303057828.445,0.025529766639832183,1.0900000000000004e-06,-3418767678135.547
10739667729313.86,0.025066920099972644,1.0900000000000004e-06,-3579889235438.8955
11245812675945.486,0.024610969930755035,1.0900000000000004e-06,-3748604217788.8716
11775811499015.143,0.024161843142483888,1.0900000000000004e-06,-3925270492282.7715
12330788397084.775,0.023719466976675718,1.0900000000000004e-06,-4110262791774.599
12911920550562.213,0.02328376891533709,1.0900000000000004e-06,-4303973509733.653
13520440618658.736,0.022854676690072743,1.0900000000000004e-06,-4506813532563.715
14157639354024.486,0.022432118291023144,1.0900000000000004e-06,-4719213111148.1875
14824868340607.885,0.022016021975631694,1.0900000000000004e-06,-4941622773469.9
15523542860546.428,0.021606316277240144,1.0900000000000004e-06,-5174514280241.373
16255144896169.846,0.021202930013512956,1.0900000000000004e-06,-5418381625572.539
17021226273483.271,0.02080579229468927,1.0900000000000004e-06,-5673742084798.464
17823411953798.312,0.020414832531663037,1.0900000000000004e-06,-5941137311689.703
18663403480493.82,0.02002998044389045,1.0900000000000004e-06,-6221134487372.564
19542982588217.55,0.019651166067125265,1.0900000000000004e-06,-6514327523396.319
20464014982184.203,0.01927831976098126,1.0900000000000004e-06,-6821338321499.224
21428454295586.332,0.018911372216322303,1.0900000000000004e-06,-7142818092745.483
22438346233512.336,0.018550254462479838,1.0900000000000004e-06,-7479448738831.252
23495832912161.082,0.018194897874297924,1.0900000000000004e-06,-7831944298489.505
24603157402557.707,0.01784523417900622,1.0900000000000004e-06,-8201052462061.978
25762668488407.95,0.017501195462920664,1.0900000000000004e-06,-8587556157450.604
26976825648183.207,0.017162714177972747,1.0900000000000004e-06,-8992275210812.533
28248204272004.3,0.0168297231480671,1.0900000000000004e-06,-9416068085521.396
29579501124389.008,0.016502155575268258,1.0900000000000004e-06,-9859833703083.139
30973540064451.355,0.016179945045816685,1.0900000000000004e-06,-10324513349869.125
32433278035685.242,0.01586302553597493,1.0900000000000004e-06,-10811092673710.672
33961811338038.145,0.015551331417704158,1.0900000000000004e-06,-11320603774590.291
35562382195578.4,0.01524479746417151,1.0900000000000004e-06,-11854127393864.117
37238385633687.12,0.014943358855089694,1.0900000000000004e-06,-12412795206659.205
38993376680362.2,0.014646951181888534,1.0900000000000004e-06,-12997792222308.21
40831077906909.38,0.014355510452719867,1.0900000000000004e-06,-13610359297913.062
42755387324015.13,0.014068973097296373,1.0900000000000004e-06,-14251795770369.273
44770386649949.73,0.013787275971565269,1.0900000000000004e-06,-14923462212433.617
46880349968439.14,0.01351035636221749,1.0900000000000004e-06,-15626783318681.441
49089752794569.6,0.013238151991033778,1.0900000000000004e-06,-16363250927474.836
51403281567955.195,0.012970601019068124,1.0900000000000004e-06,-17134427185351.855
53825843593304.414,0.012707642050669942,1.0900000000000004e-06,-17941947860548.676
56362577449471.56,0.012449214137345888,1.0900000000000004e-06,-18787525812683.42
59018863889071.42,0.01219525678146248,1.0900000000000004e-06,-19672954625961.04
61800337251776.95,0.011945709939790586,1.0900000000000004e-06,-20600112413605.863
64712897415509.04,0.011700514026893207,1.0900000000000004e-06,-21570965801591.543
67762722310868.65,0.011459609918357334,1.0900000000000004e-06,-22587574100118.418
70956281025356.11,0.011222938953871622,1.0900000000000004e-06,-23652093671686.613
74300347525172.61,0.010990442940150802,1.0900000000000004e-06,-24766782505029.88
77802015023711.14,0.010762064153708503,1.0900000000000004e-06,-25934005004612.566
81468711027212.78,0.010537745343479418,1.0900000000000004e-06,-27156237005848.38
85308213089503.56,0.010317429733292718,1.0900000000000004e-06,-28436071026679.348
89328665309228.44,0.010101061024197774,1.0900000000000004e-06,-29776221766653.805
93538595604577.0,0.009888583396643672,1.0900000000000004e-06,-31179531865168.3
