ell,delta_Cl_rel
0,0.0
1,0.0
2,-8.924805920433609e-06
3,-6.2146637501099305e-06
4,-4.006556689280826e-06
5,-2.624777727391376e-06
6,-1.8652706074101757e-06
7,-1.142295384680218e-06
8,-4.2112977576319113e-07
9,-1.2741399852215375e-07
10,-2.4718941940783476e-07
11,-4.555874375437525e-07
12,-4.1184476915188376e-07
13,-1.3912225657356698e-07
14,-5.029242380460026e-08
15,-2.2372564288894665e-07
16,-3.765242214542683e-07
17,-4.030512965247551e-07
18,-2.993803803271215e-07
19,-1.9476363684121996e-07
20,-2.0611549820422096e-07
21,-2.90767262585736e-07
22,-3.753662432771315e-07
23,-4.0803327700179985e-07
24,-3.656127660009818e-07
25,-3.118833883649016e-07
26,-3.071810473747131e-07
27,-3.255437304045881e-07
28,-3.3275140390165034e-07
29,-3.3724057347230465e-07
30,-3.4990059289367736e-07
31,-3.538516070482845e-07
32,-3.355202895664507e-07
33,-3.1989421658532887e-07
34,-3.3128284609474856e-07
35,-3.6004896246473e-07
36,-3.904682929625705e-07
37,-4.107450931027982e-07
38,-4.143697994641864e-07
39,-4.0961602845937633e-07
40,-4.077993807153618e-07
41,-4.1693488545247473e-07
42,-4.341495888743269e-07
43,-4.541708564461863e-07
44,-4.72012866574937e-07
45,-4.829674829781168e-07
46,-4.840868969852092e-07
47,-4.783231427433156e-07
48,-4.698825194193609e-07
49,-4.6273239445783985e-07
50,-4.60596938175348e-07
51,-4.656280929815896e-07
52,-4.74518400038999e-07
53,-4.828222324140782e-07
54,-4.863217751698729e-07
55,-4.81025697650917e-07
56,-4.647356808293441e-07
57,-4.417361467483375e-07
58,-4.1769849348621536e-07
59,-3.9800080193784476e-07
60,-3.877113934247233e-07
61,-3.899025882862946e-07
62,-4.0071169780308285e-07
63,-4.1480106699134956e-07
64,-4.2711271188555606e-07
65,-4.328473151301012e-07
66,-4.2884790096630687e-07
67,-4.176363670518354e-07
68,-4.0296961165859695e-07
69,-3.884143756915027e-07
70,-3.773505627396786e-07
71,-3.7222479683398834e-07
72,-3.7233936661706894e-07
73,-3.7629000299415383e-07
74,-3.8275869894238663e-07
75,-3.9049223176327133e-07
76,-3.983918522441078e-07
77,-4.0576141459747316e-07
78,-4.120015096309095e-07
79,-4.1653149690185187e-07
80,-4.188044929299196e-07
81,-4.1844183419341687e-07
82,-4.1564222985264546e-07
83,-4.1073982673219893e-07
84,-4.04049633859364e-07
85,-3.958737718271633e-07
86,-3.865395382684678e-07
87,-3.7652053541422407e-07
88,-3.6630435922543943e-07
89,-3.56350553273787e-07
90,-3.4709788329612005e-07
91,-3.3887996543169644e-07
92,-3.3168715400897535e-07
93,-3.254267457751981e-07
94,-3.200128691966681e-07
95,-3.1536039801198393e-07
96,-3.113905537808287e-07
97,-3.0802692041227654e-07
98,-3.0519543293984823e-07
99,-3.028285483192813e-07
100,-3.008573695986583e-07
101,-2.992184252569461e-07
102,-2.978501410489635e-07
103,-2.966951706055912e-07
104,-2.9569707128756e-07
105,-2.948026228793785e-07
106,-2.9396092190948863e-07
107,-2.9312329177441474e-07
108,-2.922439257649382e-07
109,-2.912768523600815e-07
110,-2.9018028577932187e-07
111,-2.8892393710061874e-07
112,-2.8751918715876747e-07
113,-2.859878166776816e-07
114,-2.84350722772928e-07
115,-2.826279538541297e-07
116,-2.808380985166152e-07
117,-2.789996423456182e-07
118,-2.771309477361992e-07
119,-2.7524838758304e-07
120,-2.7336829473280036e-07
121,-2.715063443734756e-07
122,-2.696781693388724e-07
123,-2.6789761447613076e-07
124,-2.661785583656501e-07
125,-2.6453489049462627e-07
126,-2.62978851842027e-07
127,-2.615233036739174e-07
128,-2.601800768953871e-07
129,-2.589600342557241e-07
130,-2.578746813860428e-07
131,-2.5693772031014467e-07
132,-2.561712409136694e-07
133,-2.5560112568717506e-07
134,-2.552508589645382e-07
135,-2.551440920928601e-07
136,-2.5530270459761036e-07
137,-2.55748808377789e-07
138,-2.565033186106921e-07
139,-2.5758696293407454e-07
140,-2.5901840997405777e-07
141,-2.6081764535042056e-07
142,-2.63003142140135e-07
143,-2.6559238079946404e-07
144,-2.686037766302893e-07
145,-2.7205386654120927e-07
146,-2.75960679714414e-07
147,-2.8034043732805425e-07
148,-2.852094955336424e-07
149,-2.905839037203213e-07
150,-2.964794388715138e-07
151,-3.02902957462877e-07
152,-3.0982284766415436e-07
153,-3.1720105698636e-07
154,-3.2499981754854376e-07
155,-3.3318312999239284e-07
156,-3.417150925844201e-07
157,-3.505631306167578e-07
158,-3.59693553019562e-07
159,-3.6907539353226337e-07
160,-3.786781372206063e-07
161,-3.884734487548439e-07
162,-3.9843276150860047e-07
163,-4.08528383591082e-07
164,-4.187347485482917e-07
165,-4.2902520866679964e-07
166,-4.3937516130918664e-07
167,-4.4976008807375214e-07
168,-4.6015615054642765e-07
169,-4.705401543857748e-07
170,-4.808895145727174e-07
171,-4.911829479360353e-07
172,-5.013975464408101e-07
173,-5.115138176449436e-07
174,-5.21511318106653e-07
175,-5.313692822414941e-07
176,-5.410752121942744e-07
177,-5.506413234490599e-07
178,-5.600866784374289e-07
179,-5.694284337012429e-07
180,-5.78684223414905e-07
181,-5.878722251531393e-07
182,-5.970087153489133e-07
183,-6.061105331462681e-07
184,-6.151951492142763e-07
185,-6.242781305262224e-07
186,-6.333765677414367e-07
187,-6.425056471167174e-07
188,-6.516812570720507e-07
189,-6.609200518681685e-07
190,-6.702367780709774e-07
191,-6.796469626986332e-07
192,-6.891669795059934e-07
193,-6.988122307419354e-07
194,-7.085961597624259e-07
195,-7.185349825722937e-07
196,-7.286429886381985e-07
197,-7.389344192085535e-07
198,-7.494234835688488e-07
199,-7.601274002063344e-07
200,-7.710584186261108e-07
201,-7.822289840365611e-07
202,-7.936352641297792e-07
203,-8.052719532733849e-07
204,-8.171298273028072e-07
205,-8.292052577413994e-07
206,-8.414895293318591e-07
207,-8.539774149222934e-07
208,-8.666628573561246e-07
209,-8.795343000213154e-07
210,-8.925870837384212e-07
211,-9.058132925120312e-07
212,-9.192038964616432e-07
213,-9.327522943649354e-07
214,-9.464507821332347e-07
215,-9.602929505123704e-07
216,-9.74275026606681e-07
217,-9.883909182330918e-07
218,-1.0026346316100324e-06
219,-1.0170015812313945e-06
220,-1.0314873414727296e-06
221,-1.046084930196997e-06
222,-1.0607914885972128e-06
223,-1.0756001968838928e-06
224,-1.0905042208361327e-06
225,-1.1054981363770574e-06
226,-1.1205780219098734e-06
227,-1.1357371311812107e-06
228,-1.1509701681982536e-06
229,-1.1662703496383351e-06
230,-1.1816339097427805e-06
231,-1.1970540642107155e-06
232,-1.2125239526007586e-06
233,-1.2280398411773337e-06
234,-1.2435964553805567e-06
235,-1.2591852101754282e-06
236,-1.2748040183854976e-06
237,-1.290442466584228e-06
238,-1.3060967154403774e-06
239,-1.32175949103241e-06
240,-1.3374251458139033e-06
241,-1.3530879801552413e-06
242,-1.3687385915452398e-06
243,-1.3843709972138527e-06
244,-1.3999791333450983e-06
245,-1.4155530531240377e-06
246,-1.431084426978541e-06
247,-1.4465686055971796e-06
248,-1.4619930237205463e-06
249,-1.4773526723148738e-06
250,-1.4926364170659152e-06
251,-1.5078422436255781e-06
252,-1.5229772883658099e-06
253,-1.538054089869589e-06
254,-1.5530810172176096e-06
255,-1.5680750132856792e-06
256,-1.5830445916507854e-06
257,-1.5980004106081525e-06
258,-1.6129509100903084e-06
259,-1.627906747921174e-06
260,-1.6428739989250103e-06
261,-1.657865607059074e-06
262,-1.6728875636004045e-06
263,-1.6879505130840944e-06
264,-1.7030651839384778e-06
265,-1.7182448801888692e-06
266,-1.7335006274501093e-06
267,-1.748841014708059e-06
268,-1.7642797875553066e-06
269,-1.7798309667093475e-06
270,-1.79550620469079e-06
271,-1.8113119139001445e-06
272,-1.8272653184582633e-06
273,-1.8433702398290754e-06
274,-1.8596442979002692e-06
275,-1.8760970503849022e-06
276,-1.8927351912669204e-06
277,-1.9095741200029134e-06
278,-1.9266266382824924e-06
279,-1.943902744670311e-06
280,-1.961412493598544e-06
281,-1.979172264088215e-06
282,-1.997192524444639e-06
283,-2.015483820244425e-06
284,-2.0340633369997116e-06
285,-2.0529420899264423e-06
286,-2.072134576692968e-06
287,-2.091648716890195e-06
288,-2.1115028148880012e-06
289,-2.1317121745933404e-06
290,-2.1522852013967122e-06
291,-2.173237542672174e-06
292,-2.1945889580389602e-06
293,-2.2163522136757598e-06
294,-2.2385402053298942e-06
295,-2.2611738704229552e-06
296,-2.284266790503424e-06
297,-2.3078408950487975e-06
298,-2.3319063285924578e-06
299,-2.3564815963639183e-06
300,-2.3815856681036373e-06
301,-2.4072329777206163e-06
302,-2.433435691956944e-06
303,-2.4602100113104416e-06
304,-2.487567819825584e-06
305,-2.515521008303719e-06
306,-2.544091209388344e-06
307,-2.573285884445989e-06
308,-2.603122222627962e-06
309,-2.6336177716037327e-06
310,-2.6647957376030735e-06
311,-2.696658511565262e-06
312,-2.7292351046849573e-06
313,-2.7625332412129043e-06
314,-2.7965715684415128e-06
315,-2.8313749568652576e-06
316,-2.866951055279218e-06
317,-2.903319099629331e-06
318,-2.9404923212680097e-06
319,-2.978496548135309e-06
320,-3.017351859723201e-06
321,-3.0570583745494875e-06
322,-3.0976559723108085e-06
323,-3.139144258508378e-06
324,-3.1815571931562287e-06
325,-3.224900617131412e-06
326,-3.269201826905602e-06
327,-3.3144733795026356e-06
328,-3.3607350784984597e-06
329,-3.4080067101520795e-06
330,-3.456299663206749e-06
331,-3.505641501227806e-06
332,-3.556042935142579e-06
333,-3.6075315672164275e-06
334,-3.6601172066313176e-06
335,-3.7138084313174634e-06
336,-3.768631808572268e-06
337,-3.824604453373262e-06
338,-3.881742935484751e-06
339,-3.940052769506714e-06
340,-3.999548398355995e-06
341,-4.060254411973754e-06
342,-4.122184346649279e-06
343,-4.185350766195988e-06
344,-4.249777014780991e-06
345,-4.315474330818478e-06
346,-4.38245271625829e-06
347,-4.45073362891606e-06
348,-4.520325258421389e-06
349,-4.591220776747365e-06
350,-4.663437954047574e-06
351,-4.7369637571717675e-06
352,-4.811788107725004e-06
353,-4.887911288504485e-06
354,-4.9653170360877375e-06
355,-5.043970487228207e-06
356,-5.123880568133091e-06
357,-5.2050231994777275e-06
358,-5.287371042370093e-06
359,-5.370910771788993e-06
360,-5.4556272861950395e-06
361,-5.5414853252690425e-06
362,-5.628464677961166e-06
363,-5.716504618405107e-06
364,-5.805617507084882e-06
365,-5.895716270739875e-06
366,-5.986788662193977e-06
367,-6.07877967700364e-06
368,-6.171651721315114e-06
369,-6.2653648479904935e-06
370,-6.359831136567357e-06
371,-6.455049356466994e-06
372,-6.550924639487398e-06
373,-6.6474286451927895e-06
374,-6.7444828639785405e-06
375,-6.8420552678029065e-06
376,-6.940061522652992e-06
377,-7.038412746729311e-06
378,-7.137097243666589e-06
379,-7.235994459536279e-06
380,-7.335033925745949e-06
381,-7.4341721172885455e-06
382,-7.533306821374423e-06
383,-7.632361835814994e-06
384,-7.731289983315434e-06
385,-7.830013580646144e-06
386,-7.928421696427629e-06
387,-8.026432282235436e-06
388,-8.124028196947488e-06
389,-8.221095258808902e-06
390,-8.317550391115513e-06
391,-8.413309957140323e-06
392,-8.508360375079998e-06
393,-8.602549200015756e-06
394,-8.695864801970338e-06
395,-8.788226350050626e-06
396,-8.879553338787977e-06
397,-8.969803610505597e-06
398,-9.058861063082862e-06
399,-9.146686121763146e-06
400,-9.233202936683584e-06
401,-9.318327407816048e-06
402,-9.40197891462072e-06
403,-9.484029690296458e-06
404,-9.564353375607627e-06
405,-9.642908142713467e-06
406,-9.719573644019308e-06
407,-9.794231637194194e-06
408,-9.86680876200142e-06
409,-9.937278447727413e-06
410,-1.0005446849004288e-05
411,-1.0071381176141922e-05
412,-1.0134894059603964e-05
413,-1.019593098976543e-05
414,-1.0254441840852822e-05
415,-1.0310425245889557e-05
416,-1.0363706622113028e-05
417,-1.0414337265410297e-05
418,-1.0462194553680943e-05
419,-1.0507294067060256e-05
420,-1.0549520735803314e-05
421,-1.0588898530239783e-05
422,-1.0625410613338331e-05
423,-1.0658953466755394e-05
424,-1.0689563238965427e-05
425,-1.0717234658577162e-05
426,-1.0741920762157702e-05
427,-1.0763714073707447e-05
428,-1.0782483914995882e-05
429,-1.0798374468233119e-05
430,-1.081135170212312e-05
431,-1.0821384686551897e-05
432,-1.0828535235219534e-05
433,-1.0832733050219256e-05
434,-1.0834089405139183e-05
435,-1.0832539031240042e-05
436,-1.0828108347633601e-05
437,-1.0820825628536202e-05
438,-1.0810720818980322e-05
439,-1.0797781891729222e-05
440,-1.0782085561936232e-05
441,-1.0763665754925698e-05
442,-1.0742600025414244e-05
443,-1.071888082792206e-05
444,-1.0692586542864256e-05
445,-1.0663753039664506e-05
446,-1.0632416478724067e-05
447,-1.0598613172912892e-05
448,-1.0562297947653569e-05
449,-1.052354954935951e-05
450,-1.0482405123576137e-05
451,-1.0438877262112485e-05
452,-1.0393040692571295e-05
453,-1.034510165995217e-05
454,-1.0295145287349541e-05
455,-1.024333197366269e-05
456,-1.0189780160340251e-05
457,-1.0134605576108891e-05
458,-1.0077958135009755e-05
459,-1.0019983335081075e-05
460,-9.96067766848534e-06
461,-9.90025403726659e-06
462,-9.83867033801903e-06
463,-9.776132558316414e-06
464,-9.71259736808924e-06
465,-9.648263858640654e-06
466,-9.583121212419138e-06
467,-9.517293867686003e-06
468,-9.450901871646106e-06
469,-9.383995927045492e-06
470,-9.316689842970903e-06
471,-9.249093193233618e-06
472,-9.181248752217916e-06
473,-9.113260198033835e-06
474,-9.045166090119789e-06
475,-8.977034288311428e-06
476,-8.908900498548216e-06
477,-8.840858504722622e-06
478,-8.772911174449804e-06
479,-8.705090838471198e-06
480,-8.637514222597053e-06
481,-8.570153129783131e-06
482,-8.503147589639925e-06
483,-8.436494978692474e-06
484,-8.370274581185627e-06
485,-8.304562639387854e-06
486,-8.239353452575813e-06
487,-8.174720459527744e-06
488,-8.110708672812263e-06
489,-8.047310930468363e-06
490,-7.98459657289218e-06
491,-7.922582891778659e-06
492,-7.86128723267725e-06
493,-7.800727025345269e-06
494,-7.740943807806008e-06
495,-7.68197819726122e-06
496,-7.623846530305477e-06
497,-7.566611832177799e-06
498,-7.510289556963898e-06
499,-7.454918291661084e-06
500,-7.400536134223796e-06
501,-7.347155406822869e-06
502,-7.294665227329256e-06
503,-7.242953425911927e-06
504,-7.191887754286186e-06
505,-7.141316880455104e-06
506,-7.091155920348282e-06
507,-7.0412575558603645e-06
508,-6.991518739561515e-06
509,-6.941837482995521e-06
510,-6.892051726666621e-06
511,-6.842103422296047e-06
512,-6.791833934018241e-06
513,-6.741166720550721e-06
514,-6.6899858983507595e-06
515,-6.638176832007373e-06
516,-6.5856260228560156e-06
517,-6.532240012233891e-06
518,-6.477925490633523e-06
519,-6.422551899509298e-06
520,-6.366045440048324e-06
521,-6.30827655328728e-06
522,-6.249152965238341e-06
523,-6.188581883152096e-06
524,-6.126416854147537e-06
525,-6.062582837901802e-06
526,-5.996933991166766e-06
527,-5.9293769384274614e-06
528,-5.859800180454707e-06
529,-5.788091599640659e-06
530,-5.714121911091764e-06
531,-5.637810294310833e-06
532,-5.559009273260815e-06
533,-5.477619055806694e-06
534,-5.3935374670176435e-06
535,-5.306614119403049e-06
536,-5.216758611962346e-06
537,-5.123817790392048e-06
538,-5.027681677796225e-06
539,-4.928208630496515e-06
540,-4.825297103181734e-06
541,-4.718772829480013e-06
542,-4.608515131827956e-06
543,-4.494399031379884e-06
544,-4.376257246733875e-06
545,-4.253946130886482e-06
546,-4.1273302832495775e-06
547,-3.9962460080198654e-06
548,-3.860538142037637e-06
549,-3.7200472810822573e-06
550,-3.5746095706462406e-06
551,-3.424125627858875e-06
552,-3.26888919804328e-06
553,-3.1092411499688696e-06
554,-2.945532732449788e-06
555,-2.7781317711805365e-06
556,-2.607395400866598e-06
557,-2.43365848413682e-06
558,-2.257294186505314e-06
559,-2.078653034275751e-06
560,-1.8980930669678505e-06
561,-1.7159624300992128e-06
562,-1.5326320411562035e-06
563,-1.3484534548626641e-06
564,-1.1637870479242397e-06
565,-9.79005495442796e-07
566,-7.944694548075411e-07
567,-6.105478119840634e-07
568,-4.276165958655632e-07
569,-2.4605096477967086e-07
570,-6.623155952525869e-08
571,1.1145715282928326e-07
572,2.8662471003677086e-07
573,4.588757020119553e-07
574,6.27810112935668e-07
575,7.930156682892368e-07
576,9.54083231941225e-07
577,1.1105848740920352e-06
578,1.2620962116238701e-06
579,1.408179556961859e-06
580,1.548388435589776e-06
581,1.682267284191856e-06
582,1.8093568008899218e-06
583,1.9291896156320554e-06
584,2.041277029303058e-06
585,2.145132040210587e-06
586,2.2402584483904818e-06
587,2.326143015149099e-06
588,2.402253639328349e-06
589,2.4680773727958783e-06
590,2.5230519433515706e-06
591,2.566626377480733e-06
592,2.5982384450481716e-06
593,2.61730572652896e-06
594,2.623241964074034e-06
595,2.6154314521372047e-06
596,2.5932629886136214e-06
597,2.5561126974944773e-06
598,2.5033353444972788e-06
599,2.4342729817587796e-06
600,2.3482629325566614e-06
601,2.244763505446529e-06
602,2.1238538575004905e-06
603,1.98571907804434e-06
604,1.8305899012411911e-06
605,1.6586776503580922e-06
606,1.4701923926917568e-06
607,1.265364354347941e-06
608,1.044412489337421e-06
609,8.07567157442812e-07
610,5.550709522498225e-07
611,2.8715650093128434e-07
612,4.075112181203771e-09
613,-2.939228116230678e-07
614,-6.065744000038425e-07
615,-9.336183817478084e-07
616,-1.2747710221520212e-06
617,-1.629752613916011e-06
618,-1.9982684428938053e-06
619,-2.3800209194701933e-06
620,-2.7746961019621532e-06
621,-3.1819559629966036e-06
622,-3.6014823344516454e-06
623,-4.03294108685998e-06
624,-4.475957676814344e-06
625,-4.930172390780321e-06
626,-5.39519715047554e-06
627,-5.870671687988905e-06
628,-6.356139558306413e-06
629,-6.851240712090299e-06
630,-7.3555108377619734e-06
631,-7.868519715283638e-06
632,-8.389827554175266e-06
633,-8.91891719069575e-06
634,-9.455352838688451e-06
635,-9.998621029699537e-06
636,-1.0548189711279815e-05
637,-1.1103550811501689e-05
638,-1.1664186493836096e-05
639,-1.2229521895883099e-05
640,-1.2799013148585504e-05
641,-1.337205489628433e-05
642,-1.3948132399020315e-05
643,-1.4526503601115361e-05
644,-1.5106745801202804e-05
645,-1.568808576848711e-05
646,-1.6269906380611766e-05
647,-1.685165016496175e-05
648,-1.743262397667751e-05
649,-1.8012190411013474e-05
650,-1.8589557593784118e-05
651,-1.916423990515398e-05
652,-1.97356241561506e-05
653,-2.0303108271294262e-05
654,-2.0866162651442824e-05
655,-2.142416970277071e-05
656,-2.1976768705172786e-05
657,-2.2523252199426464e-05
658,-2.306308186480956e-05
659,-2.3595720675315537e-05
660,-2.4120633546385648e-05
661,-2.4637287976215727e-05
662,-2.5145051839286025e-05
663,-2.5643498229856438e-05
664,-2.61319992068814e-05
665,-2.6610032845615053e-05
666,-2.707719441908671e-05
667,-2.7532867312218538e-05
668,-2.7976434148497698e-05
669,-2.8407628612201142e-05
670,-2.8825732560244046e-05
671,-2.9230383703102053e-05
672,-2.962111396121625e-05
673,-2.9997464974689798e-05
674,-3.035898852152821e-05
675,-3.0705120426873767e-05
676,-3.103555768156724e-05
677,-3.134988491306546e-05
678,-3.1647828486399084e-05
679,-3.192873687307769e-05
680,-3.219235897350511e-05
681,-3.2438460014521806e-05
682,-3.266668674576369e-05
683,-3.2876562970365646e-05
684,-3.306775730869951e-05
685,-3.324022293798389e-05
686,-3.3393519852790505e-05
687,-3.352735484091762e-05
688,-3.3641446627767056e-05
689,-3.373552581584191e-05
690,-3.380947216039548e-05
691,-3.386303968516089e-05
692,-3.389599339363653e-05
693,-3.390810912948512e-05
694,-3.3899310144056184e-05
695,-3.386925596761189e-05
696,-3.381816118179078e-05
697,-3.3745432061217685e-05
698,-3.3651298662701924e-05
699,-3.3535322691446674e-05
700,-3.339761233421294e-05
701,-3.323823574084643e-05
702,-3.3058285390583217e-05
703,-3.285880670542345e-05
704,-3.264097018007312e-05
705,-3.240631917900385e-05
706,-3.2155616028001586e-05
707,-3.1890375074526885e-05
708,-3.161171286361902e-05
709,-3.132061153198902e-05
710,-3.1018405758990216e-05
711,-3.07061670647898e-05
712,-3.0384835573664736e-05
713,-3.0055803338404752e-05
714,-2.971997350115587e-05
715,-2.937835184118544e-05
716,-2.903214833409125e-05
717,-2.8682326591175532e-05
718,-2.83298340287729e-05
719,-2.7975706823574045e-05
720,-2.7620854988489742e-05
721,-2.7266274089638934e-05
722,-2.691283727064156e-05
723,-2.6561402111770776e-05
724,-2.621290741556066e-05
725,-2.5868175496467663e-05
726,-2.5528107359133506e-05
727,-2.5193491659189822e-05
728,-2.4865103267261933e-05
729,-2.4543969790962855e-05
730,-2.4230651964025942e-05
731,-2.392596747504658e-05
732,-2.3630800940193843e-05
733,-2.33457656680754e-05
734,-2.307163344574413e-05
735,-2.2809241519956125e-05
736,-2.2559090714561214e-05
737,-2.2322073820557425e-05
738,-2.2098753501312415e-05
739,-2.1889841693326134e-05
740,-2.169603946664776e-05
741,-2.1518038033614428e-05
742,-2.135644633764697e-05
743,-2.1211868602511552e-05
744,-2.1085048580843404e-05
745,-2.0976578270148746e-05
746,-2.0887117507076672e-05
747,-2.0817251302833236e-05
748,-2.0767632575870994e-05
749,-2.0738841727874718e-05
750,-2.073152733987327e-05
751,-2.0746055089614447e-05
752,-2.0781672957312596e-05
753,-2.0837232360890444e-05
754,-2.091174667487119e-05
755,-2.100425296929711e-05
756,-2.1113811999855693e-05
757,-2.1239300758292902e-05
758,-2.1379894365855104e-05
759,-2.1534652137269076e-05
760,-2.1702724432833667e-05
761,-2.1883213161590786e-05
762,-2.207531077888391e-05
763,-2.2278159498560897e-05
764,-2.2491063116720352e-05
765,-2.2713203050685516e-05
766,-2.2943778004747303e-05
767,-2.318214916719553e-05
768,-2.3427477011992038e-05
769,-2.3679231296512184e-05
770,-2.3936529183726365e-05
771,-2.4198797786528318e-05
772,-2.4465405571651293e-05
773,-2.4735582016191866e-05
774,-2.500879653687746e-05
775,-2.5284377891932692e-05
776,-2.556158544747682e-05
777,-2.5839842544525228e-05
778,-2.6118502711571006e-05
779,-2.639692605028331e-05
780,-2.66745595603377e-05
781,-2.6950694227653755e-05
782,-2.7224869929441714e-05
783,-2.7496385855365897e-05
784,-2.7764792411894315e-05
785,-2.8029478238833265e-05
786,-2.8290002978261567e-05
787,-2.8545674796197346e-05
788,-2.8795971336355934e-05
789,-2.904045820945275e-05
790,-2.927835454426565e-05
791,-2.9509223795377136e-05
792,-2.9732365464141086e-05
793,-2.9947250850742996e-05
794,-3.015325947009573e-05
795,-3.0349855577180972e-05
796,-3.053631907220084e-05
797,-3.071201258149995e-05
798,-3.087638312540399e-05
799,-3.1028689252280435e-05
800,-3.116836388163615e-05
801,-3.129494773256452e-05
802,-3.140870580910956e-05
803,-3.151037366144568e-05
804,-3.160039807399578e-05
805,-3.167949144536018e-05
806,-3.174826282643849e-05
807,-3.1807217352083836e-05
808,-3.1856849256727105e-05
809,-3.189773573555272e-05
810,-3.193035111686999e-05
811,-3.195516042572709e-05
812,-3.1972433033061914e-05
813,-3.198271044672044e-05
814,-3.198633982473182e-05
815,-3.198366142515927e-05
816,-3.197510280354001e-05
817,-3.1961179400975976e-05
818,-3.194230806137667e-05
819,-3.191899456158607e-05
820,-3.189174062281358e-05
821,-3.1861044464339964e-05
822,-3.182730805903351e-05
823,-3.179102451068731e-05
824,-3.175249872957159e-05
825,-3.171203485603363e-05
826,-3.167003004755911e-05
827,-3.1626788594674274e-05
828,-3.158270891570704e-05
829,-3.153800465036869e-05
830,-3.149307779608252e-05
831,-3.1448332888960925e-05
832,-3.1404270663945324e-05
833,-3.1361395555427375e-05
834,-3.1320030073192795e-05
835,-3.1280781018332105e-05
836,-3.124416776373318e-05
837,-3.121052946971283e-05
838,-3.118021174421098e-05
839,-3.115384756746946e-05
840,-3.1131516851891707e-05
841,-3.111377459353826e-05
842,-3.110099714309799e-05
843,-3.109366347945858e-05
844,-3.1091979092242724e-05
845,-3.109672443459274e-05
846,-3.110821895413716e-05
847,-3.112717171053009e-05
848,-3.115401920350189e-05
849,-3.1189400582745396e-05
850,-3.123396927948435e-05
851,-3.128800463241728e-05
852,-3.135169001746148e-05
853,-3.1424923837469824e-05
854,-3.1507707755436765e-05
855,-3.159975337384471e-05
856,-3.1701269703987564e-05
857,-3.181197582441774e-05
858,-3.193189200433841e-05
859,-3.206104452958974e-05
860,-3.219946569784765e-05
861,-3.2347090295140865e-05
862,-3.250406433876171e-05
863,-3.267022728246278e-05
864,-3.2845735697624784e-05
865,-3.303064835183862e-05
866,-3.322481284507901e-05
867,-3.342851174835182e-05
868,-3.364170994360515e-05
869,-3.386437317032926e-05
870,-3.4096693948955096e-05
871,-3.433864618914301e-05
872,-3.459020382781104e-05
873,-3.485157491580204e-05
874,-3.5122622043418795e-05
875,-3.540344146210781e-05
876,-3.569401226519215e-05
877,-3.599443522948555e-05
878,-3.6304440140109855e-05
879,-3.662437484459197e-05
880,-3.6954090374031655e-05
881,-3.729381879708548e-05
882,-3.764340615850312e-05
883,-3.8003090024277734e-05
884,-3.8372983074257895e-05
885,-3.875306333529935e-05
886,-3.9143444875322576e-05
887,-3.954424547894082e-05
888,-3.9955296335487784e-05
889,-4.0377004021467455e-05
890,-4.08090477993647e-05
891,-4.1251691217804824e-05
892,-4.1704901087506076e-05
893,-4.2168795086761884e-05
894,-4.264317340426257e-05
895,-4.312847050428905e-05
896,-4.36243159973828e-05
897,-4.4130984385988914e-05
898,-4.464842074651007e-05
899,-4.517656103400927e-05
900,-4.5715509911576124e-05
901,-4.626539745938416e-05
902,-4.682607827792686e-05
903,-4.73977854714087e-05
904,-4.7980757966999e-05
905,-4.857504498423247e-05
906,-4.91808867341354e-05
907,-4.9798122749430066e-05
908,-5.042718949723292e-05
909,-5.10681223469355e-05
910,-5.172116200915556e-05
911,-5.238633547017745e-05
912,-5.306365861730415e-05
913,-5.375336401139925e-05
914,-5.445568974306238e-05
915,-5.5170879671968015e-05
916,-5.5898698352981684e-05
917,-5.663961995347864e-05
918,-5.739389124898915e-05
919,-5.816124940819392e-05
920,-5.894192164745157e-05
921,-5.973640861514715e-05
922,-6.054441602526826e-05
923,-6.136588990265438e-05
924,-6.220161439116432e-05
925,-6.3050967484295e-05
926,-6.391445033563002e-05
927,-6.47919846066029e-05
928,-6.568347069933311e-05
929,-6.658910322331338e-05
930,-6.750907948042686e-05
931,-6.844359950742631e-05
932,-6.939219149721815e-05
933,-7.035536269194244e-05
934,-7.133294698129088e-05
935,-7.232510950980633e-05
936,-7.333201631376618e-05
937,-7.435345974233448e-05
938,-7.538958369869874e-05
939,-7.644014128803187e-05
940,-7.750564988040903e-05
941,-7.858543742392605e-05
942,-7.968001007562673e-05
943,-8.078905721135572e-05
944,-8.191266421010728e-05
945,-8.30504709194571e-05
946,-8.420298070812654e-05
947,-8.536934657170001e-05
948,-8.655005385131528e-05
949,-8.774514065550602e-05
950,-8.895365912151912e-05
951,-9.017604883173675e-05
952,-9.141215599975693e-05
953,-9.266126614873288e-05
954,-9.392367513272188e-05
955,-9.519808127815183e-05
956,-9.648474492239819e-05
957,-9.778282761018349e-05
958,-9.909258502036214e-05
959,-0.0001004131298054167
960,-0.00010174351543715499
961,-0.0001030839556462154
962,-0.00010443345181820871
963,-0.00010579157765638273
964,-0.00010715789187770158
965,-0.0001085319382392694
966,-0.00010991324558976816
967,-0.000111300644965982
968,-0.00011269429368206584
969,-0.0001140929681149454
970,-0.00011549610026347625
971,-0.00011690384073001634
972,-0.00011831488452461952
973,-0.00011972862044992412
974,-0.00012114365156139647
975,-0.000122560870124401
976,-0.0001239788655112855
977,-0.00012539616259122033
978,-0.00012681286961734487
979,-0.00012822829834495275
980,-0.00012964089949233198
981,-0.00013105078697006736
982,-0.0001324572409117172
983,-0.00013385953214940175
984,-0.00013525602107657806
985,-0.00013664683799265105
986,-0.00013803123010613734
987,-0.00013940749800535581
988,-0.00014077579174296188
989,-0.00014213534192723074
990,-0.00014348537522811534
991,-0.00014482511524441355
992,-0.00014615278103480926
993,-0.00014746958540686413
994,-0.00014877273170485188
995,-0.00015006348129074977
996,-0.00015134004181251197
997,-0.00015260163791504873
998,-0.00015384749782808573
999,-0.00015507793766479658
1000,-0.00015629113417116146
1001,-0.00015748853550843952
1002,-0.00015866719757648656
1003,-0.00015982859592461913
1004,-0.00016097088928071566
1005,-0.00016209563947000474
1006,-0.00016319987659163396
1007,-0.00016428521861852234
1008,-0.000165349849468128
1009,-0.00016639310873498784
1010,-0.00016741672643671713
1011,-0.0001684177201402063
1012,-0.00016939787594460302
1013,-0.0001703566287362619
1014,-0.000171290984531241
1015,-0.0001722040411149534
1016,-0.00017309282374802624
1017,-0.00017395679853772513
1018,-0.00017479793977219247
1019,-0.00017561452827580522
1020,-0.00017640609372837965
1021,-0.0001771734439736481
1022,-0.0001779161548990595
1023,-0.00017863636094497663
1024,-0.00017933114089750297
1025,-0.00018000395451420317
1026,-0.00018065190225950785
1027,-0.0001812772172147221
1028,-0.00018187959125016333
1029,-0.00018245614128017016
1030,-0.00018301045416010007
1031,-0.0001835396692323509
1032,-0.00018404612029139338
1033,-0.00018452696199629197
1034,-0.00018498456082644273
1035,-0.00018541739394436842
1036,-0.00018582786150193008
1037,-0.00018621707571650137
1038,-0.0001865822415618213
1039,-0.0001869257965819497
1040,-0.00018724888277249456
1041,-0.00018755003747782125
1042,-0.00018783041835505673
1043,-0.00018809118881459182
1044,-0.00018832960423277508
1045,-0.00018854814623792964
1046,-0.00018874669156021794
1047,-0.00018892512314404392
1048,-0.00018908333017432537
1049,-0.00018922250440737512
1050,-0.00018934254130180525
1051,-0.00018944466411477515
1052,-0.00018952892392952873
1053,-0.00018959540507135648
1054,-0.00018964419433150202
1055,-0.00018967794410492647
1056,-0.0001896954495784025
1057,-0.00018969807015626112
1058,-0.00018968588159363526
1059,-0.00018966022956042077
1060,-0.0001896199154228796
1061,-0.00018956627919656813
1062,-0.00018949938862199215
1063,-0.0001894205666928811
1064,-0.00018932987030368357
1065,-0.00018922860364680843
1066,-0.00018911556775121533
1067,-0.00018899329818677658
1068,-0.00018885935499853682
1069,-0.00018871748893309535
1070,-0.0001885652625704898
1071,-0.00018840516534107275
1072,-0.00018823599414128454
1073,-0.0001880602083322418
1074,-0.00018787659899285511
1075,-0.0001876863875953686
1076,-0.00018748837177545887
1077,-0.00018728496218574055
1078,-0.00018707495072355597
1079,-0.00018686071743637703
1080,-0.00018663986199447694
1081,-0.00018641474648484647
1082,-0.0001861853425836221
1083,-0.00018595162143845824
1084,-0.00018571355369830154
1085,-0.0001854722757145937
1086,-0.00018522774514674644
1087,-0.00018497991937727883
1088,-0.00018472990976184104
1089,-0.0001844776614432246
1090,-0.00018422311954484653
1091,-0.0001839662291794628
1092,-0.0001837080743296979
1093,-0.00018344858890519776
1094,-0.0001831877070796483
1095,-0.0001829253632874443
1096,-0.00018266261649979403
1097,-0.00018239827031154098
1098,-0.00018213337732746583
1099,-0.00018186897672023183
1100,-0.00018160276310051054
1101,-0.00018133802288086874
1102,-0.00018107259648015192
1103,-0.0001808087817977705
1104,-0.00018054446022424065
1105,-0.00018028191688905073
1106,-0.00018002122918135154
1107,-0.00017976138592260175
1108,-0.00017950464627265365
1109,-0.000179248913694276
1110,-0.0001789964372987237
1111,-0.0001787462108930998
1112,-0.00017849939101911952
1113,-0.00017825497835713313
1114,-0.00017801412635560474
1115,-0.0001777769113353576
1116,-0.00017754341086515603
1117,-0.00017731370379193864
1118,-0.0001770878702683151
1119,-0.00017686705278705577
1120,-0.0001766513289087102
1121,-0.00017643972055245984
1122,-0.0001762333699409643
1123,-0.00017603236030202718
1124,-0.00017583572373900823
1125,-0.00017564565526467308
1126,-0.0001754622405884385
1127,-0.00017528346884191926
1128,-0.00017511048585284116
1129,-0.00017494443565502988
1130,-0.00017478332028446732
1131,-0.00017462933576806817
1132,-0.00017448153787220087
1133,-0.00017434003270823493
1134,-0.00017420597403971537
1135,-0.00017407842760107072
1136,-0.00017395750770610822
1137,-0.0001738443761749063
1138,-0.00017373810842097394
1139,-0.00017363882766901264
1140,-0.00017354875089981576
1141,-0.00017346487272652838
1142,-0.00017338941751390241
1143,-0.00017332147654742597
1144,-0.00017326223775552578
1145,-0.00017321079881420153
1146,-0.00017316730745770267
1147,-0.00017313191525321835
1148,-0.0001731058298956483
1149,-0.00017308816163220172
1150,-0.00017307907471493717
1151,-0.00017307874071890062
1152,-0.00017308734747723014
1153,-0.00017310403020251127
1154,-0.00017313110824325025
1155,-0.00017316666441788574
1156,-0.00017321196997118087
1157,-0.00017326617215782407
1158,-0.00017332948566474408
1159,-0.0001734021304190901
1160,-0.00017348433179302435
1161,-0.00017357632081388172
1162,-0.00017367725115780035
1163,-0.00017378844264381185
1164,-0.00017390905442243775
1165,-0.00017403933153554003
1166,-0.00017418062181095227
1167,-0.000174332093105679
1168,-0.00017449400945826333
1169,-0.00017466553304607148
1170,-0.000174848041678072
1171,-0.00017504070268459126
1172,-0.0001752437944498912
1173,-0.00017545760216594835
1174,-0.00017568241808674844
1175,-0.00017591854179200702
1176,-0.00017616513950651988
1177,-0.00017642251055525636
1178,-0.00017669211303963052
1179,-0.00017697196335450096
1180,-0.0001772635294242246
1181,-0.0001775671410074193
1182,-0.00017788196141893493
1183,-0.00017820831870853765
1184,-0.00017854654881368628
1185,-0.00017889699583862467
1186,-0.00017926001234667472
1187,-0.00017963475219600708
1188,-0.00018002156457654482
1189,-0.00018042080697639568
1190,-0.00018083407464653496
1191,-0.00018125805501906643
1192,-0.00018169557522621616
1193,-0.00018214577584214241
1194,-0.00018260777464303203
1195,-0.00018308320304549094
1196,-0.0001835724571754119
1197,-0.00018407465651222333
1198,-0.00018458889478467817
1199,-0.0001851168468162467
1200,-0.0001856589192110617
1201,-0.00018621418475427403
1202,-0.00018678293772028966
1203,-0.0001873654590247966
1204,-0.00018796068398969378
1205,-0.0001885702400610768
1206,-0.0001891930560179722
1207,-0.00018982940977560651
1208,-0.00019047819086936304
1209,-0.00019113965755958458
1210,-0.0001918154915386132
1211,-0.00019250456857241438
1212,-0.00019320572502582782
1213,-0.0001939206614368669
1214,-0.00019464820258272456
1215,-0.0001953871306730732
1216,-0.0001961406526870455
1217,-0.0001969060722997491
1218,-0.00019768362768670536
1219,-0.00019847356196974129
1220,-0.0001992776653186485
1221,-0.0002000915651914179
1222,-0.00020092014624751087
1223,-0.00020175896404131627
1224,-0.0002026113981522416
1225,-0.00020347449891609622
1226,-0.00020435008510079648
1227,-0.00020523675548226214
1228,-0.0002061347097940423
1229,-0.00020704247989983688
1230,-0.00020796191329784644
1231,-0.00020889321983151758
1232,-0.00020983489498163153
1233,-0.0002107853742202476
1234,-0.00021174828121251383
1235,-0.00021272030617846586
1236,-0.00021370335953742778
1237,-0.00021469582099624762
1238,-0.00021569782174137367
1239,-0.00021670949442188428
1240,-0.00021773097312410863
1241,-0.0002187605258103253
1242,-0.0002197982369953406
1243,-0.00022084609407975965
1244,-0.00022190231520591674
1245,-0.00022296698628225165
1246,-0.0002240382372503449
1247,-0.00022511807421679133
1248,-0.0002262045904988201
1249,-0.00022729982773683527
1250,-0.00022839981235756133
1251,-0.00022950858757370308
1252,-0.0002306240379639391
1253,-0.00023174394352837584
1254,-0.00023287021392113115
1255,-0.0002340005833474707
1256,-0.00023513484847713153
1257,-0.00023627280163735534
1258,-0.00023741423081115396
1259,-0.0002385611196025069
1260,-0.00023970664743525828
1261,-0.00024085718918242984
1262,-0.00024200805789060064
1263,-0.00024315896216358613
1264,-0.000244311902467236
1265,-0.00024546432130229654
1266,-0.0002466182492597554
1267,-0.0002477687285259381
1268,-0.00024891776270962655
1269,-0.0002500650363509033
1270,-0.0002512102304064203
1271,-0.0002523530223904874
1272,-0.0002534906381729295
1273,-0.0002546251598397386
1274,-0.000255756504356996
1275,-0.0002568818389404959
1276,-0.00025800153389440416
1277,-0.00025911521754008987
1278,-0.00026022251655863056
1279,-0.0002613230562468874
1280,-0.0002624162014176399
1281,-0.00026350157017334574
1282,-0.000264578780159159
1283,-0.00026564744885250387
1284,-0.00026670719385830775
1285,-0.00026775736536820133
1286,-0.00026879784673110795
1287,-0.00026982798675468197
1288,-0.00027084767458197633
1289,-0.0002718565331808185
1290,-0.00027285363608485697
1291,-0.0002738391559896057
1292,-0.00027481272292282857
1293,-0.0002757739698406821
1294,-0.0002767222514605458
1295,-0.0002776580519804546
1296,-0.0002785804547493473
1297,-0.00027948967840825964
1298,-0.0002803850959529012
1299,-0.00028126694373119363
1300,-0.0002821348941538594
1301,-0.0002829885927470594
1302,-0.0002838278549129845
1303,-0.0002846524734657345
1304,-0.0002854622501725685
1305,-0.00028625611191062446
1306,-0.00028703475637918127
1307,-0.0002877974195106081
1308,-0.0002885439338373162
1309,-0.0002892741412513022
1310,-0.0002899881920850825
1311,-0.00029068534931552686
1312,-0.0002913657808767785
1313,-0.00029202936548989656
1314,-0.00029267599087392463
1315,-0.000293305553640518
1316,-0.0002939179591795004
1317,-0.00029451312153658737
1318,-0.0002950909632821198
1319,-0.00029565141537539236
1320,-0.00029619472228064605
1321,-0.0002967205268379914
1322,-0.0002972287841730483
1323,-0.00029772006991098685
1324,-0.00029819404968069787
1325,-0.0002986510089218573
1326,-0.0002990909339038619
1327,-0.00029951381759585354
1328,-0.00029991996696640625
1329,-0.00030030969582573927
1330,-0.00030068270900284225
1331,-0.00030103933220912855
1332,-0.0003013802046651338
1333,-0.00030170473995809574
1334,-0.00030201358757286597
1335,-0.0003023070938678599
1336,-0.0003025849943421187
1337,-0.0003028479514075263
1338,-0.00030309570885392274
1339,-0.0003033289361690423
1340,-0.00030354799822417003
1341,-0.00030375264922588964
1342,-0.0003039435666388842
1343,-0.0003041208168164483
1344,-0.0003042850804918086
1345,-0.00030443612230225805
1346,-0.00030457462595313514
1347,-0.00030470066528148017
1348,-0.0003048149249540074
1349,-0.00030491717673601946
1350,-0.00030500810640894736
1351,-0.0003050877819237152
1352,-0.0003051565353641951
1353,-0.0003052137823589623
1354,-0.0003052628659114486
1355,-0.00030529927861915014
1356,-0.00030532576058430854
1357,-0.00030534203381520336
1358,-0.00030534782383318296
1359,-0.00030534585043026803
1360,-0.00030533582972085
1361,-0.0003053174808858695
1362,-0.0003052875522389618
1363,-0.00030525172286194487
1364,-0.00030520674169646296
1365,-0.00030515234047636075
1366,-0.0003050941550890059
1367,-0.0003050259984548163
1368,-0.0003049505497567795
1369,-0.0003048704668722577
1370,-0.00030477960697277356
1371,-0.0003046864797379498
1372,-0.00030458495351446996
1373,-0.00030447767190262126
1374,-0.0003043643544922542
1375,-0.00030424761871892153
1376,-0.00030412428064593647
1377,-0.00030399406629261677
1378,-0.00030385958083768943
1379,-0.00030372053571723376
1380,-0.0003035795092017938
1381,-0.00030343048005387885
1382,-0.00030327888883624693
1383,-0.0003031244354926505
1384,-0.0003029668214930297
1385,-0.0003028029143257639
1386,-0.0003026352650019374
1387,-0.0003024664022907689
1388,-0.00030229319698653784
1389,-0.0003021181684823883
1390,-0.00030193820069547735
1391,-0.00030175580330131366
1392,-0.00030157066857583096
1393,-0.00030137969862189536
1394,-0.0003011881734811463
1395,-0.0003009957709660834
1396,-0.0003007993942806759
1397,-0.00030059873733164015
1398,-0.0003003990245533948
1399,-0.0003001943993640704
1400,-0.00029999006688676504
1401,-0.00029978024240827556
1402,-0.0002995703750881154
1403,-0.0002993577025225435
1404,-0.00029914221667648634
1405,-0.00029892664182458494
1406,-0.0002987109546536547
1407,-0.0002984951310369391
1408,-0.00029827642405650295
1409,-0.0002980602556342227
1410,-0.0002978411587784893
1411,-0.00029762453907588644
1412,-0.0002974076502971021
1413,-0.00029719316855629513
1414,-0.00029697835366633557
1415,-0.00029676587495185386
1416,-0.00029655299781764226
1417,-0.000296342385515411
1418,-0.0002961313086316083
1419,-0.00029592242507605075
1420,-0.00029571569696279504
1421,-0.00029551108687903455
1422,-0.00029530855793091825
1423,-0.0002951053925135919
1424,-0.00029490691896222045
1425,-0.00029471041928747144
1426,-0.0002945158591410744
1427,-0.0002943258811313741
1428,-0.00029413777455248533
1429,-0.00029395150792567903
1430,-0.00029376705066502665
1431,-0.0002935870469451478
1432,-0.00029340879386864594
1433,-0.0002932349379049987
1434,-0.00029306277953997805
1435,-0.0002928949683855144
1436,-0.0002927288077405009
1437,-0.00029256695118498523
1438,-0.00029240938063325304
1439,-0.0002922534027323087
1440,-0.00029209900008131986
1441,-0.0002919488366327947
1442,-0.0002918029021987799
1443,-0.0002916611889027914
1444,-0.00029152100555493145
1445,-0.0002913850301228578
1446,-0.0002912532610957225
1447,-0.00029112300650383253
1448,-0.0002909969567022075
1449,-0.00029087511653909815
1450,-0.0002907547915122889
1451,-0.0002906360181702924
1452,-0.000290521691646329
1453,-0.0002904120493922129
1454,-0.00029030461671676003
1455,-0.0002901996267734523
1456,-0.0002900973157469375
1457,-0.00028999792296028454
1458,-0.0002899044245670024
1459,-0.0002898143426399979
1460,-0.00028972792718049025
1461,-0.0002896454318031271
1462,-0.0002895671138639004
1463,-0.0002894932345916608
1464,-0.00028942405922652054
1465,-0.0002893598571661535
1466,-0.0002892981235685656
1467,-0.0002892419019750423
1468,-0.00028918868261400233
1469,-0.00028914153020994493
1470,-0.00028910073590680883
1471,-0.0002890609688879669
1472,-0.00028902812708898423
1473,-0.0002890025161923904
1474,-0.0002889787731079998
1475,-0.0002889628561406118
1476,-0.0002889493788791646
1477,-0.00028894147970685776
1478,-0.00028893946488497366
1479,-0.00028894076468155235
1480,-0.00028894855860547473
1481,-0.0002889602683534255
1482,-0.000288979102921198
1483,-0.00028900247544459657
1484,-0.0002890277637330784
1485,-0.00028906113418731584
1486,-0.0002890970331932149
1487,-0.00028914168146478855
1488,-0.0002891894937165412
1489,-0.0002892407736173362
1490,-0.00028930032881334253
1491,-0.00028936401159526063
1492,-0.00028943274814375826
1493,-0.00028950656998746573
1494,-0.000289585815149446
1495,-0.00028967021602107306
1496,-0.00028975980902506634
1497,-0.00028985432331923703
1498,-0.000289954104971996
1499,-0.0002900588838129575
1500,-0.0002901686989796924
1501,-0.00029028359278327354
1502,-0.00029040298264390287
1503,-0.0002905275481357342
1504,-0.0002906570251128525
1505,-0.00029079114521288755
1506,-0.0002909302805790821
1507,-0.0002910744876369432
1508,-0.00029122349910579214
1509,-0.00029137737049858054
1510,-0.0002915361592808807
1511,-0.0002916999248913544
1512,-0.00029186773077403066
1513,-0.0002920402931315112
1514,-0.00029221699915204315
1515,-0.00029239756121873393
1516,-0.00029258236570534746
1517,-0.0002927711241439631
1518,-0.0002929635418465854
1519,-0.00029316000908633926
1520,-0.000293360229680887
1521,-0.0002935642503453485
1522,-0.00029377211876841587
1523,-0.00029398388354874507
1524,-0.00029419923828950074
1525,-0.00029441822691033445
1526,-0.0002946405338091896
1527,-0.00029486655965290244
1528,-0.0002950959852497267
1529,-0.0002953284828809173
1530,-0.0002955644535280997
1531,-0.0002958035648306434
1532,-0.0002960462217333143
1533,-0.0002962917110928908
1534,-0.0002965404344955707
1535,-0.0002967924217639725
1536,-0.0002970473192579803
1537,-0.0002973059177679592
1538,-0.00029756708910843297
1539,-0.0002978312341051838
1540,-0.0002980983694495938
1541,-0.0002983685101622812
1542,-0.00029864087496835143
1543,-0.00029891625956518427
1544,-0.00029919386842438655
1545,-0.0002994745027630661
1546,-0.0002997573521077518
1547,-0.00030004240278953175
1548,-0.00030033046357238433
1549,-0.0003006207002520981
1550,-0.00030091350831557294
1551,-0.0003012088342958638
1552,-0.0003015064765784689
1553,-0.0003018057641492136
1554,-0.0003021072930808602
1555,-0.0003024103787033589
1556,-0.00030271475124179006
1557,-0.00030302013242950056
1558,-0.00030332623540796274
1559,-0.0003036327646349354
1560,-0.00030393986107443347
1561,-0.00030424722000349475
1562,-0.00030455407700256807
1563,-0.00030486100859270036
1564,-0.000305166778895348
1565,-0.00030547195789127084
1566,-0.00030577574277827437
1567,-0.00030607870554300227
1568,-0.0003063800285057394
1569,-0.00030667934451718287
1570,-0.000306977224662393
1571,-0.0003072723487109617
1572,-0.0003075657609322107
1573,-0.0003078566030954775
1574,-0.00030814448202135214
1575,-0.00030842948380319253
1576,-0.00030871169754977356
1577,-0.0003089902290502736
1578,-0.0003092651569006415
1579,-0.0003095360642435902
1580,-0.0003098035295362845
1581,-0.00031006663294897514
1582,-0.0003103254501974938
1583,-0.00031058006064127805
1584,-0.00031083054731991736
1585,-0.0003110769969798505
1586,-0.000311318464730407
1587,-0.00031155554931743424
1588,-0.00031178834099908673
1589,-0.0003120164084075755
1590,-0.0003122398418645809
1591,-0.0003124587356928442
1592,-0.00031267265509719145
1593,-0.00031288223047912255
1594,-0.00031308703007358775
1595,-0.00031328715675725343
1596,-0.00031348326025273015
1597,-0.0003136743680681042
1598,-0.00031386113537263825
1599,-0.00031404423052769836
1600,-0.0003142221263304176
1601,-0.0003143965301206028
1602,-0.00031456667936457215
1603,-0.00031473229173439914
1604,-0.00031489308299798127
1605,-0.0003150487671480578
1606,-0.0003151996214483254
1607,-0.000315344795838731
1608,-0.0003154845685628947
1609,-0.0003156186535339353
1610,-0.000315746763353682
1611,-0.0003158686094689759
1612,-0.0003159839023357184
1613,-0.0003160929296054704
1614,-0.000316195405341513
1615,-0.0003162910428632929
1616,-0.0003163795549326574
1617,-0.0003164612384310768
1618,-0.00031653581007409185
1619,-0.0003166035737378226
1620,-0.0003166642500091438
1621,-0.0003167175593336403
1622,-0.00031676381367626484
1623,-0.00031680273757495216
1624,-0.0003168346496515535
1625,-0.0003168592785131041
1626,-0.000316876353136465
1627,-0.00031688679733278557
1628,-0.00031688974931121577
1629,-0.00031688554207672095
1630,-0.0003168745131540145
1631,-0.0003168564035962625
1632,-0.0003168315568373126
1633,-0.0003168003203316616
1634,-0.00031676183952388437
1635,-0.00031671706890823686
1636,-0.000316666365032622
1637,-0.0003166088785357202
1638,-0.00031654557453705313
1639,-0.0003164762122349852
1640,-0.0003164011580428433
1641,-0.00031632078126693345
1642,-0.00031623484735519933
1643,-0.00031614372995588763
1644,-0.00031604719821333704
1645,-0.0003159462371063722
1646,-0.0003158406198595077
1647,-0.00031573072848709293
1648,-0.0003156169468092454
1649,-0.00031549905287967927
1650,-0.00031537804091514844
1651,-0.00031525365988703183
1652,-0.0003151255327055098
1653,-0.0003149950728537517
1654,-0.00031486065921557024
1655,-0.0003147237066593224
1656,-0.00031458441625761054
1657,-0.0003144417772383023
1658,-0.0003142965989140634
1659,-0.0003141484788121258
1660,-0.000313998226337567
1661,-0.00031384544011341526
1662,-0.00031369092903206573
1663,-0.000313533688525925
1664,-0.0003133745277600345
1665,-0.0003132136509025798
1666,-0.0003130512617578813
1667,-0.0003128869616942818
1668,-0.000312720955066549
1669,-0.0003125540465113053
1670,-0.00031238583709632177
1671,-0.0003122165290532669
1672,-0.00031204632371657336
1673,-0.00031187542143066617
1674,-0.00031170342360446843
1675,-0.0003115311274747754
1676,-0.00031135813337255976
1677,-0.0003111846388608879
1678,-0.0003110102449527197
1679,-0.000310836337624849
1680,-0.0003106625143787717
1681,-0.0003104877807794276
1682,-0.00031031410877505744
1683,-0.00031014050153245156
1684,-0.00030996714835171434
1685,-0.0003097942369229493
1686,-0.0003096219533082918
1687,-0.0003094504819310089
1688,-0.0003092794173361652
1689,-0.0003091089427894666
1690,-0.00030893982675197346
1691,-0.00030877166100903484
1692,-0.00030860403855728055
1693,-0.0003084383078212028
1694,-0.0003082728899020945
1695,-0.00030810971286875913
1696,-0.0003079471989847465
1697,-0.0003077861053201155
1698,-0.0003076271849152021
1699,-0.00030746944471397294
1700,-0.00030731305579145585
1701,-0.0003071582147120816
1702,-0.0003070052235764658
1703,-0.0003068538315452702
1704,-0.00030670436651707123
1705,-0.0003065565780341922
1706,-0.00030641136981355703
1707,-0.0003062684903014383
1708,-0.0003061282646348401
1709,-0.00030598986722468903
1710,-0.000305854773508185
1711,-0.00030572215846323616
1712,-0.0003055929208138757
1713,-0.00030546681090632956
1714,-0.00030534358053963635
1715,-0.0003052235551351676
1716,-0.00030510648809932737
1717,-0.0003049932771874925
1718,-0.00030488367652822807
1719,-0.00030477687100215407
1720,-0.00030467433017972997
1721,-0.00030457467046901527
1722,-0.000304478791807719
1723,-0.0003043870238072482
1724,-0.0003042979880987402
1725,-0.0003042131560513655
1726,-0.000304132290680133
1727,-0.0003040545874086886
1728,-0.00030398095033580926
1729,-0.0003039111462766606
1730,-0.0003038449433679019
1731,-0.00030378267974937
1732,-0.0003037241258636837
1733,-0.00030366962211231485
1734,-0.00030361894126758505
1735,-0.00030357242612267155
1736,-0.00030352871368344715
1737,-0.0003034887176358304
1738,-0.0003034522148001884
1739,-0.00030341898274659977
1740,-0.00030338879966908977
1741,-0.0003033614442638718
1742,-0.0003033372658786338
1743,-0.00030331604473460267
1744,-0.0003032981322455513
1745,-0.00030328216765023044
1746,-0.0003032696455209891
1747,-0.00030325977692308555
1748,-0.00030325177129831454
1749,-0.0003032471278829262
1750,-0.0003032439107105813
1751,-0.0003032431018747432
1752,-0.0003032441821594303
1753,-0.0003032472604152787
1754,-0.0003032530219086805
1755,-0.00030326157883361324
1756,-0.00030327246729258586
1757,-0.0003032863770098088
1758,-0.0003033034230007185
1759,-0.0003033237213346756
1760,-0.0003033468091642873
1761,-0.0003033733831648113
1762,-0.0003034035627561958
1763,-0.0003034368860213166
1764,-0.00030347405569715986
1765,-0.0003035140260978533
1766,-0.0003035575014602191
1767,-0.00030360460473344937
1768,-0.00030365487269256637
1769,-0.0003037084278381499
1770,-0.0003037653939875626
1771,-0.0003038258963465117
1772,-0.0003038900615809571
1773,-0.0003039574245587457
1774,-0.00030402870590975233
1775,-0.000304102845261946
1776,-0.0003041811622369412
1777,-0.0003042625944816918
1778,-0.0003043472703286064
1779,-0.0003044359210832997
1780,-0.0003045274769667568
1781,-0.00030462267122016197
1782,-0.00030472103300738354
1783,-0.0003048226945391267
1784,-0.00030492718067083433
1785,-0.00030503523290047315
1786,-0.0003051457639023173
1787,-0.0003052589027682471
1788,-0.00030537539595307397
1789,-0.0003054941457924585
1790,-0.00030561528081506236
1791,-0.0003057395522716529
1792,-0.0003058658510572065
1793,-0.0003059943046174569
1794,-0.0003061256687609528
1795,-0.0003062588217588929
1796,-0.00030639452034338555
1797,-0.0003065316316614626
1798,-0.00030667091300277797
1799,-0.00030681121961145314
1800,-0.00030695330894945234
1801,-0.0003070960661739483
1802,-0.0003072398188026267
1803,-0.0003073849405645437
1804,-0.00030753116093804517
1805,-0.0003076782042965686
1806,-0.00030782644256431747
1807,-0.00030797625160418986
1808,-0.00030812735373431506
1809,-0.0003082801257796184
1810,-0.0003084342861868859
1811,-0.00030859021265236243
1812,-0.0003087476195415611
1813,-0.00030890688534783857
1814,-0.00030906772016273104
1815,-0.00030922982797553785
1816,-0.0003093935843901027
1817,-0.0003095586886951725
1818,-0.00030972551702617215
1819,-0.00030989376385437764
1820,-0.00031006380587408964
1821,-0.0003102353326635047
1822,-0.00031040802711224596
1823,-0.00031058295986744746
1824,-0.00031075981738926985
1825,-0.0003109375762994019
1826,-0.0003111173127510653
1827,-0.00031129870152812146
1828,-0.00031148141052384176
1829,-0.000311665100643048
1830,-0.00031185086205114696
1831,-0.0003120369174691799
1832,-0.00031222435528512944
1833,-0.00031241282672258235
1834,-0.00031260270668685073
1835,-0.0003127936419077935
1836,-0.00031298527215538433
1837,-0.00031317871093379323
1838,-0.00031337285997498176
1839,-0.00031356884186054814
1840,-0.0003137655480271725
1841,-0.00031396335705314405
1842,-0.0003141626541413727
1843,-0.00031436231061925503
1844,-0.00031456346886310363
1845,-0.0003147657575616194
1846,-0.00031496879889868483
1847,-0.00031517220854213426
1848,-0.0003153779284422355
1849,-0.00031558403054825413
1850,-0.0003157916909326149
1851,-0.00031600049537630376
1852,-0.0003162098790172662
1853,-0.00031642082248898955
1854,-0.0003166319287220684
1855,-0.0003168433817257772
1856,-0.00031705456414522125
1857,-0.0003172664685295386
1858,-0.00031747766657198216
1859,-0.00031768915694591076
1860,-0.0003178986749161025
1861,-0.00031810886309118337
1862,-0.0003183174445898329
1863,-0.00031852459859772227
1864,-0.0003187305091441974
1865,-0.00031893536507447896
1866,-0.0003191393600115244
1867,-0.00031934099948442533
1868,-0.0003195404644753834
1869,-0.00031973879429799713
1870,-0.0003199344752326994
1871,-0.0003201276908147759
1872,-0.00032031949359618894
1873,-0.0003205083499403718
1874,-0.0003206953170641984
1875,-0.00032087884399696485
1876,-0.00032105999220299934
1877,-0.0003212380758134796
1878,-0.00032141328451858224
1879,-0.00032158581146627784
1880,-0.0003217558530885952
1881,-0.0003219218151712467
1882,-0.0003220847795866181
1883,-0.00032224494122704835
1884,-0.000322402497654959
1885,-0.0003225567382206416
1886,-0.00032270694097760136
1887,-0.0003228551251486285
1888,-0.00032299965571468093
1889,-0.0003231416452431306
1890,-0.0003232803665224302
1891,-0.0003234160115421351
1892,-0.00032354783996160037
1893,-0.0003236769742933715
1894,-0.00032380361091319265
1895,-0.0003239270039394297
1896,-0.00032404734261773377
1897,-0.0003241648172941498
1898,-0.00032427961931195574
1899,-0.00032439194091160166
1900,-0.0003245010166077049
1901,-0.00032460890308989523
1902,-0.0003247136175385105
1903,-0.0003248160020914117
1904,-0.00032491496779201465
1905,-0.00032501135761623886
1906,-0.00032510407232903127
1907,-0.00032519395593858555
1908,-0.0003252808802679114
1909,-0.0003253627483849068
1910,-0.0003254413846159885
1911,-0.00032551665523277736
1912,-0.0003255874340890886
1913,-0.00032565457036061863
1914,-0.000325717926069453
1915,-0.0003257763643453997
1916,-0.0003258307385072639
1917,-0.0003258809079904086
1918,-0.00032592673171647835
1919,-0.0003259670619226095
1920,-0.000326003767863431
1921,-0.00032603570386150973
1922,-0.00032606272887468414
1923,-0.0003260857164829977
1924,-0.000326102500553261
1925,-0.00032611598972154054
1926,-0.0003261250371143884
1927,-0.00032612849007164756
1928,-0.0003261282582300261
1929,-0.0003261231931440303
1930,-0.00032611316720663005
1931,-0.0003260990813180995
1932,-0.0003260818435953506
1933,-0.0003260592808508795
1934,-0.00032603333403152405
1935,-0.0003260028604424465
1936,-0.000325968780460054
1937,-0.00032593098697237356
1938,-0.00032588937485491436
1939,-0.00032584487693170194
1940,-0.0003257973949980126
1941,-0.00032574683275528115
1942,-0.0003256930958656987
1943,-0.00032563609199812095
1944,-0.00032557781062084727
1945,-0.00032551712690157344
1946,-0.0003254539562221733
1947,-0.00032538925748601004
1948,-0.0003253229512364662
1949,-0.00032525600227520797
1950,-0.0003251883355047184
1951,-0.0003251187842048142
1952,-0.00032504911608289536
1953,-0.00032497896447860556
1954,-0.00032490796309862454
1955,-0.00032483574607222303
1956,-0.0003247629931203091
1957,-0.000324689339952372
1958,-0.0003246144226298003
1959,-0.0003245389232232028
1960,-0.0003244624789170901
1961,-0.00032438472717285366
1962,-0.00032430739740415686
1963,-0.0003242280361248497
1964,-0.0003241483732808877
1965,-0.00032406909309343776
1966,-0.00032398774252485185
1967,-0.0003239060517122848
1968,-0.00032382470468592995
1969,-0.00032374124898665676
1970,-0.00032365845932000537
1971,-0.00032357492852770685
1972,-0.00032349029502286487
1973,-0.0003234062864462759
1974,-0.0003233214957745036
1975,-0.0003232355610953275
1976,-0.0003231502081899582
1977,-0.0003230650738015846
1978,-0.00032297979478984384
1979,-0.00032289505102421227
1980,-0.00032280943627188593
1981,-0.0003227246723926896
1982,-0.00032263935333355534
1983,-0.00032255415768910663
1984,-0.0003224697629912973
1985,-0.00032238476424021034
1986,-0.0003223008794216141
1987,-0.0003222167040759562
1988,-0.0003221329149636753
1989,-0.00032205018787545927
1990,-0.00032196712004274933
1991,-0.00032188438773959573
1992,-0.00032180266636763413
1993,-0.00032172263050369524
1994,-0.00032164184216801545
1995,-0.00032156305163264653
1996,-0.0003214838229063082
1997,-0.0003214058683863501
1998,-0.00032132986261035774
1999,-0.00032125337329944834
2000,-0.00032117914730445726
2001,-0.00032110477010980596
2002,-0.0003210320309172072
2003,-0.000320960664591131
2004,-0.0003208904068966316
2005,-0.000320820994473011
2006,-0.0003207531980806899
2007,-0.00032068778826269335
2008,-0.00032062346986728914
2009,-0.0003205610146590931
2010,-0.00032050016195250526
2011,-0.0003204416840407138
2012,-0.00032038532124185914
2013,-0.0003203318465548456
2014,-0.00032027996957441454
2015,-0.0003202304644460156
2016,-0.00032018410559235853
2017,-0.0003201385728835414
2018,-0.00032009670514836837
2019,-0.0003200561832887647
2020,-0.00032001881534118057
2021,-0.0003199833147119309
2022,-0.00031994942671897595
2023,-0.00031991896092563684
2024,-0.00031989063161939825
2025,-0.0003198641850268343
2026,-0.00031984143265594624
2027,-0.0003198210893474761
2028,-0.00031980290217139716
2029,-0.00031978765162518115
2030,-0.00031977508560815496
2031,-0.0003197639176990851
2032,-0.00031975596366783863
2033,-0.000319750972238859
2034,-0.00031974765637883415
2035,-0.00031974679907180074
2036,-0.00031974814834006963
2037,-0.00031975248919275317
2038,-0.0003197585327925339
2039,-0.00031976706463672175
2040,-0.0003197778331192043
2041,-0.0003197916263604368
2042,-0.0003198071532694591
2043,-0.0003198241608627672
2044,-0.00031984343820244367
2045,-0.00031986369014743213
2046,-0.00031988570630661926
2047,-0.00031991027945007687
2048,-0.00031993506614864974
2049,-0.0003199608568602624
2050,-0.00031998739675793904
2051,-0.00032001552839249175
2052,-0.00032004418964940893
2053,-0.0003200744668634473
2054,-0.0003201063982437129
2055,-0.0003201400226572505
2056,-0.00032017432343972916
2057,-0.00032021145195777783
2058,-0.00032024933535921576
2059,-0.0003202901322154309
2060,-0.00032033176558687296
2061,-0.0003203764017642461
2062,-0.0003204219595078506
2063,-0.00032047061333738495
2064,-0.0003205213461730648
2065,-0.00032057313516818095
2066,-0.00032062816812314913
2067,-0.0003206854260989052
2068,-0.0003207438838822854
2069,-0.00032080574362642933
2070,-0.00032086890423043443
2071,-0.00032093449586387106
2072,-0.00032100365800745277
2073,-0.00032107428075689844
2074,-0.00032114750378583806
2075,-0.0003212222948967289
2076,-0.00032130089342777794
2077,-0.00032138117613549034
2078,-0.0003214642958959443
2079,-0.0003215492152588132
2080,-0.0003216359907892289
2081,-0.00032172467981361
2082,-0.0003218153403944448
2083,-0.0003219080313054038
2084,-0.0003220028120024378
2085,-0.0003220975094798642
2086,-0.0003221955255688664
2087,-0.000322294685357278
2088,-0.0003223939164096491
2089,-0.00032249551927471135
2090,-0.0003225984248353675
2091,-0.0003227026864049802
2092,-0.00032280835738758665
2093,-0.0003229143504060265
2094,-0.00032302070911673314
2095,-0.00032312862425642265
2096,-0.0003232358473127896
2097,-0.0003233435649273388
2098,-0.00032345181920104634
2099,-0.0003235594905626633
2100,-0.00032366777418658385
2101,-0.00032377558964832967
2102,-0.00032388320453803653
2103,-0.0003239909360860095
2104,-0.00032409910398973436
2105,-0.0003242068471214586
2106,-0.00032431566607455585
2107,-0.0003244235060072975
2108,-0.000324533063930175
2109,-0.0003246410753250069
2110,-0.00032475024645293917
2111,-0.0003248584891141001
2112,-0.0003249673197072406
2113,-0.00032507584236641596
2114,-0.0003251855875573581
2115,-0.00032529443228965037
2116,-0.0003254039086612186
2117,-0.0003255131025716556
2118,-0.00032562356113567464
2119,-0.000325733125329746
2120,-0.00032584459141022265
2121,-0.00032595453710673955
2122,-0.00032606577012596365
2123,-0.0003261773556257172
2124,-0.0003262870772817121
2125,-0.0003263990386595764
2126,-0.0003265097501595026
2127,-0.00032662079057443975
2128,-0.00032673119059293675
2129,-0.0003268412557743009
2130,-0.000326952591844684
2131,-0.00032706292538292316
2132,-0.00032717386547064165
2133,-0.00032728442276561045
2134,-0.0003273949084145538
2135,-0.00032750431545230344
2136,-0.00032761294782804383
2137,-0.000327722447434082
2138,-0.0003278304658363824
2139,-0.0003279373042138853
2140,-0.0003280432683261022
2141,-0.0003281486686290866
2142,-0.0003282524588735188
2143,-0.00032835630928739314
2144,-0.0003284577988927283
2145,-0.0003285586018179642
2146,-0.0003286590356310239
2147,-0.00032875803235650497
2148,-0.0003288559019314953
2149,-0.0003289515567522841
2150,-0.0003290467072551254
2151,-0.00032914026184256435
2152,-0.00032923252243421757
2153,-0.0003293223670342263
2154,-0.0003294115197644001
2155,-0.00032949741686889367
2156,-0.0003295832311209242
2157,-0.00032966638359359964
2158,-0.0003297471658592355
2159,-0.0003298273383307236
2160,-0.0003299042800109519
2161,-0.0003299797544747866
2162,-0.00033005258898090366
2163,-0.0003301230795794773
2164,-0.00033019152697430135
2165,-0.00033025823654487944
2166,-0.0003303220093622289
2167,-0.0003303831407141693
2168,-0.00033044193048277937
2169,-0.0003304986831624357
2170,-0.00033055217279815574
2171,-0.00033060423509740505
2172,-0.00033065209200219977
2173,-0.00033069758180319863
2174,-0.0003307394509336755
2175,-0.00033077799201265635
2176,-0.00033081350222351983
2177,-0.00033084628332767554
2178,-0.00033087664168723587
2179,-0.0003309032939433681
2180,-0.00033092653589857004
2181,-0.0003309482755359123
2182,-0.00033096560951211907
2183,-0.0003309804485905879
2184,-0.00033099148001444414
2185,-0.0003310006372330268
2186,-0.00033100660388313003
2187,-0.00033100804215236134
2188,-0.0003310085536162228
2189,-0.00033100515671823544
2190,-0.0003309981558402675
2191,-0.0003309895335519167
2192,-0.00033097794425416687
2193,-0.0003309637075828877
2194,-0.00033094884089729506
2195,-0.00033093029555400917
2196,-0.00033090838749520165
2197,-0.00033088514987829863
2198,-0.00033086092860965595
2199,-0.00033083435039253607
2200,-0.00033080575283325525
2201,-0.00033077542366924937
2202,-0.0003307434329478934
2203,-0.00033070979638232445
2204,-0.0003306727744463343
2205,-0.0003306341278688719
2206,-0.0003305938747083722
2207,-0.0003305502595043405
2208,-0.0003305050642934899
2209,-0.0003304565234719441
2210,-0.00033040464093878156
2211,-0.0003303512202824285
2212,-0.0003302944814464489
2213,-0.00033023443224381013
2214,-0.0003301710819433939
2215,-0.00033010626296483625
2216,-0.00033003635001354085
2217,-0.0003299631729258195
2218,-0.000329886747260158
2219,-0.00032980893426555637
2220,-0.000329726070313521
2221,-0.0003296400146265004
2222,-0.0003295507897029672
2223,-0.00032945655447462707
2224,-0.00032936106070067573
2225,-0.0003292606006247522
2226,-0.00032915895048756796
2227,-0.00032905238593903516
2228,-0.0003289428166890159
2229,-0.0003288321741520515
2230,-0.0003287167102866047
2231,-0.0003285983556834169
2232,-0.000328477152378163
2233,-0.0003283550584291922
2234,-0.00032822829643468525
2235,-0.00032810074686265566
2236,-0.00032796861856857526
2237,-0.00032783581370212966
2238,-0.00032770046356589476
2239,-0.00032756456402674824
2240,-0.00032742429808455713
2241,-0.00032728555688403793
2242,-0.0003271445231098368
2243,-0.000327001260796285
2244,-0.00032685779506633244
2245,-0.0003267142050338182
2246,-0.0003265705714282911
2247,-0.0003264269765814298
2248,-0.0003262835044168088
2249,-0.0003261402404340926
2250,-0.000325997271699974
2251,-0.00032585462275753574
2252,-0.000325714048875198
2253,-0.0003255752628589054
2254,-0.0003254359828484137
2255,-0.00032529990063492317
2256,-0.0003251627352199128
2257,-0.0003250261856343533
2258,-0.000324889956669032
2259,-0.0003247557592297185
2260,-0.0003246212936514366
2261,-0.0003244862609579667
2262,-0.00032435237665897384
2263,-0.00032422136562200644
2264,-0.00032408890009571497
2265,-0.0003239567003097971
2266,-0.0003238244701757743
2267,-0.000323693940478123
2268,-0.00032356482051421276
2269,-0.00032343478658996866
2270,-0.0003233055741746206
2271,-0.00032317689044528727
2272,-0.00032304844204242
2273,-0.0003229199351824422
2274,-0.0003227931180610047
2275,-0.0003226677019947227
2276,-0.0003225413518569068
2277,-0.000322417868478731
2278,-0.0003222949180320969
2279,-0.00032217221073907497
2280,-0.0003220494567940485
2281,-0.00032192842094168935
2282,-0.00032180881824126346
2283,-0.00032169242130424393
2284,-0.0003215748315011069
2285,-0.00032145988060578785
2286,-0.0003213452262715805
2287,-0.0003212326473269597
2288,-0.00032112186362076285
2289,-0.0003210125951659445
2290,-0.0003209045621971433
2291,-0.0003207995537760441
2292,-0.00032069522463179897
2293,-0.0003205933668635769
2294,-0.0003204937055089052
2295,-0.0003203959658749336
2296,-0.0003203019481149317
2297,-0.00032020930587785425
2298,-0.00032011984218837075
2299,-0.00032003120896343436
2300,-0.000319947291147568
2301,-0.00031986573114431335
2302,-0.0003197862037256156
2303,-0.00031971253731456783
2304,-0.0003196381517388167
2305,-0.0003195689611309728
2306,-0.00031950255007420704
2307,-0.00031943858550411764
2308,-0.0003193788221789497
2309,-0.0003193229302277574
2310,-0.00031926848955578306
2311,-0.0003192172579486967
2312,-0.0003191709975268578
2313,-0.000319127287728526
2314,-0.00031908579786093497
2315,-0.0003190482928364738
2316,-0.00031901444489870534
2317,-0.0003189839259769322
2318,-0.00031895640762893924
2319,-0.00031893366179496646
2320,-0.00031891326086081606
2321,-0.00031889697837797417
2322,-0.00031888448786555207
2323,-0.00031887335619312264
2324,-0.0003188674665647121
2325,-0.00031886438594779095
2326,-0.00031886589567912244
2327,-0.00031886955853184827
2328,-0.0003188771572605071
2329,-0.0003188862500661071
2330,-0.00031890073744970476
2331,-0.0003189181774918845
2332,-0.0003189382406889774
2333,-0.00031896059655204395
2334,-0.00031898703667168014
2335,-0.0003190172336678127
2336,-0.0003190508592273796
2337,-0.00031908545548699956
2338,-0.0003191249472840895
2339,-0.00031916687644678945
2340,-0.0003192109103385303
2341,-0.0003192588514578958
2342,-0.0003193082324589148
2343,-0.00031936085755256675
2344,-0.00031941639551781066
2345,-0.00031947451399168465
2346,-0.00031953273230755214
2347,-0.00031959500759311444
2348,-0.00031965885891503963
2349,-0.00031972610298299837
2350,-0.00031979425177390764
2351,-0.0003198630093703305
2352,-0.00031993441681086476
2353,-0.00032000840487032205
2354,-0.00032008490413774204
2355,-0.0003201616755467349
2356,-0.0003202429854843458
2357,-0.00032032442218995013
2358,-0.0003204102626474167
2359,-0.0003204960835017987
2360,-0.00032058617277231727
2361,-0.00032067828182702333
2362,-0.0003207745295793302
2363,-0.0003208726612515005
2364,-0.0003209748019059859
2365,-0.0003210786903036081
2366,-0.0003211842548550859
2367,-0.0003212958366055535
2368,-0.00032140896449642096
2369,-0.0003215235664054083
2370,-0.0003216440043433023
2371,-0.00032176578588546375
2372,-0.00032189106296261807
2373,-0.00032201754522221505
2374,-0.0003221496243508264
2375,-0.0003222827770761295
2376,-0.0003224191699309296
2377,-0.00032256098557972086
2378,-0.0003227036758102391
2379,-0.00032284941864436125
2380,-0.0003229958929906504
2381,-0.00032314754695762
2382,-0.000323302063125834
2383,-0.00032345937721097714
2384,-0.0003236194244133413
2385,-0.000323779858018926
2386,-0.0003239451697914373
2387,-0.00032411301652636725
2388,-0.0003242810344688283
2389,-0.00032445144136418946
2390,-0.0003246264744754103
2391,-0.0003248014554626463
2392,-0.00032497629709197807
2393,-0.0003251555561769691
2394,-0.0003253345189111111
2395,-0.0003255154276726878
2396,-0.000325695866656297
2397,-0.0003258780864260126
2398,-0.00032606200785535705
2399,-0.0003262451933350561
2400,-0.00032642990594529555
2401,-0.0003266161136992353
2402,-0.0003267992406238996
2403,-0.00032698662069651163
2404,-0.00032717133718519515
2405,-0.0003273583687387975
2406,-0.0003275455442306375
2407,-0.0003277330745933915
2408,-0.00032792358497616444
2409,-0.00032811246746980075
2410,-0.00032830476918510463
2411,-0.00032849585735378144
2412,-0.0003286908079832205
2413,-0.00032888496310483014
2414,-0.00032908097392739347
2415,-0.00032927905919984184
2416,-0.00032947696992934977
2417,-0.0003296773821338996
2418,-0.00032987803484466066
2419,-0.00033008162144669735
2420,-0.00033028337014288635
2421,-0.0003304884760209303
2422,-0.00033069465413088165
2423,-0.0003308995903023662
2424,-0.00033110853051718963
2425,-0.00033131663388917266
2426,-0.0003315266356063545
2427,-0.00033173875073595446
2428,-0.0003319506339833671
2429,-0.00033216247978362315
2430,-0.00033237706354209635
2431,-0.00033259202120685267
2432,-0.0003328075531879707
2433,-0.00033302386199654554
2434,-0.00033323853882945
2435,-0.00033345700886759655
2436,-0.00033367424549872194
2437,-0.00033389307371260724
2438,-0.0003341110584288868
2439,-0.0003343310470711114
2440,-0.0003345505912482962
2441,-0.00033476988482824996
2442,-0.0003349891239358851
2443,-0.00033521120216230054
2444,-0.0003354309393290705
2445,-0.0003356485102342211
2446,-0.0003358695389978401
2447,-0.00033608606224915985
2448,-0.00033630371804743817
2449,-0.00033652271859552826
2450,-0.0003367377534291333
2451,-0.000336954541092322
2452,-0.00033716781643298256
2453,-0.0003373834229545531
2454,-0.0003375960779781408
2455,-0.0003378088587087828
2456,-0.00033801924060453245
2457,-0.0003382274941515236
2458,-0.0003384367354617286
2459,-0.0003386472713052128
2460,-0.0003388536843113492
2461,-0.0003390590988194997
2462,-0.00033926668326967935
2463,-0.00033946807114004416
2464,-0.00033967220489554135
2465,-0.00033987357602244684
2466,-0.0003400753736774129
2467,-0.0003402749574356372
2468,-0.0003404725945513151
2469,-0.00034066855455980587
2470,-0.0003408660787063361
2471,-0.0003410595129513167
2472,-0.000341252092314531
2473,-0.00034144409539854366
2474,-0.00034163580309761723
2475,-0.0003418244747583449
2476,-0.000342013397792393
2477,-0.00034219981413186013
2478,-0.0003423839808193031
2479,-0.00034256615714903596
2480,-0.0003427496836567967
2481,-0.00034292867742100557
2482,-0.000343106472651894
2483,-0.0003432833380940189
2484,-0.00034345954500533416
2485,-0.0003436322326479267
2486,-0.0003438016440107735
2487,-0.0003439711815516914
2488,-0.0003441379591003272
2489,-0.00034430540695120965
2490,-0.00034447062232938864
2491,-0.00034463066071317944
2492,-0.00034479217395255794
2493,-0.0003449522348693622
2494,-0.00034510949229735573
2495,-0.0003452654975717601
2496,-0.00034541954311601974
2497,-0.0003455722187923661
2498,-0.000345723138545903
2499,-0.00034587289821019855
2500,-0.00034602111115974294
2501,-0.00034616801527826416
2502,-0.00034631338745542945
2503,-0.0003464573024660859
2504,-0.000346599502032746
2505,-0.0003467397250675602
2506,-0.0003468783813713917
2507,-0.0003470145351675146
2508,-0.0003471485952849707
2509,-0.0003472806365842071
2510,-0.0003474100533177647
2511,-0.00034753691736917895
2512,-0.00034766095908025485
2513,-0.00034778293952451877
2514,-0.0003479019027189968
2515,-0.0003480179212644183
2516,-0.0003481314171282093
2517,-0.00034824212091915074
2518,-0.0003483501104148813
2519,-0.0003484551143016306
2520,-0.00034855721048772517
2521,-0.0003486564784476755
2522,-0.000348752645359869
2523,-0.00034884614543615367
2524,-0.00034893670668403024
2525,-0.00034902405442845927
2526,-0.00034910862695781075
2527,-0.00034919050896486736
2528,-0.00034926906673930926
2529,-0.0003493451029211805
2530,-0.0003494183438299061
2531,-0.0003494888756198888
2532,-0.00034955678541528196
2533,-0.00034962216126385465
2534,-0.00034968472660272597
2535,-0.00034974530125337066
2536,-0.00034980361123188405
2537,-0.0003498593796575372
2538,-0.0003499134342230533
2539,-0.00034996550046746157
2540,-0.0003500156720051059
2541,-0.00035006404319925583
2542,-0.00035011108183693345
2543,-0.0003501561393534905
2544,-0.00035020005863010023
2545,-0.00035024293975274417
2546,-0.000350284507574338
2547,-0.0003503252383016531
2548,-0.00035036561242445224
2549,-0.0003504053576181026
2550,-0.0003504449580474062
2551,-0.00035048446612844566
2552,-0.0003505237107785167
2553,-0.00035056284555378997
2554,-0.00035060164337666024
2555,-0.00035063987603591506
2556,-0.0003506780824970828
2557,-0.0003507148828018272
2558,-0.0003507515863451386
2559,-0.00035078719596275793
2560,-0.0003508214822592449
2561,-0.0003508553790301984
2562,-0.0003508878860090391
2563,-0.00035091955412674535
2564,-0.00035095016023852264
2565,-0.00035097987207033366
2566,-0.00035100846913389225
2567,-0.00035103573137929955
2568,-0.00035106183202295884
2569,-0.0003510865542673009
2570,-0.00035111047009298284
2571,-0.00035113257884790384
2572,-0.0003511538521303459
2573,-0.0003511736863795993
2574,-0.0003511918730392077
2575,-0.0003512093961448888
2576,-0.00035122525917334954
2577,-0.0003512404537457116
2578,-0.00035125438376737943
2579,-0.0003512672509323895
2580,-0.0003512792602875639
2581,-0.0003512906201538813
2582,-0.0003513011407553105
2583,-0.0003513106331805593
2584,-0.00035131971414471055
2585,-0.0003513281996258413
2586,-0.00035133630974679164
2587,-0.0003513442673677478
2588,-0.00035135148888016467
2589,-0.0003513586041853014
2590,-0.0003513662476757772
2591,-0.00035137343369237854
2592,-0.0003513812055971581
2593,-0.0003513893915342881
2594,-0.0003513978195340451
2595,-0.0003514071336350409
2596,-0.0003514171643454117
2597,-0.0003514281508530641
2598,-0.0003514403338060534
2599,-0.00035145354515073635
2600,-0.00035146802670205443
2601,-0.00035148358899109324
2602,-0.00035150119027918216
2603,-0.00035151971181121105
2604,-0.00035154009179450143
2605,-0.00035156162086593366
2606,-0.00035158523982566325
2607,-0.00035161023801751046
2608,-0.0003516367299859841
2609,-0.0003516648305464367
2610,-0.0003516946547872422
2611,-0.0003517259022837427
2612,-0.0003517591035556755
2613,-0.00035179395786755837
2614,-0.00035183058017784877
2615,-0.0003518686681648893
2616,-0.00035190833625431335
2617,-0.0003519501180853111
2618,-0.00035199329239129855
2619,-0.0003520383936474057
2620,-0.0003520846986777333
2621,-0.00035213316373582955
2622,-0.00035218306553453884
2623,-0.000352234942725778
2624,-0.0003522880708199091
2625,-0.0003523434130053724
2626,-0.0003524002454606638
2627,-0.000352458689042201
2628,-0.00035251929030543364
2629,-0.0003525813256790857
2630,-0.0003526457698568952
2631,-0.00035271147527301985
2632,-0.0003527789948600239
2633,-0.0003528480323024224
2634,-0.0003529191458375728
2635,-0.00035299118695267376
2636,-0.0003530651446386498
2637,-0.0003531402991032336
2638,-0.00035321721690084377
2639,-0.00035329517933724113
2640,-0.00035337518795160156
2641,-0.00035345609581411645
2642,-0.00035353891015774147
2643,-0.0003536229163763314
2644,-0.000353708696352152
2645,-0.00035379597005847534
2646,-0.00035388445770434345
2647,-0.0003539738796720796
2648,-0.0003540652621009215
2649,-0.0003541574593013194
2650,-0.0003542510664663017
2651,-0.0003543454003231417
2652,-0.0003544416377400714
2653,-0.00035453923814860366
2654,-0.0003546385368368691
2655,-0.00035473943234028935
2656,-0.00035484226372698
2657,-0.0003549473728390829
2658,-0.00035505466257029306
2659,-0.0003551640357328866
2660,-0.00035527583801388366
2661,-0.0003553895300070359
2662,-0.0003555059025540657
2663,-0.00035562441598243645
2664,-0.00035574497300927836
2665,-0.0003558683690466567
2666,-0.0003559945096398634
2667,-0.0003561228510879172
2668,-0.00035625374366055545
2669,-0.00035638753958899935
2670,-0.0003565241423719199
2671,-0.0003566634542032558
2672,-0.0003568053758801538
2673,-0.00035695025993094334
2674,-0.00035709800669785974
2675,-0.000357248514968581
2676,-0.0003574016819175799
2677,-0.00035755785980696146
2678,-0.00035771648752279834
2679,-0.0003578774571729383
2680,-0.000358041578165542
2681,-0.00035820782381659576
2682,-0.00035837700389415236
2683,-0.00035854900935999086
2684,-0.00035872326612366534
2685,-0.0003589001233479058
2686,-0.0003590794671637203
2687,-0.0003592607156467728
2688,-0.00035944468383689753
2689,-0.0003596303192413025
2690,-0.0003598179685091235
2691,-0.0003600070395998625
2692,-0.00036019787854337806
2693,-0.00036039036146922265
2694,-0.0003605838891345728
2695,-0.0003607788071679665
2696,-0.0003609749881912274
2697,-0.0003611718261416435
2698,-0.00036136966687609905
2699,-0.0003615678999779376
2700,-0.0003617673530025381
2701,-0.0003619664980002369
2702,-0.0003621668861224294
2703,-0.0003623672229756039
2704,-0.0003625686318274086
2705,-0.000362770785284243
2706,-0.00036297433021619083
2707,-0.0003631784502677066
2708,-0.00036338379478709134
2709,-0.00036359003484798925
2710,-0.0003637978263988753
2711,-0.00036400684190386655
2712,-0.00036421675044104616
2713,-0.00036442871240772155
2714,-0.0003646414031157566
2715,-0.0003648559885542641
2716,-0.00036507214056530265
2717,-0.00036529003135301154
2718,-0.00036550983521159707
2719,-0.000365731221512373
2720,-0.00036595487270169426
2721,-0.00036618045921102497
2722,-0.00036640764732274404
2723,-0.0003666366121618146
2724,-0.0003668670158921399
2725,-0.0003670995487688673
2726,-0.00036733335521852437
2727,-0.00036756860751920386
2728,-0.00036780547941089284
2729,-0.0003680436231243624
2730,-0.00036828321015323174
2731,-0.00036852441323535274
2732,-0.00036876687827905633
2733,-0.00036901077519857056
2734,-0.0003692562749440052
2735,-0.0003695030161851593
2736,-0.0003697511665088825
2737,-0.0003700003574826491
2738,-0.0003702507529392409
2739,-0.00037050197690446533
2740,-0.00037075418910777566
2741,-0.00037100700564061826
2742,-0.00037126112797111223
2743,-0.0003715156215703145
2744,-0.0003717706371507328
2745,-0.0003720263259084362
2746,-0.00037228228569890804
2747,-0.0003725386628790877
2748,-0.00037279560430458536
2749,-0.0003730526975739927
2750,-0.0003733095228296779
2751,-0.00037356680512117603
2752,-0.00037382311432130195
2753,-0.00037407929447632373
2754,-0.0003743356302113073
2755,-0.00037459126443126857
2756,-0.0003748464742668515
2757,-0.0003751009630841487
2758,-0.00037535558532993053
2759,-0.0003756100455438179
2760,-0.0003758640425593671
2761,-0.0003761178544267519
2762,-0.0003763717622148038
2763,-0.0003766248714579194
2764,-0.000376878047880345
2765,-0.0003771309817773722
2766,-0.000377383357883654
2767,-0.00037763545364429045
2768,-0.00037788694941943496
2769,-0.0003781381228703378
2770,-0.0003783886501141038
2771,-0.0003786388091953949
2772,-0.00037888827208043795
2773,-0.0003791373173213102
2774,-0.0003793856127802465
2775,-0.0003796334375961507
2776,-0.00037988107477327643
2777,-0.00038012818959533013
2778,-0.000380373817641783
2779,-0.0003806194849550214
2780,-0.00038086422524562084
2781,-0.0003811076880188287
2782,-0.0003813501506244082
2783,-0.00038159189421563234
2784,-0.0003818319262898442
2785,-0.0003820711619035675
2786,-0.00038230988603500914
2787,-0.0003825464487416808
2788,-0.0003827824171849613
2789,-0.00038301742844285
2790,-0.0003832511130062385
2791,-0.0003834830946437335
2792,-0.0003837143079950761
2793,-0.00038394437833040075
2794,-0.00038417292390179866
2795,-0.00038440022236492174
2796,-0.0003846258852717995
2797,-0.00038485086026904703
2798,-0.00038507475962143434
2799,-0.0003852965111203382
2800,-0.0003855177426330949
2801,-0.00038573736126332306
2802,-0.0003859548773453602
2803,-0.00038617183865717185
2804,-0.0003863870551021061
2805,-0.00038660000940946373
2806,-0.00038681226089196146
2807,-0.00038702190123690957
2808,-0.0003872297939497317
2809,-0.00038743611088815435
2810,-0.00038764031898322625
2811,-0.0003878432927448971
2812,-0.0003880430732150193
2813,-0.00038824124014460613
2814,-0.00038843724575742666
2815,-0.00038863053258722324
2816,-0.00038882197739167554
2817,-0.0003890102947583581
2818,-0.00038919636083859264
2819,-0.00038937887365855957
2820,-0.0003895594415277759
2821,-0.00038973748937675166
2822,-0.0003899124326906475
2823,-0.00039008515879863513
2824,-0.0003902543371849526
2825,-0.00039042160117192583
2826,-0.0003905856124662744
2827,-0.00039074651554033896
2828,-0.0003909052103467935
2829,-0.00039106109606708257
2830,-0.00039121432221206543
2831,-0.00039136427834528525
2832,-0.0003915111098288396
2833,-0.0003916557310463306
2834,-0.00039179752964920735
2835,-0.0003919366572167533
2836,-0.0003920724927040497
2837,-0.000392205961851227
2838,-0.0003923372231261094
2839,-0.00039246565482079973
2840,-0.00039259219777155254
2841,-0.00039271623019471847
2842,-0.000392837912979707
2843,-0.00039295661687069165
2844,-0.0003930740914008578
2845,-0.00039318891751645684
2846,-0.000393302860609313
2847,-0.0003934136942677039
2848,-0.0003935231923218526
2849,-0.00039363153572061785
2850,-0.0003937389084406353
2851,-0.00039384463231172915
2852,-0.00039394862779433006
2853,-0.0003940515810590657
2854,-0.0003941533674478068
2855,-0.0003942530391567946
2856,-0.00039435128898893514
2857,-0.0003944471638617415
2858,-0.00039454136118991054
2859,-0.00039463375540756465
2860,-0.000394723385903885
2861,-0.00039481095721878313
2862,-0.00039489634373302506
2863,-0.0003949794198676715
2864,-0.0003950600601310622
2865,-0.0003951381391399035
2866,-0.0003952143807726464
2867,-0.0003952869640660337
2868,-0.00039535746468314905
2869,-0.0003954257648648625
2870,-0.0003954908887904361
2871,-0.0003955544333427635
2872,-0.00039561456268491724
2873,-0.0003956720182425283
2874,-0.00039572668347272243
2875,-0.00039577931146071645
2876,-0.0003958289212940986
2877,-0.0003958762709807421
2878,-0.00039592125163576716
2879,-0.00039596375463132633
2880,-0.0003960036716083171
2881,-0.0003960408944746673
2882,-0.00039607708373840434
2883,-0.00039611037174326933
2884,-0.0003961415393699063
2885,-0.00039617137584832665
2886,-0.00039619889401247115
2887,-0.00039622488734449994
2888,-0.00039624926109621745
2889,-0.00039627281876847097
2890,-0.0003962936711057717
2891,-0.0003963144238547535
2892,-0.00039633318564593587
2893,-0.0003963516734080149
2894,-0.0003963688955844146
2895,-0.0003963847625315136
2896,-0.00039640100757024754
2897,-0.00039641663824624613
2898,-0.00039643156958346355
2899,-0.0003964475505172054
2900,-0.00039646266828184223
2901,-0.00039647864204838377
2902,-0.00039649521466091135
2903,-0.00039651209071854917
2904,-0.0003965289725923724
2905,-0.00039654556044191336
2906,-0.0003965634117378473
2907,-0.000396581301372483
2908,-0.00039659892825566793
2909,-0.00039661692418435076
2910,-0.0003966349890714629
2911,-0.0003966528207580393
2912,-0.00039667105526684896
2913,-0.0003966893916169892
2914,-0.00039670752691179013
2915,-0.00039672610173273413
2916,-0.00039674576167768105
2917,-0.00039676431133009866
2918,-0.0003967833416795322
2919,-0.0003968025515694383
2920,-0.0003968216384373592
2921,-0.0003968412537793109
2922,-0.00039686109753614966
2923,-0.0003968808685727586
2924,-0.00039690122509156926
2925,-0.0003969218691100424
2926,-0.0003969415383953598
2927,-0.00039696282430538946
2928,-0.00039698350330355763
2929,-0.00039700521216079883
2930,-0.00039702669033501087
2931,-0.00039704861398487466
2932,-0.00039707166572187154
2933,-0.00039709458506769293
2934,-0.00039711708179923655
2935,-0.0003971408220461356
2936,-0.0003971655259168287
2937,-0.00039718993283244166
2938,-0.00039721474196505586
2939,-0.00039724065946161627
2940,-0.0003972664265997105
2941,-0.00039729374157312025
2942,-0.0003973213486543076
2943,-0.0003973489771882427
2944,-0.0003973783417273479
2945,-0.0003974081886461796
2946,-0.0003974382540481843
2947,-0.00039747026859011697
2948,-0.0003975019817971869
2949,-0.00039753513156784296
2950,-0.00039756946529769535
2951,-0.00039760474229326166
2952,-0.0003976417738417882
2953,-0.0003976793765841455
2954,-0.0003977173690684419
2955,-0.0003977585989609176
2956,-0.00039779986507692037
2957,-0.00039784402416682057
2958,-0.0003978898935727515
2959,-0.00039793729957990457
2960,-0.0003979870853142482
2961,-0.00039803907979708364
2962,-0.0003980920895422438
2963,-0.0003981490039459105
2964,-0.00039820658382980434
2965,-0.0003982677247437414
2966,-0.0003983302010486234
2967,-0.0003983958892917948
2968,-0.000398464614564708
2969,-0.000398535166241853
2970,-0.0003986083933132711
2971,-0.0003986841121811534
2972,-0.0003987631743365262
2973,-0.00039884539505162764
2974,-0.0003989295443908873
2975,-0.0003990164691346483
2976,-0.00039910597430794093
2977,-0.00039919890882246024
2978,-0.00039929507629633934
2979,-0.0003993932257970948
2980,-0.00039949420150884495
2981,-0.0003995977969182975
2982,-0.00039970380229995624
2983,-0.0003998130636919801
2984,-0.00039992431037695804
2985,-0.00040003838664483775
2986,-0.0004001540125113541
2987,-0.00040027309822102743
2988,-0.0004003932924999898
2989,-0.0004005165098243421
2990,-0.00040064253352862155
2991,-0.0004007700705996449
2992,-0.00040089889598053744
2993,-0.00040102986343946854
2994,-0.00040116383505275417
2995,-0.0004012984303016083
2996,-0.0004014345096466004
2997,-0.0004015718548662877
2998,-0.0004017113393214843
2999,-0.0004018505686506036
3000,-0.00040199151219087525
